zone_id,timestamp,temperature,humidity,wind_speed,air_quality
Zone01,2024-01-01T00:00:00,29.25,67.37,3.25,39.52
Zone02,2024-01-01T00:00:00,28.49,55.09,4.24,74.99
Zone03,2024-01-01T00:00:00,20.59,56.89,2.97,44.51
Zone04,2024-01-01T00:00:00,20.98,53.29,3.48,53.88
Zone05,2024-01-01T00:00:00,22.42,37.6,3.14,74.22
Zone06,2024-01-01T00:00:00,27.54,66.11,4.01,43.71
Zone07,2024-01-01T00:00:00,27.53,69.85,4.92,51.47
Zone08,2024-01-01T00:00:00,24.96,66.93,3.94,60.28
Zone09,2024-01-01T00:00:00,24.49,51.51,2.51,67.62
Zone10,2024-01-01T00:00:00,28.09,46.78,2.45,58.94
Zone11,2024-01-01T00:00:00,23.05,62.26,3.11,49.0
Zone12,2024-01-01T00:00:00,24.18,76.5,2.44,38.7
Zone01,2024-01-01T00:30:00,22.09,58.38,3.7,30.81
Zone02,2024-01-01T00:30:00,26.05,64.07,2.43,50.13
Zone03,2024-01-01T00:30:00,24.35,84.09,2.35,58.85
Zone04,2024-01-01T00:30:00,26.1,64.28,2.07,39.08
Zone05,2024-01-01T00:30:00,25.66,46.68,2.43,69.27
Zone06,2024-01-01T00:30:00,23.83,40.55,4.63,42.64
Zone07,2024-01-01T00:30:00,31.53,71.01,4.1,34.02
Zone08,2024-01-01T00:30:00,24.61,57.26,2.56,46.16
Zone09,2024-01-01T00:30:00,23.85,68.5,2.44,58.03
Zone10,2024-01-01T00:30:00,23.69,60.17,1.42,52.4
Zone11,2024-01-01T00:30:00,26.74,49.08,0.92,26.72
Zone12,2024-01-01T00:30:00,24.34,80.26,3.74,55.24
Zone01,2024-01-01T01:00:00,21.84,64.93,2.61,61.86
Zone02,2024-01-01T01:00:00,21.18,55.57,2.37,59.96
Zone03,2024-01-01T01:00:00,23.7,40.29,1.02,50.71
Zone04,2024-01-01T01:00:00,24.37,62.13,2.86,45.16
Zone05,2024-01-01T01:00:00,23.15,76.3,3.88,33.98
Zone06,2024-01-01T01:00:00,26.7,67.29,2.13,46.48
Zone07,2024-01-01T01:00:00,24.35,38.14,3.59,42.36
Zone08,2024-01-01T01:00:00,23.06,67.33,3.57,46.11
Zone09,2024-01-01T01:00:00,24.42,69.38,3.47,59.91
Zone10,2024-01-01T01:00:00,24.39,61.41,3.4,14.21
Zone11,2024-01-01T01:00:00,23.19,78.25,1.64,53.52
Zone12,2024-01-01T01:00:00,23.27,58.02,2.77,32.99
Zone01,2024-01-01T01:30:00,28.59,63.07,5.09,53.28
Zone02,2024-01-01T01:30:00,25.23,59.72,3.95,31.18
Zone03,2024-01-01T01:30:00,22.98,55.23,2.99,51.14
Zone04,2024-01-01T01:30:00,21.75,52.99,2.72,48.48
Zone05,2024-01-01T01:30:00,28.35,60.81,3.18,53.55
Zone06,2024-01-01T01:30:00,29.35,65.39,3.8,73.46
Zone07,2024-01-01T01:30:00,22.62,74.53,3.51,29.16
Zone08,2024-01-01T01:30:00,22.76,53.79,3.43,52.13
Zone09,2024-01-01T01:30:00,26.94,73.99,3.09,45.08
Zone10,2024-01-01T01:30:00,24.59,54.0,2.75,39.74
Zone11,2024-01-01T01:30:00,30.7,50.81,2.08,30.25
Zone12,2024-01-01T01:30:00,32.32,83.84,3.51,39.17
Zone01,2024-01-01T02:00:00,17.34,58.67,3.1,22.76
Zone02,2024-01-01T02:00:00,24.01,44.75,4.09,45.81
Zone03,2024-01-01T02:00:00,30.75,53.02,1.6,23.7
Zone04,2024-01-01T02:00:00,21.57,63.72,2.32,28.51
Zone05,2024-01-01T02:00:00,30.26,71.43,3.91,31.88
Zone06,2024-01-01T02:00:00,26.61,66.49,2.03,50.09
Zone07,2024-01-01T02:00:00,26.69,44.56,2.59,43.02
Zone08,2024-01-01T02:00:00,26.5,54.29,1.67,55.1
Zone09,2024-01-01T02:00:00,26.02,45.79,3.94,64.24
Zone10,2024-01-01T02:00:00,32.07,61.05,2.93,54.32
Zone11,2024-01-01T02:00:00,27.1,65.44,3.52,60.59
Zone12,2024-01-01T02:00:00,22.98,63.99,3.13,53.21
Zone01,2024-01-01T02:30:00,25.67,66.53,3.35,65.34
Zone02,2024-01-01T02:30:00,20.74,50.13,3.49,53.27
Zone03,2024-01-01T02:30:00,23.27,76.47,3.07,75.7
Zone04,2024-01-01T02:30:00,32.76,55.01,3.27,61.15
Zone05,2024-01-01T02:30:00,24.23,65.18,2.49,32.57
Zone06,2024-01-01T02:30:00,27.19,75.2,2.89,51.15
Zone07,2024-01-01T02:30:00,25.15,70.02,4.85,51.9
Zone08,2024-01-01T02:30:00,22.58,61.99,5.04,46.74
Zone09,2024-01-01T02:30:00,22.14,58.48,3.7,67.83
Zone10,2024-01-01T02:30:00,27.86,48.66,3.32,36.49
Zone11,2024-01-01T02:30:00,22.79,70.71,3.59,33.58
Zone12,2024-01-01T02:30:00,19.86,63.05,1.87,52.04
Zone01,2024-01-01T03:00:00,23.16,49.12,4.57,60.17
Zone02,2024-01-01T03:00:00,23.16,56.99,4.92,34.22
Zone03,2024-01-01T03:00:00,24.14,60.04,2.51,54.89
Zone04,2024-01-01T03:00:00,26.87,69.87,2.51,49.05
Zone05,2024-01-01T03:00:00,30.25,64.36,3.14,59.9
Zone06,2024-01-01T03:00:00,26.77,73.12,2.16,40.23
Zone07,2024-01-01T03:00:00,31.09,60.18,1.84,55.16
Zone08,2024-01-01T03:00:00,22.28,48.78,1.86,59.69
Zone09,2024-01-01T03:00:00,27.11,66.1,3.03,76.32
Zone10,2024-01-01T03:00:00,23.25,61.8,2.29,26.57
Zone11,2024-01-01T03:00:00,24.6,53.13,3.35,51.09
Zone12,2024-01-01T03:00:00,25.01,68.14,3.17,50.63
Zone01,2024-01-01T03:30:00,30.08,59.29,5.43,17.88
Zone02,2024-01-01T03:30:00,21.64,37.41,4.04,43.12
Zone03,2024-01-01T03:30:00,29.27,81.17,2.89,37.55
Zone04,2024-01-01T03:30:00,29.14,61.17,4.63,46.15
Zone05,2024-01-01T03:30:00,23.17,39.47,2.39,28.3
Zone06,2024-01-01T03:30:00,25.61,53.98,2.06,78.91
Zone07,2024-01-01T03:30:00,23.45,59.93,2.56,14.41
Zone08,2024-01-01T03:30:00,25.03,67.15,3.59,46.92
Zone09,2024-01-01T03:30:00,24.09,43.88,1.33,42.11
Zone10,2024-01-01T03:30:00,28.21,63.02,3.08,37.86
Zone11,2024-01-01T03:30:00,26.26,58.98,3.38,74.42
Zone12,2024-01-01T03:30:00,30.38,50.51,2.11,41.36
Zone01,2024-01-01T04:00:00,22.27,74.5,2.86,49.34
Zone02,2024-01-01T04:00:00,26.61,61.85,2.42,30.24
Zone03,2024-01-01T04:00:00,26.2,47.94,4.51,67.71
Zone04,2024-01-01T04:00:00,23.62,62.04,1.69,46.09
Zone05,2024-01-01T04:00:00,20.97,62.88,3.2,60.47
Zone06,2024-01-01T04:00:00,26.63,67.81,1.49,61.38
Zone07,2024-01-01T04:00:00,25.04,59.0,2.66,52.74
Zone08,2024-01-01T04:00:00,20.83,77.34,3.43,52.92
Zone09,2024-01-01T04:00:00,27.24,39.79,3.69,49.23
Zone10,2024-01-01T04:00:00,27.4,78.49,3.44,43.19
Zone11,2024-01-01T04:00:00,24.96,65.35,3.33,76.93
Zone12,2024-01-01T04:00:00,28.9,65.83,4.89,40.89
Zone01,2024-01-01T04:30:00,23.57,58.12,3.08,37.95
Zone02,2024-01-01T04:30:00,27.31,44.81,4.87,51.67
Zone03,2024-01-01T04:30:00,27.0,63.02,2.65,40.25
Zone04,2024-01-01T04:30:00,20.71,61.13,2.9,44.01
Zone05,2024-01-01T04:30:00,30.15,59.98,3.32,49.14
Zone06,2024-01-01T04:30:00,25.76,53.84,2.72,47.83
Zone07,2024-01-01T04:30:00,22.92,57.54,2.72,59.93
Zone08,2024-01-01T04:30:00,25.28,65.87,4.27,50.16
Zone09,2024-01-01T04:30:00,28.18,61.12,3.72,54.68
Zone10,2024-01-01T04:30:00,22.09,63.5,2.69,44.8
Zone11,2024-01-01T04:30:00,23.07,53.12,3.51,50.75
Zone12,2024-01-01T04:30:00,23.59,49.5,3.71,48.28
Zone01,2024-01-01T05:00:00,18.39,58.77,3.78,34.47
Zone02,2024-01-01T05:00:00,25.84,58.78,2.2,77.32
Zone03,2024-01-01T05:00:00,25.04,51.71,4.49,52.55
Zone04,2024-01-01T05:00:00,29.57,68.36,2.57,55.17
Zone05,2024-01-01T05:00:00,22.12,62.02,-0.21,42.92
Zone06,2024-01-01T05:00:00,23.9,67.07,3.58,65.47
Zone07,2024-01-01T05:00:00,27.13,46.77,1.29,32.24
Zone08,2024-01-01T05:00:00,24.55,61.97,3.81,42.8
Zone09,2024-01-01T05:00:00,27.39,57.39,2.44,29.72
Zone10,2024-01-01T05:00:00,19.84,60.61,4.11,68.42
Zone11,2024-01-01T05:00:00,20.61,59.75,3.22,50.7
Zone12,2024-01-01T05:00:00,25.87,57.72,2.2,58.01
Zone01,2024-01-01T05:30:00,28.79,39.83,3.22,73.69
Zone02,2024-01-01T05:30:00,24.03,56.46,3.03,31.19
Zone03,2024-01-01T05:30:00,25.42,51.38,-0.39,57.37
Zone04,2024-01-01T05:30:00,25.61,63.3,3.36,49.59
Zone05,2024-01-01T05:30:00,20.51,61.96,2.61,68.93
Zone06,2024-01-01T05:30:00,21.15,55.15,2.19,41.77
Zone07,2024-01-01T05:30:00,22.15,49.59,3.1,59.21
Zone08,2024-01-01T05:30:00,19.98,49.88,2.17,22.24
Zone09,2024-01-01T05:30:00,26.63,64.08,3.53,49.97
Zone10,2024-01-01T05:30:00,30.38,63.32,0.7,37.37
Zone11,2024-01-01T05:30:00,30.71,42.0,3.24,70.35
Zone12,2024-01-01T05:30:00,18.0,61.17,2.29,62.03
Zone01,2024-01-01T06:00:00,26.19,61.61,3.21,39.34
Zone02,2024-01-01T06:00:00,30.97,50.91,1.64,54.55
Zone03,2024-01-01T06:00:00,26.05,68.47,3.59,30.71
Zone04,2024-01-01T06:00:00,22.06,66.24,1.53,69.61
Zone05,2024-01-01T06:00:00,24.04,54.56,4.29,45.97
Zone06,2024-01-01T06:00:00,27.49,44.16,2.29,65.69
Zone07,2024-01-01T06:00:00,26.14,80.84,5.7,56.53
Zone08,2024-01-01T06:00:00,22.74,68.86,4.34,62.34
Zone09,2024-01-01T06:00:00,27.01,76.15,1.53,64.77
Zone10,2024-01-01T06:00:00,25.7,48.96,3.63,48.63
Zone11,2024-01-01T06:00:00,26.57,72.53,1.73,64.68
Zone12,2024-01-01T06:00:00,26.56,76.62,3.51,45.04
Zone01,2024-01-01T06:30:00,27.76,55.82,1.89,26.82
Zone02,2024-01-01T06:30:00,20.89,61.19,3.54,59.13
Zone03,2024-01-01T06:30:00,28.85,51.86,2.27,40.85
Zone04,2024-01-01T06:30:00,30.45,47.92,3.44,48.67
Zone05,2024-01-01T06:30:00,23.07,53.9,1.81,37.51
Zone06,2024-01-01T06:30:00,26.02,60.47,2.82,2.63
Zone07,2024-01-01T06:30:00,24.21,73.87,4.02,68.84
Zone08,2024-01-01T06:30:00,23.08,47.06,2.15,42.93
Zone09,2024-01-01T06:30:00,21.45,57.15,3.52,81.37
Zone10,2024-01-01T06:30:00,20.77,86.45,2.28,31.81
Zone11,2024-01-01T06:30:00,21.24,74.71,2.36,27.18
Zone12,2024-01-01T06:30:00,23.66,80.48,3.51,54.79
Zone01,2024-01-01T07:00:00,22.3,56.76,2.96,37.04
Zone02,2024-01-01T07:00:00,28.29,50.83,3.57,44.63
Zone03,2024-01-01T07:00:00,29.34,49.71,3.34,56.29
Zone04,2024-01-01T07:00:00,22.98,71.27,4.38,58.52
Zone05,2024-01-01T07:00:00,22.62,49.81,2.69,43.62
Zone06,2024-01-01T07:00:00,23.84,64.93,1.97,42.65
Zone07,2024-01-01T07:00:00,25.0,64.39,4.34,50.59
Zone08,2024-01-01T07:00:00,27.37,54.59,2.43,36.69
Zone09,2024-01-01T07:00:00,27.06,74.34,3.09,64.13
Zone10,2024-01-01T07:00:00,25.0,72.77,2.46,64.48
Zone11,2024-01-01T07:00:00,21.33,59.2,3.91,52.43
Zone12,2024-01-01T07:00:00,21.59,58.44,3.32,60.59
Zone01,2024-01-01T07:30:00,29.32,65.74,2.99,48.37
Zone02,2024-01-01T07:30:00,26.16,72.13,2.56,28.74
Zone03,2024-01-01T07:30:00,27.16,58.15,3.68,65.78
Zone04,2024-01-01T07:30:00,20.41,61.74,2.4,64.21
Zone05,2024-01-01T07:30:00,20.84,61.24,3.22,49.84
Zone06,2024-01-01T07:30:00,28.09,43.15,3.63,49.55
Zone07,2024-01-01T07:30:00,23.57,43.0,2.32,45.49
Zone08,2024-01-01T07:30:00,24.8,62.1,2.58,49.64
Zone09,2024-01-01T07:30:00,21.56,63.81,3.91,55.87
Zone10,2024-01-01T07:30:00,22.23,65.52,0.49,35.39
Zone11,2024-01-01T07:30:00,23.13,65.95,3.97,28.11
Zone12,2024-01-01T07:30:00,26.57,57.48,2.14,66.15
Zone01,2024-01-01T08:00:00,23.92,70.64,1.5,59.19
Zone02,2024-01-01T08:00:00,27.83,49.17,3.2,45.65
Zone03,2024-01-01T08:00:00,24.85,68.68,2.63,48.22
Zone04,2024-01-01T08:00:00,24.91,38.61,1.67,58.29
Zone05,2024-01-01T08:00:00,22.58,61.88,2.57,82.5
Zone06,2024-01-01T08:00:00,28.98,64.27,4.36,29.53
Zone07,2024-01-01T08:00:00,29.85,53.86,2.69,68.59
Zone08,2024-01-01T08:00:00,24.12,60.03,2.79,73.08
Zone09,2024-01-01T08:00:00,25.56,52.03,2.62,33.93
Zone10,2024-01-01T08:00:00,22.23,53.44,1.14,59.07
Zone11,2024-01-01T08:00:00,26.62,61.92,2.15,62.83
Zone12,2024-01-01T08:00:00,26.43,51.6,3.93,44.77
Zone01,2024-01-01T08:30:00,27.65,56.71,3.77,31.96
Zone02,2024-01-01T08:30:00,22.93,70.16,1.63,55.21
Zone03,2024-01-01T08:30:00,24.73,51.44,3.32,38.96
Zone04,2024-01-01T08:30:00,32.67,52.46,4.36,61.48
Zone05,2024-01-01T08:30:00,25.18,59.35,2.53,60.39
Zone06,2024-01-01T08:30:00,23.88,45.44,2.29,41.13
Zone07,2024-01-01T08:30:00,22.84,54.48,3.07,23.94
Zone08,2024-01-01T08:30:00,22.45,45.57,2.36,59.89
Zone09,2024-01-01T08:30:00,26.29,63.2,3.94,36.28
Zone10,2024-01-01T08:30:00,28.25,46.91,1.95,79.19
Zone11,2024-01-01T08:30:00,27.86,72.87,4.08,21.52
Zone12,2024-01-01T08:30:00,17.8,55.37,4.72,99.28
Zone01,2024-01-01T09:00:00,26.49,75.32,3.05,50.06
Zone02,2024-01-01T09:00:00,20.61,44.23,2.61,73.89
Zone03,2024-01-01T09:00:00,25.22,66.56,3.5,39.93
Zone04,2024-01-01T09:00:00,24.13,64.16,3.22,64.11
Zone05,2024-01-01T09:00:00,27.6,82.07,3.79,35.92
Zone06,2024-01-01T09:00:00,19.36,53.88,3.03,60.54
Zone07,2024-01-01T09:00:00,27.28,64.57,2.44,40.11
Zone08,2024-01-01T09:00:00,23.96,60.11,4.29,55.56
Zone09,2024-01-01T09:00:00,24.94,59.35,4.72,38.87
Zone10,2024-01-01T09:00:00,24.81,73.8,3.67,43.47
Zone11,2024-01-01T09:00:00,26.14,69.41,2.75,56.16
Zone12,2024-01-01T09:00:00,25.01,60.34,2.89,37.81
Zone01,2024-01-01T09:30:00,21.44,79.45,3.14,43.77
Zone02,2024-01-01T09:30:00,22.74,69.55,2.69,13.68
Zone03,2024-01-01T09:30:00,20.14,57.16,3.05,61.72
Zone04,2024-01-01T09:30:00,25.97,71.94,3.25,79.73
Zone05,2024-01-01T09:30:00,25.97,80.15,1.4,78.87
Zone06,2024-01-01T09:30:00,29.47,56.18,2.59,32.25
Zone07,2024-01-01T09:30:00,25.21,65.76,2.57,49.89
Zone08,2024-01-01T09:30:00,26.57,39.02,3.82,79.63
Zone09,2024-01-01T09:30:00,26.74,52.57,2.14,42.35
Zone10,2024-01-01T09:30:00,25.24,51.2,3.24,44.58
Zone11,2024-01-01T09:30:00,26.03,68.59,2.87,52.48
Zone12,2024-01-01T09:30:00,28.14,62.15,2.58,58.75
Zone01,2024-01-01T10:00:00,28.33,57.5,2.32,41.06
Zone02,2024-01-01T10:00:00,26.7,63.96,2.96,42.94
Zone03,2024-01-01T10:00:00,20.51,57.02,2.23,56.14
Zone04,2024-01-01T10:00:00,23.05,62.27,3.77,66.52
Zone05,2024-01-01T10:00:00,29.15,48.32,4.25,45.55
Zone06,2024-01-01T10:00:00,24.62,42.4,4.28,49.36
Zone07,2024-01-01T10:00:00,27.67,50.5,3.04,48.55
Zone08,2024-01-01T10:00:00,26.47,71.73,2.24,24.79
Zone09,2024-01-01T10:00:00,16.03,60.77,2.14,48.8
Zone10,2024-01-01T10:00:00,25.29,52.64,2.39,60.19
Zone11,2024-01-01T10:00:00,23.38,70.45,2.42,59.98
Zone12,2024-01-01T10:00:00,28.91,59.52,3.87,41.69
Zone01,2024-01-01T10:30:00,21.84,75.24,4.94,64.93
Zone02,2024-01-01T10:30:00,27.17,59.86,2.75,55.3
Zone03,2024-01-01T10:30:00,27.13,54.97,4.35,67.02
Zone04,2024-01-01T10:30:00,25.34,59.53,4.3,37.82
Zone05,2024-01-01T10:30:00,26.28,52.54,2.55,48.43
Zone06,2024-01-01T10:30:00,25.33,57.85,3.5,71.54
Zone07,2024-01-01T10:30:00,19.83,59.3,3.68,54.88
Zone08,2024-01-01T10:30:00,27.6,40.69,0.94,49.72
Zone09,2024-01-01T10:30:00,28.69,84.87,4.04,73.84
Zone10,2024-01-01T10:30:00,21.32,75.86,3.87,33.34
Zone11,2024-01-01T10:30:00,25.26,50.8,2.59,61.78
Zone12,2024-01-01T10:30:00,25.9,60.72,2.08,51.44
Zone01,2024-01-01T11:00:00,23.3,50.75,2.55,35.42
Zone02,2024-01-01T11:00:00,17.01,61.82,3.2,48.72
Zone03,2024-01-01T11:00:00,27.18,67.97,2.49,32.44
Zone04,2024-01-01T11:00:00,20.22,57.31,2.67,84.92
Zone05,2024-01-01T11:00:00,24.78,55.0,2.95,66.45
Zone06,2024-01-01T11:00:00,19.94,65.58,1.74,55.75
Zone07,2024-01-01T11:00:00,22.56,59.99,2.63,42.12
Zone08,2024-01-01T11:00:00,20.31,51.92,2.14,35.68
Zone09,2024-01-01T11:00:00,24.08,56.47,4.23,38.43
Zone10,2024-01-01T11:00:00,24.89,55.7,2.82,48.74
Zone11,2024-01-01T11:00:00,26.59,56.87,3.16,64.24
Zone12,2024-01-01T11:00:00,25.95,54.43,4.56,39.02
Zone01,2024-01-01T11:30:00,23.1,45.82,2.45,50.62
Zone02,2024-01-01T11:30:00,25.36,56.38,4.06,42.87
Zone03,2024-01-01T11:30:00,26.93,71.68,1.86,58.11
Zone04,2024-01-01T11:30:00,25.66,62.48,2.58,37.03
Zone05,2024-01-01T11:30:00,23.06,67.96,2.41,70.31
Zone06,2024-01-01T11:30:00,26.68,61.15,4.93,48.6
Zone07,2024-01-01T11:30:00,27.16,64.77,3.96,63.18
Zone08,2024-01-01T11:30:00,25.1,55.08,2.95,30.56
Zone09,2024-01-01T11:30:00,25.16,62.29,3.33,43.33
Zone10,2024-01-01T11:30:00,26.79,55.18,1.73,56.47
Zone11,2024-01-01T11:30:00,22.7,56.02,3.2,16.78
Zone12,2024-01-01T11:30:00,29.51,67.15,2.16,25.22
Zone01,2024-01-01T12:00:00,21.27,57.67,2.83,54.18
Zone02,2024-01-01T12:00:00,28.35,50.05,2.85,46.91
Zone03,2024-01-01T12:00:00,28.73,65.25,3.39,38.03
Zone04,2024-01-01T12:00:00,25.91,49.67,2.79,60.39
Zone05,2024-01-01T12:00:00,26.15,67.3,3.62,63.28
Zone06,2024-01-01T12:00:00,23.54,63.4,2.06,27.9
Zone07,2024-01-01T12:00:00,30.72,73.71,2.91,41.3
Zone08,2024-01-01T12:00:00,23.03,51.95,3.8,61.34
Zone09,2024-01-01T12:00:00,23.33,48.52,2.72,32.69
Zone10,2024-01-01T12:00:00,24.29,63.29,3.25,55.77
Zone11,2024-01-01T12:00:00,27.83,54.39,5.62,50.0
Zone12,2024-01-01T12:00:00,28.77,76.46,1.75,44.54
Zone01,2024-01-01T12:30:00,26.0,74.76,3.2,32.3
Zone02,2024-01-01T12:30:00,20.21,63.14,5.26,54.85
Zone03,2024-01-01T12:30:00,21.47,77.31,2.88,70.39
Zone04,2024-01-01T12:30:00,22.11,59.98,3.61,63.9
Zone05,2024-01-01T12:30:00,28.42,62.93,3.16,55.18
Zone06,2024-01-01T12:30:00,29.19,64.07,4.31,63.32
Zone07,2024-01-01T12:30:00,21.85,78.84,3.29,53.19
Zone08,2024-01-01T12:30:00,27.72,61.45,3.95,60.35
Zone09,2024-01-01T12:30:00,21.01,72.05,3.41,24.85
Zone10,2024-01-01T12:30:00,26.51,65.62,3.32,37.56
Zone11,2024-01-01T12:30:00,21.85,72.11,2.31,68.71
Zone12,2024-01-01T12:30:00,22.59,63.34,2.59,54.04
Zone01,2024-01-01T13:00:00,24.52,49.84,6.04,56.57
Zone02,2024-01-01T13:00:00,19.18,46.27,3.08,62.1
Zone03,2024-01-01T13:00:00,19.16,61.92,3.5,59.42
Zone04,2024-01-01T13:00:00,22.96,58.02,3.56,47.09
Zone05,2024-01-01T13:00:00,31.97,69.81,2.34,65.41
Zone06,2024-01-01T13:00:00,23.19,54.98,2.63,36.82
Zone07,2024-01-01T13:00:00,21.01,80.57,3.1,42.7
Zone08,2024-01-01T13:00:00,29.04,66.17,2.65,79.74
Zone09,2024-01-01T13:00:00,19.53,44.52,3.51,46.96
Zone10,2024-01-01T13:00:00,24.15,53.81,4.71,47.05
Zone11,2024-01-01T13:00:00,27.21,58.27,2.48,42.89
Zone12,2024-01-01T13:00:00,20.41,37.84,2.8,44.1
Zone01,2024-01-01T13:30:00,20.09,70.03,3.85,43.72
Zone02,2024-01-01T13:30:00,25.08,50.49,1.44,78.22
Zone03,2024-01-01T13:30:00,23.0,54.02,1.81,35.37
Zone04,2024-01-01T13:30:00,24.2,64.87,3.38,55.95
Zone05,2024-01-01T13:30:00,19.98,71.29,4.42,34.18
Zone06,2024-01-01T13:30:00,25.12,54.53,3.56,65.32
Zone07,2024-01-01T13:30:00,25.28,60.95,2.38,75.66
Zone08,2024-01-01T13:30:00,30.56,58.24,3.19,62.34
Zone09,2024-01-01T13:30:00,27.41,65.24,2.84,37.76
Zone10,2024-01-01T13:30:00,29.29,66.61,2.75,57.44
Zone11,2024-01-01T13:30:00,26.98,60.76,1.39,79.51
Zone12,2024-01-01T13:30:00,26.48,59.62,2.75,48.0
Zone01,2024-01-01T14:00:00,24.69,51.62,3.79,42.64
Zone02,2024-01-01T14:00:00,25.16,62.45,4.01,58.27
Zone03,2024-01-01T14:00:00,23.81,75.84,2.37,45.18
Zone04,2024-01-01T14:00:00,25.8,44.44,2.82,48.69
Zone05,2024-01-01T14:00:00,24.22,52.27,3.04,65.52
Zone06,2024-01-01T14:00:00,26.18,77.53,2.65,59.33
Zone07,2024-01-01T14:00:00,23.71,68.46,2.81,58.83
Zone08,2024-01-01T14:00:00,31.58,66.14,2.22,59.96
Zone09,2024-01-01T14:00:00,23.69,78.75,2.55,69.1
Zone10,2024-01-01T14:00:00,31.47,63.39,2.15,36.3
Zone11,2024-01-01T14:00:00,24.73,59.67,2.86,64.73
Zone12,2024-01-01T14:00:00,22.98,59.1,3.76,65.93
Zone01,2024-01-01T14:30:00,21.1,70.68,2.28,50.84
Zone02,2024-01-01T14:30:00,25.76,71.09,1.94,31.08
Zone03,2024-01-01T14:30:00,21.24,56.54,3.59,52.31
Zone04,2024-01-01T14:30:00,27.61,54.75,2.64,71.56
Zone05,2024-01-01T14:30:00,31.43,47.78,3.64,37.09
Zone06,2024-01-01T14:30:00,21.16,61.7,3.65,56.44
Zone07,2024-01-01T14:30:00,25.48,53.59,4.33,35.14
Zone08,2024-01-01T14:30:00,25.77,59.66,1.89,54.98
Zone09,2024-01-01T14:30:00,25.28,88.25,2.35,73.83
Zone10,2024-01-01T14:30:00,25.92,53.59,4.11,52.73
Zone11,2024-01-01T14:30:00,21.54,83.35,2.69,71.33
Zone12,2024-01-01T14:30:00,22.9,49.61,2.55,69.8
Zone01,2024-01-01T15:00:00,27.02,47.4,3.34,57.52
Zone02,2024-01-01T15:00:00,26.1,66.07,2.88,37.4
Zone03,2024-01-01T15:00:00,24.75,43.13,3.3,40.82
Zone04,2024-01-01T15:00:00,27.32,38.73,3.89,66.78
Zone05,2024-01-01T15:00:00,21.46,56.78,2.64,34.83
Zone06,2024-01-01T15:00:00,23.04,55.89,2.26,54.07
Zone07,2024-01-01T15:00:00,23.33,59.91,2.58,33.74
Zone08,2024-01-01T15:00:00,31.53,58.68,2.56,43.18
Zone09,2024-01-01T15:00:00,22.84,61.28,3.5,84.72
Zone10,2024-01-01T15:00:00,26.46,57.75,3.03,54.19
Zone11,2024-01-01T15:00:00,20.11,57.32,4.82,44.26
Zone12,2024-01-01T15:00:00,26.94,67.98,2.86,64.84
Zone01,2024-01-01T15:30:00,27.59,71.8,1.78,41.5
Zone02,2024-01-01T15:30:00,24.55,65.13,3.69,29.15
Zone03,2024-01-01T15:30:00,24.59,51.21,3.04,76.16
Zone04,2024-01-01T15:30:00,22.27,63.25,0.47,41.41
Zone05,2024-01-01T15:30:00,33.87,63.51,2.38,42.88
Zone06,2024-01-01T15:30:00,20.51,55.71,4.3,27.22
Zone07,2024-01-01T15:30:00,28.95,67.06,1.95,21.94
Zone08,2024-01-01T15:30:00,24.67,59.76,2.7,55.05
Zone09,2024-01-01T15:30:00,23.03,46.47,4.04,50.07
Zone10,2024-01-01T15:30:00,31.74,59.51,2.33,34.81
Zone11,2024-01-01T15:30:00,23.49,59.48,3.28,55.73
Zone12,2024-01-01T15:30:00,25.3,59.37,3.02,51.99
Zone01,2024-01-01T16:00:00,20.79,48.92,3.22,50.19
Zone02,2024-01-01T16:00:00,24.24,59.81,2.62,45.76
Zone03,2024-01-01T16:00:00,23.4,70.11,3.15,46.41
Zone04,2024-01-01T16:00:00,24.6,64.68,4.14,42.93
Zone05,2024-01-01T16:00:00,21.86,68.09,4.23,41.23
Zone06,2024-01-01T16:00:00,21.62,63.97,2.02,73.24
Zone07,2024-01-01T16:00:00,26.81,55.11,2.37,47.92
Zone08,2024-01-01T16:00:00,27.37,49.56,2.79,67.42
Zone09,2024-01-01T16:00:00,21.21,74.02,3.18,57.66
Zone10,2024-01-01T16:00:00,21.72,41.71,0.95,19.13
Zone11,2024-01-01T16:00:00,24.19,56.33,1.66,54.77
Zone12,2024-01-01T16:00:00,23.28,51.49,3.8,61.12
Zone01,2024-01-01T16:30:00,25.28,71.33,3.53,26.41
Zone02,2024-01-01T16:30:00,29.57,68.69,3.16,33.47
Zone03,2024-01-01T16:30:00,24.06,63.46,2.17,71.66
Zone04,2024-01-01T16:30:00,24.13,44.96,4.06,39.94
Zone05,2024-01-01T16:30:00,25.03,60.81,2.56,69.05
Zone06,2024-01-01T16:30:00,24.54,47.97,0.77,66.61
Zone07,2024-01-01T16:30:00,27.42,31.23,2.57,57.15
Zone08,2024-01-01T16:30:00,27.68,55.39,1.89,52.53
Zone09,2024-01-01T16:30:00,19.73,65.57,2.75,51.83
Zone10,2024-01-01T16:30:00,19.71,67.21,3.9,48.06
Zone11,2024-01-01T16:30:00,29.79,52.09,3.6,60.7
Zone12,2024-01-01T16:30:00,25.73,57.55,2.08,45.09
Zone01,2024-01-01T17:00:00,25.92,55.7,2.85,67.65
Zone02,2024-01-01T17:00:00,30.81,71.47,3.17,59.12
Zone03,2024-01-01T17:00:00,25.8,75.68,2.49,44.85
Zone04,2024-01-01T17:00:00,19.74,62.5,4.23,43.21
Zone05,2024-01-01T17:00:00,23.97,48.37,2.85,55.96
Zone06,2024-01-01T17:00:00,22.39,50.9,4.51,28.0
Zone07,2024-01-01T17:00:00,26.38,50.72,3.22,35.35
Zone08,2024-01-01T17:00:00,20.43,54.73,3.6,51.79
Zone09,2024-01-01T17:00:00,23.82,53.93,3.73,67.38
Zone10,2024-01-01T17:00:00,23.05,68.94,1.95,91.4
Zone11,2024-01-01T17:00:00,20.33,54.1,2.63,72.87
Zone12,2024-01-01T17:00:00,25.01,40.95,2.06,62.24
Zone01,2024-01-01T17:30:00,27.29,64.41,2.68,55.43
Zone02,2024-01-01T17:30:00,25.89,50.59,0.91,51.9
Zone03,2024-01-01T17:30:00,25.54,63.11,3.31,36.95
Zone04,2024-01-01T17:30:00,25.94,64.92,3.74,42.87
Zone05,2024-01-01T17:30:00,26.12,66.61,3.65,38.6
Zone06,2024-01-01T17:30:00,20.45,60.43,3.17,58.54
Zone07,2024-01-01T17:30:00,30.0,58.58,4.77,31.29
Zone08,2024-01-01T17:30:00,24.23,66.82,3.77,32.62
Zone09,2024-01-01T17:30:00,27.21,52.43,4.05,59.17
Zone10,2024-01-01T17:30:00,19.6,65.66,2.06,-1.67
Zone11,2024-01-01T17:30:00,22.56,78.76,3.51,56.27
Zone12,2024-01-01T17:30:00,20.23,63.41,1.79,52.18
Zone01,2024-01-01T18:00:00,23.86,72.02,1.63,39.87
Zone02,2024-01-01T18:00:00,27.89,65.71,2.07,54.0
Zone03,2024-01-01T18:00:00,29.57,51.69,3.83,59.19
Zone04,2024-01-01T18:00:00,19.91,57.46,4.33,40.83
Zone05,2024-01-01T18:00:00,26.46,50.6,1.52,43.94
Zone06,2024-01-01T18:00:00,23.05,73.39,3.06,62.07
Zone07,2024-01-01T18:00:00,25.27,58.43,2.11,76.86
Zone08,2024-01-01T18:00:00,27.53,55.32,2.65,74.1
Zone09,2024-01-01T18:00:00,21.52,56.39,2.86,31.32
Zone10,2024-01-01T18:00:00,23.7,64.66,4.36,38.05
Zone11,2024-01-01T18:00:00,23.13,60.07,2.97,33.6
Zone12,2024-01-01T18:00:00,23.58,68.24,3.91,47.47
Zone01,2024-01-01T18:30:00,25.67,48.3,3.86,40.67
Zone02,2024-01-01T18:30:00,24.72,55.77,1.77,26.48
Zone03,2024-01-01T18:30:00,24.08,45.24,5.18,37.41
Zone04,2024-01-01T18:30:00,24.12,53.68,6.82,53.28
Zone05,2024-01-01T18:30:00,25.13,43.83,2.65,36.62
Zone06,2024-01-01T18:30:00,24.03,44.72,4.69,40.24
Zone07,2024-01-01T18:30:00,28.01,72.11,1.91,37.8
Zone08,2024-01-01T18:30:00,22.21,60.78,3.76,36.65
Zone09,2024-01-01T18:30:00,30.83,53.28,4.36,29.56
Zone10,2024-01-01T18:30:00,24.44,56.03,3.51,56.37
Zone11,2024-01-01T18:30:00,26.87,48.57,1.95,48.57
Zone12,2024-01-01T18:30:00,26.45,39.36,1.8,55.27
Zone01,2024-01-01T19:00:00,25.48,69.02,5.1,59.16
Zone02,2024-01-01T19:00:00,25.39,73.36,3.75,66.0
Zone03,2024-01-01T19:00:00,24.38,54.09,5.19,51.38
Zone04,2024-01-01T19:00:00,28.48,54.73,1.58,26.95
Zone05,2024-01-01T19:00:00,21.38,51.17,2.39,45.55
Zone06,2024-01-01T19:00:00,17.09,65.71,2.9,49.51
Zone07,2024-01-01T19:00:00,24.68,63.28,1.21,60.99
Zone08,2024-01-01T19:00:00,23.31,58.81,3.55,42.86
Zone09,2024-01-01T19:00:00,21.31,59.83,3.84,38.58
Zone10,2024-01-01T19:00:00,32.16,68.3,3.44,36.76
Zone11,2024-01-01T19:00:00,20.87,57.7,3.21,62.42
Zone12,2024-01-01T19:00:00,18.51,52.27,3.64,56.03
Zone01,2024-01-01T19:30:00,22.41,44.09,4.15,41.49
Zone02,2024-01-01T19:30:00,26.08,69.84,3.77,41.22
Zone03,2024-01-01T19:30:00,19.1,57.88,4.32,38.5
Zone04,2024-01-01T19:30:00,18.1,62.85,3.95,64.77
Zone05,2024-01-01T19:30:00,28.82,61.79,2.8,48.4
Zone06,2024-01-01T19:30:00,28.25,72.95,3.85,47.52
Zone07,2024-01-01T19:30:00,31.23,53.97,2.93,33.23
Zone08,2024-01-01T19:30:00,28.1,68.0,4.05,44.21
Zone09,2024-01-01T19:30:00,27.84,67.54,5.98,39.78
Zone10,2024-01-01T19:30:00,25.02,54.78,3.41,70.87
Zone11,2024-01-01T19:30:00,23.03,46.74,3.73,26.79
Zone12,2024-01-01T19:30:00,26.05,51.06,3.86,52.97
Zone01,2024-01-01T20:00:00,21.5,58.37,2.55,18.57
Zone02,2024-01-01T20:00:00,18.4,51.2,3.05,58.63
Zone03,2024-01-01T20:00:00,27.29,55.4,3.13,57.85
Zone04,2024-01-01T20:00:00,27.58,55.44,4.01,49.88
Zone05,2024-01-01T20:00:00,24.4,74.24,3.24,39.45
Zone06,2024-01-01T20:00:00,22.14,42.0,2.56,36.35
Zone07,2024-01-01T20:00:00,26.31,60.92,2.65,29.29
Zone08,2024-01-01T20:00:00,24.11,61.28,3.35,38.76
Zone09,2024-01-01T20:00:00,22.33,57.04,1.71,47.68
Zone10,2024-01-01T20:00:00,24.49,65.29,4.23,64.45
Zone11,2024-01-01T20:00:00,28.61,70.24,2.94,80.41
Zone12,2024-01-01T20:00:00,22.7,72.49,3.82,63.81
Zone01,2024-01-01T20:30:00,22.97,74.99,2.04,46.17
Zone02,2024-01-01T20:30:00,28.53,75.06,2.18,74.63
Zone03,2024-01-01T20:30:00,19.39,62.82,5.22,44.57
Zone04,2024-01-01T20:30:00,27.26,38.19,2.59,65.97
Zone05,2024-01-01T20:30:00,27.63,48.35,3.19,75.67
Zone06,2024-01-01T20:30:00,27.11,56.17,3.67,58.79
Zone07,2024-01-01T20:30:00,26.92,60.63,3.4,40.81
Zone08,2024-01-01T20:30:00,29.07,71.61,4.43,25.78
Zone09,2024-01-01T20:30:00,20.67,60.79,5.16,49.37
Zone10,2024-01-01T20:30:00,28.7,43.59,6.13,37.5
Zone11,2024-01-01T20:30:00,20.16,76.73,2.53,16.6
Zone12,2024-01-01T20:30:00,23.55,63.61,1.61,32.83
Zone01,2024-01-01T21:00:00,30.28,49.95,2.91,38.91
Zone02,2024-01-01T21:00:00,25.04,71.26,2.97,58.37
Zone03,2024-01-01T21:00:00,20.21,52.56,2.6,51.97
Zone04,2024-01-01T21:00:00,25.7,67.64,3.9,41.69
Zone05,2024-01-01T21:00:00,25.32,74.15,3.12,39.43
Zone06,2024-01-01T21:00:00,27.41,39.06,2.16,18.81
Zone07,2024-01-01T21:00:00,26.01,42.37,4.96,58.7
Zone08,2024-01-01T21:00:00,24.31,53.07,2.39,46.9
Zone09,2024-01-01T21:00:00,28.45,68.3,1.11,28.03
Zone10,2024-01-01T21:00:00,22.76,66.08,3.74,71.95
Zone11,2024-01-01T21:00:00,24.2,65.48,4.19,22.51
Zone12,2024-01-01T21:00:00,26.36,58.58,4.11,23.31
Zone01,2024-01-01T21:30:00,21.49,72.23,1.78,24.6
Zone02,2024-01-01T21:30:00,23.67,56.97,0.53,62.94
Zone03,2024-01-01T21:30:00,26.86,49.62,3.51,52.07
Zone04,2024-01-01T21:30:00,27.49,55.23,1.71,52.41
Zone05,2024-01-01T21:30:00,26.25,63.68,2.68,62.62
Zone06,2024-01-01T21:30:00,24.85,65.47,2.46,18.89
Zone07,2024-01-01T21:30:00,27.06,55.74,3.17,34.54
Zone08,2024-01-01T21:30:00,26.37,80.58,2.07,55.5
Zone09,2024-01-01T21:30:00,27.44,68.4,2.2,65.92
Zone10,2024-01-01T21:30:00,24.78,61.74,3.62,32.89
Zone11,2024-01-01T21:30:00,23.91,64.57,3.15,33.13
Zone12,2024-01-01T21:30:00,24.94,69.87,4.81,69.07
Zone01,2024-01-01T22:00:00,24.77,67.55,4.54,52.31
Zone02,2024-01-01T22:00:00,25.67,51.72,4.01,46.85
Zone03,2024-01-01T22:00:00,21.81,52.67,2.78,54.58
Zone04,2024-01-01T22:00:00,21.18,74.52,4.42,29.77
Zone05,2024-01-01T22:00:00,24.25,73.62,2.79,52.11
Zone06,2024-01-01T22:00:00,23.09,49.36,2.63,50.24
Zone07,2024-01-01T22:00:00,27.33,71.62,4.05,43.16
Zone08,2024-01-01T22:00:00,24.87,51.94,1.7,23.46
Zone09,2024-01-01T22:00:00,26.3,74.63,3.85,44.37
Zone10,2024-01-01T22:00:00,20.85,61.67,2.69,32.52
Zone11,2024-01-01T22:00:00,32.73,74.28,2.44,39.05
Zone12,2024-01-01T22:00:00,24.94,59.95,3.21,43.06
Zone01,2024-01-01T22:30:00,24.57,52.43,3.77,61.38
Zone02,2024-01-01T22:30:00,25.04,39.66,2.03,33.34
Zone03,2024-01-01T22:30:00,20.88,46.71,5.0,40.18
Zone04,2024-01-01T22:30:00,22.09,60.51,2.63,18.23
Zone05,2024-01-01T22:30:00,24.77,57.26,3.63,45.27
Zone06,2024-01-01T22:30:00,26.76,72.77,2.23,42.42
Zone07,2024-01-01T22:30:00,25.4,62.53,4.53,41.23
Zone08,2024-01-01T22:30:00,26.46,50.9,4.87,64.05
Zone09,2024-01-01T22:30:00,22.39,64.03,2.45,55.95
Zone10,2024-01-01T22:30:00,25.8,77.29,4.0,36.69
Zone11,2024-01-01T22:30:00,26.96,42.5,5.14,50.2
Zone12,2024-01-01T22:30:00,22.5,43.69,2.21,39.7
Zone01,2024-01-01T23:00:00,27.1,50.96,3.19,47.15
Zone02,2024-01-01T23:00:00,26.14,59.66,1.92,50.58
Zone03,2024-01-01T23:00:00,21.38,60.19,2.57,39.85
Zone04,2024-01-01T23:00:00,27.9,66.78,3.72,61.96
Zone05,2024-01-01T23:00:00,17.88,52.33,3.13,60.3
Zone06,2024-01-01T23:00:00,21.09,69.07,2.49,46.6
Zone07,2024-01-01T23:00:00,25.72,62.03,3.67,39.16
Zone08,2024-01-01T23:00:00,30.35,76.93,3.0,41.64
Zone09,2024-01-01T23:00:00,22.92,69.62,3.86,60.04
Zone10,2024-01-01T23:00:00,22.69,47.74,1.77,39.57
Zone11,2024-01-01T23:00:00,20.72,46.97,2.06,33.42
Zone12,2024-01-01T23:00:00,24.22,56.67,3.34,60.86
Zone01,2024-01-01T23:30:00,22.78,51.62,3.08,56.56
Zone02,2024-01-01T23:30:00,28.41,59.18,2.52,63.2
Zone03,2024-01-01T23:30:00,30.9,53.07,2.37,59.54
Zone04,2024-01-01T23:30:00,24.86,55.47,2.38,34.35
Zone05,2024-01-01T23:30:00,22.43,52.97,2.33,36.49
Zone06,2024-01-01T23:30:00,21.68,64.43,2.36,43.81
Zone07,2024-01-01T23:30:00,22.05,53.98,2.31,62.36
Zone08,2024-01-01T23:30:00,29.34,78.03,2.36,47.13
Zone09,2024-01-01T23:30:00,26.31,60.57,3.89,32.6
Zone10,2024-01-01T23:30:00,25.41,48.98,2.85,51.99
Zone11,2024-01-01T23:30:00,18.93,50.39,4.85,32.73
Zone12,2024-01-01T23:30:00,30.37,65.14,3.59,87.33
Zone01,2024-01-02T00:00:00,27.34,75.58,2.25,65.17
Zone02,2024-01-02T00:00:00,24.43,59.75,2.98,36.07
Zone03,2024-01-02T00:00:00,24.75,58.0,4.12,56.63
Zone04,2024-01-02T00:00:00,26.26,66.89,4.8,50.97
Zone05,2024-01-02T00:00:00,24.43,58.51,2.85,49.28
Zone06,2024-01-02T00:00:00,25.29,52.87,1.55,53.03
Zone07,2024-01-02T00:00:00,26.35,58.45,3.28,57.36
Zone08,2024-01-02T00:00:00,26.48,63.05,3.45,65.38
Zone09,2024-01-02T00:00:00,24.0,57.9,2.01,43.05
Zone10,2024-01-02T00:00:00,23.68,60.21,2.78,50.95
Zone11,2024-01-02T00:00:00,27.21,69.59,1.0,32.81
Zone12,2024-01-02T00:00:00,25.07,70.0,2.83,22.68
Zone01,2024-01-02T00:30:00,28.19,72.76,2.86,37.45
Zone02,2024-01-02T00:30:00,24.85,68.06,3.15,34.82
Zone03,2024-01-02T00:30:00,26.22,66.02,3.51,47.73
Zone04,2024-01-02T00:30:00,24.57,52.9,3.04,14.09
Zone05,2024-01-02T00:30:00,25.74,54.81,2.37,64.71
Zone06,2024-01-02T00:30:00,22.67,66.18,2.13,53.15
Zone07,2024-01-02T00:30:00,21.99,80.6,4.23,63.92
Zone08,2024-01-02T00:30:00,19.92,67.1,2.57,31.7
Zone09,2024-01-02T00:30:00,29.22,71.64,2.94,62.96
Zone10,2024-01-02T00:30:00,32.59,76.76,3.22,54.65
Zone11,2024-01-02T00:30:00,19.77,52.72,3.13,46.94
Zone12,2024-01-02T00:30:00,21.48,68.9,4.59,50.98
Zone01,2024-01-02T01:00:00,22.65,44.27,4.18,58.17
Zone02,2024-01-02T01:00:00,25.17,63.15,1.82,36.68
Zone03,2024-01-02T01:00:00,26.93,75.79,3.0,78.26
Zone04,2024-01-02T01:00:00,26.05,52.76,2.02,51.9
Zone05,2024-01-02T01:00:00,25.8,56.53,1.4,56.27
Zone06,2024-01-02T01:00:00,24.79,60.75,2.09,51.09
Zone07,2024-01-02T01:00:00,26.45,61.51,3.2,59.11
Zone08,2024-01-02T01:00:00,27.26,56.33,1.93,39.53
Zone09,2024-01-02T01:00:00,26.63,57.28,3.01,33.36
Zone10,2024-01-02T01:00:00,30.64,64.7,3.43,48.82
Zone11,2024-01-02T01:00:00,27.11,65.11,2.6,43.66
Zone12,2024-01-02T01:00:00,21.58,63.1,2.77,24.95
Zone01,2024-01-02T01:30:00,30.75,68.92,3.17,57.7
Zone02,2024-01-02T01:30:00,25.05,57.72,3.39,52.14
Zone03,2024-01-02T01:30:00,24.77,60.63,3.11,29.39
Zone04,2024-01-02T01:30:00,22.13,54.67,3.32,69.98
Zone05,2024-01-02T01:30:00,19.7,83.02,2.2,38.0
Zone06,2024-01-02T01:30:00,28.53,82.63,3.07,52.49
Zone07,2024-01-02T01:30:00,26.8,65.48,2.27,50.93
Zone08,2024-01-02T01:30:00,31.08,51.53,3.98,46.14
Zone09,2024-01-02T01:30:00,25.45,51.89,4.58,11.79
Zone10,2024-01-02T01:30:00,26.25,54.96,4.0,34.57
Zone11,2024-01-02T01:30:00,25.58,70.33,2.18,32.39
Zone12,2024-01-02T01:30:00,19.19,67.47,2.9,57.61
Zone01,2024-01-02T02:00:00,24.4,55.47,5.43,30.73
Zone02,2024-01-02T02:00:00,28.43,70.0,3.65,45.34
Zone03,2024-01-02T02:00:00,24.05,57.32,4.44,22.53
Zone04,2024-01-02T02:00:00,26.49,59.8,4.66,59.55
Zone05,2024-01-02T02:00:00,28.72,61.34,1.28,43.55
Zone06,2024-01-02T02:00:00,29.77,73.41,2.89,83.75
Zone07,2024-01-02T02:00:00,27.4,50.56,2.01,68.31
Zone08,2024-01-02T02:00:00,22.21,60.61,4.06,64.78
Zone09,2024-01-02T02:00:00,21.91,55.15,4.14,61.05
Zone10,2024-01-02T02:00:00,26.28,80.11,1.61,37.6
Zone11,2024-01-02T02:00:00,22.14,50.05,3.15,56.6
Zone12,2024-01-02T02:00:00,24.24,63.01,3.32,53.24
Zone01,2024-01-02T02:30:00,25.67,56.26,2.73,38.6
Zone02,2024-01-02T02:30:00,21.57,54.29,2.85,56.58
Zone03,2024-01-02T02:30:00,26.49,63.43,2.15,58.43
Zone04,2024-01-02T02:30:00,20.56,65.98,3.2,38.46
Zone05,2024-01-02T02:30:00,22.81,70.63,2.8,46.37
Zone06,2024-01-02T02:30:00,26.65,63.46,3.08,56.37
Zone07,2024-01-02T02:30:00,23.02,73.15,3.31,71.98
Zone08,2024-01-02T02:30:00,24.76,61.18,3.74,71.52
Zone09,2024-01-02T02:30:00,26.43,68.9,3.96,43.88
Zone10,2024-01-02T02:30:00,23.78,50.6,1.92,60.03
Zone11,2024-01-02T02:30:00,23.97,60.69,2.76,46.2
Zone12,2024-01-02T02:30:00,23.53,69.7,2.89,67.82
Zone01,2024-01-02T03:00:00,22.77,46.41,1.6,61.9
Zone02,2024-01-02T03:00:00,25.06,55.6,4.4,62.36
Zone03,2024-01-02T03:00:00,26.64,47.54,1.91,60.36
Zone04,2024-01-02T03:00:00,27.38,40.29,2.83,40.12
Zone05,2024-01-02T03:00:00,20.95,79.18,3.33,82.47
Zone06,2024-01-02T03:00:00,23.34,53.27,1.62,57.95
Zone07,2024-01-02T03:00:00,28.49,72.26,4.52,47.23
Zone08,2024-01-02T03:00:00,23.37,61.76,2.69,66.04
Zone09,2024-01-02T03:00:00,24.64,67.55,5.25,61.63
Zone10,2024-01-02T03:00:00,26.86,54.69,3.0,47.95
Zone11,2024-01-02T03:00:00,25.82,48.49,2.14,43.68
Zone12,2024-01-02T03:00:00,26.7,42.55,2.86,53.36
Zone01,2024-01-02T03:30:00,21.68,60.88,2.0,31.73
Zone02,2024-01-02T03:30:00,26.25,46.76,3.94,27.03
Zone03,2024-01-02T03:30:00,22.82,59.93,1.45,25.99
Zone04,2024-01-02T03:30:00,26.32,65.06,2.09,38.22
Zone05,2024-01-02T03:30:00,27.63,71.83,3.51,41.16
Zone06,2024-01-02T03:30:00,26.43,70.81,3.07,66.82
Zone07,2024-01-02T03:30:00,24.62,54.75,2.23,47.54
Zone08,2024-01-02T03:30:00,26.09,61.79,2.37,43.24
Zone09,2024-01-02T03:30:00,24.47,56.34,3.45,65.5
Zone10,2024-01-02T03:30:00,24.55,56.86,1.07,58.97
Zone11,2024-01-02T03:30:00,18.46,64.43,1.44,43.98
Zone12,2024-01-02T03:30:00,22.99,71.55,2.27,38.5
Zone01,2024-01-02T04:00:00,24.9,47.61,3.76,57.12
Zone02,2024-01-02T04:00:00,28.39,47.71,3.37,45.47
Zone03,2024-01-02T04:00:00,20.83,48.07,2.47,70.82
Zone04,2024-01-02T04:00:00,28.84,63.63,1.19,49.96
Zone05,2024-01-02T04:00:00,27.0,63.13,4.23,25.21
Zone06,2024-01-02T04:00:00,27.14,40.75,3.85,70.91
Zone07,2024-01-02T04:00:00,18.68,60.78,3.4,22.13
Zone08,2024-01-02T04:00:00,25.98,54.18,3.32,54.7
Zone09,2024-01-02T04:00:00,27.46,75.46,4.09,36.66
Zone10,2024-01-02T04:00:00,24.03,74.78,2.16,44.37
Zone11,2024-01-02T04:00:00,22.15,52.59,2.07,70.6
Zone12,2024-01-02T04:00:00,25.33,43.9,3.28,78.92
Zone01,2024-01-02T04:30:00,23.19,50.76,2.75,64.5
Zone02,2024-01-02T04:30:00,26.14,55.27,2.05,68.17
Zone03,2024-01-02T04:30:00,23.96,70.62,3.47,28.55
Zone04,2024-01-02T04:30:00,26.85,59.42,3.23,49.27
Zone05,2024-01-02T04:30:00,27.2,68.18,2.97,53.98
Zone06,2024-01-02T04:30:00,24.72,70.31,4.31,60.38
Zone07,2024-01-02T04:30:00,29.04,54.28,2.89,48.29
Zone08,2024-01-02T04:30:00,25.55,49.07,2.92,66.07
Zone09,2024-01-02T04:30:00,27.51,65.18,2.79,38.47
Zone10,2024-01-02T04:30:00,29.77,63.6,2.79,43.36
Zone11,2024-01-02T04:30:00,17.76,46.86,3.36,60.22
Zone12,2024-01-02T04:30:00,28.36,50.38,1.83,49.17
Zone01,2024-01-02T05:00:00,27.18,64.41,2.01,50.62
Zone02,2024-01-02T05:00:00,22.77,69.54,2.86,45.05
Zone03,2024-01-02T05:00:00,24.75,55.23,2.89,64.06
Zone04,2024-01-02T05:00:00,24.79,41.89,3.03,54.07
Zone05,2024-01-02T05:00:00,23.18,61.31,2.86,53.63
Zone06,2024-01-02T05:00:00,25.18,52.94,4.23,66.22
Zone07,2024-01-02T05:00:00,34.31,40.17,3.27,58.15
Zone08,2024-01-02T05:00:00,23.39,63.7,2.76,57.81
Zone09,2024-01-02T05:00:00,24.34,80.85,2.92,48.76
Zone10,2024-01-02T05:00:00,30.25,62.56,3.14,34.42
Zone11,2024-01-02T05:00:00,20.75,52.95,2.28,58.49
Zone12,2024-01-02T05:00:00,27.47,67.37,2.85,47.26
Zone01,2024-01-02T05:30:00,20.13,54.37,4.34,49.71
Zone02,2024-01-02T05:30:00,30.86,54.91,3.27,41.88
Zone03,2024-01-02T05:30:00,20.7,43.84,3.12,37.85
Zone04,2024-01-02T05:30:00,21.72,54.64,2.43,60.25
Zone05,2024-01-02T05:30:00,27.4,53.55,3.83,47.26
Zone06,2024-01-02T05:30:00,21.63,64.09,3.07,39.03
Zone07,2024-01-02T05:30:00,26.44,52.6,2.46,56.79
Zone08,2024-01-02T05:30:00,23.13,49.65,1.49,71.58
Zone09,2024-01-02T05:30:00,27.38,68.98,1.7,36.19
Zone10,2024-01-02T05:30:00,25.58,53.5,2.71,49.7
Zone11,2024-01-02T05:30:00,17.9,68.03,1.25,31.52
Zone12,2024-01-02T05:30:00,25.42,48.84,1.89,63.37
Zone01,2024-01-02T06:00:00,24.76,51.59,3.14,40.33
Zone02,2024-01-02T06:00:00,24.13,73.93,3.7,14.33
Zone03,2024-01-02T06:00:00,23.68,56.49,4.92,59.26
Zone04,2024-01-02T06:00:00,21.74,67.38,2.89,41.44
Zone05,2024-01-02T06:00:00,26.85,60.09,3.83,61.57
Zone06,2024-01-02T06:00:00,22.44,62.57,4.63,68.7
Zone07,2024-01-02T06:00:00,30.65,65.53,3.71,56.55
Zone08,2024-01-02T06:00:00,27.88,59.42,2.4,100.1
Zone09,2024-01-02T06:00:00,23.47,60.41,3.77,67.64
Zone10,2024-01-02T06:00:00,26.17,64.27,3.09,26.1
Zone11,2024-01-02T06:00:00,23.13,47.79,4.67,25.04
Zone12,2024-01-02T06:00:00,26.58,47.87,1.99,45.29
Zone01,2024-01-02T06:30:00,24.87,43.72,3.47,45.4
Zone02,2024-01-02T06:30:00,25.52,63.49,2.47,61.05
Zone03,2024-01-02T06:30:00,24.7,64.23,2.53,56.78
Zone04,2024-01-02T06:30:00,24.74,47.67,0.9,13.39
Zone05,2024-01-02T06:30:00,26.52,54.59,2.69,56.9
Zone06,2024-01-02T06:30:00,32.48,52.05,3.6,32.61
Zone07,2024-01-02T06:30:00,30.54,78.52,2.97,45.95
Zone08,2024-01-02T06:30:00,29.31,69.5,3.16,69.66
Zone09,2024-01-02T06:30:00,27.58,63.49,2.18,52.91
Zone10,2024-01-02T06:30:00,24.25,39.54,2.54,58.4
Zone11,2024-01-02T06:30:00,24.75,72.04,1.98,62.6
Zone12,2024-01-02T06:30:00,24.83,48.9,4.96,35.91
Zone01,2024-01-02T07:00:00,20.16,70.44,3.92,42.05
Zone02,2024-01-02T07:00:00,26.02,54.5,5.55,63.52
Zone03,2024-01-02T07:00:00,22.35,66.51,2.03,73.14
Zone04,2024-01-02T07:00:00,26.84,70.06,4.06,52.84
Zone05,2024-01-02T07:00:00,24.71,46.6,3.35,55.16
Zone06,2024-01-02T07:00:00,25.15,54.68,2.73,52.02
Zone07,2024-01-02T07:00:00,24.07,47.75,2.33,62.62
Zone08,2024-01-02T07:00:00,30.01,51.58,2.21,69.75
Zone09,2024-01-02T07:00:00,21.85,59.41,3.46,72.03
Zone10,2024-01-02T07:00:00,27.02,45.9,3.16,41.69
Zone11,2024-01-02T07:00:00,20.97,63.76,3.16,49.09
Zone12,2024-01-02T07:00:00,21.99,61.46,3.16,32.89
Zone01,2024-01-02T07:30:00,29.31,61.75,2.16,44.51
Zone02,2024-01-02T07:30:00,18.11,57.01,4.26,71.12
Zone03,2024-01-02T07:30:00,30.03,63.94,2.6,56.27
Zone04,2024-01-02T07:30:00,26.28,62.7,3.64,39.61
Zone05,2024-01-02T07:30:00,21.77,62.03,1.99,56.89
Zone06,2024-01-02T07:30:00,26.37,55.32,1.81,78.98
Zone07,2024-01-02T07:30:00,32.04,88.76,2.23,80.37
Zone08,2024-01-02T07:30:00,24.76,59.85,3.6,59.11
Zone09,2024-01-02T07:30:00,23.04,69.04,2.44,63.66
Zone10,2024-01-02T07:30:00,25.96,63.33,3.54,30.6
Zone11,2024-01-02T07:30:00,21.12,53.75,2.72,7.51
Zone12,2024-01-02T07:30:00,25.13,55.85,4.27,50.17
Zone01,2024-01-02T08:00:00,27.2,70.34,3.89,75.06
Zone02,2024-01-02T08:00:00,26.22,46.69,2.64,67.09
Zone03,2024-01-02T08:00:00,25.76,54.62,3.56,30.48
Zone04,2024-01-02T08:00:00,23.07,60.1,1.95,46.37
Zone05,2024-01-02T08:00:00,23.37,59.5,2.11,63.96
Zone06,2024-01-02T08:00:00,24.38,57.43,3.86,62.83
Zone07,2024-01-02T08:00:00,20.18,58.39,4.62,44.26
Zone08,2024-01-02T08:00:00,28.71,80.05,1.89,62.85
Zone09,2024-01-02T08:00:00,26.73,74.5,3.72,44.16
Zone10,2024-01-02T08:00:00,20.16,59.07,3.87,39.63
Zone11,2024-01-02T08:00:00,29.37,60.42,3.59,48.85
Zone12,2024-01-02T08:00:00,27.75,52.26,3.76,40.81
Zone01,2024-01-02T08:30:00,26.85,58.24,2.36,64.56
Zone02,2024-01-02T08:30:00,21.52,64.19,4.09,20.37
Zone03,2024-01-02T08:30:00,29.57,57.59,2.89,65.6
Zone04,2024-01-02T08:30:00,24.06,57.05,4.73,44.53
Zone05,2024-01-02T08:30:00,26.14,47.89,3.02,54.07
Zone06,2024-01-02T08:30:00,21.71,50.79,2.13,65.76
Zone07,2024-01-02T08:30:00,22.51,37.53,2.92,45.23
Zone08,2024-01-02T08:30:00,22.36,57.2,4.49,62.29
Zone09,2024-01-02T08:30:00,27.48,51.75,3.67,71.09
Zone10,2024-01-02T08:30:00,25.75,69.1,2.62,47.49
Zone11,2024-01-02T08:30:00,24.95,63.96,1.71,63.97
Zone12,2024-01-02T08:30:00,23.78,64.18,2.97,43.46
Zone01,2024-01-02T09:00:00,20.27,53.3,3.01,72.87
Zone02,2024-01-02T09:00:00,28.68,67.76,3.55,55.61
Zone03,2024-01-02T09:00:00,18.47,64.95,3.7,23.78
Zone04,2024-01-02T09:00:00,25.02,77.79,3.13,107.53
Zone05,2024-01-02T09:00:00,21.03,63.45,1.98,60.72
Zone06,2024-01-02T09:00:00,26.77,64.84,4.69,33.42
Zone07,2024-01-02T09:00:00,26.19,59.0,2.64,47.43
Zone08,2024-01-02T09:00:00,26.51,71.64,2.31,63.5
Zone09,2024-01-02T09:00:00,23.49,61.95,4.88,65.89
Zone10,2024-01-02T09:00:00,24.03,64.45,2.68,42.49
Zone11,2024-01-02T09:00:00,25.83,75.4,2.71,56.3
Zone12,2024-01-02T09:00:00,29.08,63.97,2.7,37.31
Zone01,2024-01-02T09:30:00,18.5,79.53,2.03,26.15
Zone02,2024-01-02T09:30:00,23.33,65.52,1.05,60.24
Zone03,2024-01-02T09:30:00,23.86,68.72,2.02,30.63
Zone04,2024-01-02T09:30:00,22.57,76.97,2.7,36.53
Zone05,2024-01-02T09:30:00,20.78,67.03,3.16,57.74
Zone06,2024-01-02T09:30:00,23.61,76.09,2.11,67.65
Zone07,2024-01-02T09:30:00,26.17,62.69,5.26,49.9
Zone08,2024-01-02T09:30:00,30.85,47.67,2.68,54.38
Zone09,2024-01-02T09:30:00,21.56,68.76,2.45,40.67
Zone10,2024-01-02T09:30:00,26.23,53.63,2.49,37.45
Zone11,2024-01-02T09:30:00,25.47,68.57,3.44,56.76
Zone12,2024-01-02T09:30:00,24.57,63.46,4.79,45.1
Zone01,2024-01-02T10:00:00,25.77,45.16,2.07,42.83
Zone02,2024-01-02T10:00:00,26.23,53.34,0.68,40.14
Zone03,2024-01-02T10:00:00,20.3,48.49,3.9,63.25
Zone04,2024-01-02T10:00:00,22.65,58.89,4.03,40.78
Zone05,2024-01-02T10:00:00,21.75,53.68,3.83,35.48
Zone06,2024-01-02T10:00:00,19.14,62.9,4.02,38.31
Zone07,2024-01-02T10:00:00,28.43,71.15,2.46,36.45
Zone08,2024-01-02T10:00:00,26.98,80.62,4.08,67.94
Zone09,2024-01-02T10:00:00,27.48,66.32,3.63,57.29
Zone10,2024-01-02T10:00:00,18.02,78.56,2.41,58.27
Zone11,2024-01-02T10:00:00,27.83,47.43,3.94,30.16
Zone12,2024-01-02T10:00:00,27.29,58.69,3.05,53.09
Zone01,2024-01-02T10:30:00,23.62,68.3,3.14,47.05
Zone02,2024-01-02T10:30:00,27.87,60.96,2.83,60.4
Zone03,2024-01-02T10:30:00,22.05,65.1,3.91,46.49
Zone04,2024-01-02T10:30:00,21.5,56.92,2.29,54.08
Zone05,2024-01-02T10:30:00,25.92,68.6,3.34,55.51
Zone06,2024-01-02T10:30:00,23.56,35.51,2.87,25.72
Zone07,2024-01-02T10:30:00,25.66,77.74,2.08,56.54
Zone08,2024-01-02T10:30:00,28.1,57.2,4.83,76.49
Zone09,2024-01-02T10:30:00,23.05,54.98,4.33,28.75
Zone10,2024-01-02T10:30:00,20.86,44.65,2.98,63.64
Zone11,2024-01-02T10:30:00,20.41,56.8,4.01,66.5
Zone12,2024-01-02T10:30:00,20.5,73.52,0.59,59.93
Zone01,2024-01-02T11:00:00,23.55,63.31,3.72,68.06
Zone02,2024-01-02T11:00:00,18.9,65.06,3.38,58.11
Zone03,2024-01-02T11:00:00,23.1,62.81,1.87,49.08
Zone04,2024-01-02T11:00:00,25.86,55.83,2.79,60.37
Zone05,2024-01-02T11:00:00,24.69,43.43,3.16,30.47
Zone06,2024-01-02T11:00:00,21.59,73.79,2.02,45.99
Zone07,2024-01-02T11:00:00,25.0,67.27,1.77,71.31
Zone08,2024-01-02T11:00:00,21.87,61.24,1.26,33.61
Zone09,2024-01-02T11:00:00,24.99,49.9,2.93,-5.64
Zone10,2024-01-02T11:00:00,24.38,69.02,3.28,84.44
Zone11,2024-01-02T11:00:00,22.7,55.13,2.91,31.29
Zone12,2024-01-02T11:00:00,28.92,38.31,2.24,63.68
Zone01,2024-01-02T11:30:00,27.18,58.46,2.68,53.03
Zone02,2024-01-02T11:30:00,22.12,66.04,2.7,33.09
Zone03,2024-01-02T11:30:00,24.08,60.83,3.21,55.22
Zone04,2024-01-02T11:30:00,20.59,56.34,3.75,55.13
Zone05,2024-01-02T11:30:00,23.72,80.35,2.06,64.1
Zone06,2024-01-02T11:30:00,24.22,56.16,2.09,43.83
Zone07,2024-01-02T11:30:00,20.57,42.26,3.75,85.02
Zone08,2024-01-02T11:30:00,24.79,70.76,3.67,43.92
Zone09,2024-01-02T11:30:00,25.83,62.1,3.32,30.39
Zone10,2024-01-02T11:30:00,28.06,61.67,3.13,42.18
Zone11,2024-01-02T11:30:00,27.87,55.44,2.65,47.09
Zone12,2024-01-02T11:30:00,23.4,41.83,3.3,55.32
Zone01,2024-01-02T12:00:00,31.49,52.77,2.69,55.35
Zone02,2024-01-02T12:00:00,22.41,42.52,3.06,25.23
Zone03,2024-01-02T12:00:00,25.77,62.43,2.98,49.45
Zone04,2024-01-02T12:00:00,30.04,58.03,2.92,66.25
Zone05,2024-01-02T12:00:00,32.48,57.5,1.82,57.69
Zone06,2024-01-02T12:00:00,24.35,58.37,1.2,12.1
Zone07,2024-01-02T12:00:00,24.78,31.18,2.87,32.74
Zone08,2024-01-02T12:00:00,23.89,57.15,2.41,62.03
Zone09,2024-01-02T12:00:00,27.56,68.95,1.74,69.75
Zone10,2024-01-02T12:00:00,26.73,61.62,3.73,45.22
Zone11,2024-01-02T12:00:00,25.83,47.18,2.94,57.93
Zone12,2024-01-02T12:00:00,26.02,62.01,2.47,30.47
Zone01,2024-01-02T12:30:00,22.57,72.98,0.66,35.14
Zone02,2024-01-02T12:30:00,22.81,39.75,2.15,46.82
Zone03,2024-01-02T12:30:00,23.55,51.41,1.56,66.98
Zone04,2024-01-02T12:30:00,30.35,62.88,2.18,67.9
Zone05,2024-01-02T12:30:00,22.37,53.64,2.32,30.17
Zone06,2024-01-02T12:30:00,25.8,55.85,3.56,56.36
Zone07,2024-01-02T12:30:00,26.29,67.65,3.96,41.55
Zone08,2024-01-02T12:30:00,30.18,39.82,3.02,46.34
Zone09,2024-01-02T12:30:00,24.89,60.86,3.14,63.36
Zone10,2024-01-02T12:30:00,26.7,37.44,3.85,51.53
Zone11,2024-01-02T12:30:00,20.96,29.21,3.39,54.08
Zone12,2024-01-02T12:30:00,29.77,72.75,2.18,62.28
Zone01,2024-01-02T13:00:00,31.3,76.99,3.19,45.26
Zone02,2024-01-02T13:00:00,20.22,58.0,3.78,85.46
Zone03,2024-01-02T13:00:00,24.05,53.18,1.51,22.05
Zone04,2024-01-02T13:00:00,26.06,63.12,2.4,35.38
Zone05,2024-01-02T13:00:00,20.67,43.51,2.15,68.13
Zone06,2024-01-02T13:00:00,28.11,60.43,2.1,49.76
Zone07,2024-01-02T13:00:00,14.08,50.43,0.75,41.68
Zone08,2024-01-02T13:00:00,23.47,55.72,3.29,34.3
Zone09,2024-01-02T13:00:00,25.13,68.3,2.87,59.91
Zone10,2024-01-02T13:00:00,27.37,75.16,-0.83,42.52
Zone11,2024-01-02T13:00:00,25.52,59.95,3.02,46.48
Zone12,2024-01-02T13:00:00,25.73,77.53,4.3,41.31
Zone01,2024-01-02T13:30:00,27.55,53.36,2.95,41.13
Zone02,2024-01-02T13:30:00,25.07,60.98,2.82,60.07
Zone03,2024-01-02T13:30:00,26.71,71.97,0.67,49.43
Zone04,2024-01-02T13:30:00,24.06,58.24,2.95,47.6
Zone05,2024-01-02T13:30:00,25.93,65.14,2.63,32.64
Zone06,2024-01-02T13:30:00,27.3,56.66,2.64,43.88
Zone07,2024-01-02T13:30:00,28.06,56.0,1.49,50.88
Zone08,2024-01-02T13:30:00,28.7,58.41,3.13,52.65
Zone09,2024-01-02T13:30:00,21.12,35.34,3.9,64.15
Zone10,2024-01-02T13:30:00,24.1,60.35,2.75,72.98
Zone11,2024-01-02T13:30:00,22.66,55.56,3.3,25.99
Zone12,2024-01-02T13:30:00,28.89,66.21,3.3,29.11
Zone01,2024-01-02T14:00:00,22.3,52.91,2.73,50.99
Zone02,2024-01-02T14:00:00,24.31,54.48,3.83,49.78
Zone03,2024-01-02T14:00:00,24.84,56.71,3.53,35.0
Zone04,2024-01-02T14:00:00,28.76,66.01,2.62,53.59
Zone05,2024-01-02T14:00:00,23.38,65.79,3.28,50.96
Zone06,2024-01-02T14:00:00,20.85,71.65,1.72,50.24
Zone07,2024-01-02T14:00:00,23.54,74.53,3.65,39.42
Zone08,2024-01-02T14:00:00,17.97,37.68,2.16,47.25
Zone09,2024-01-02T14:00:00,26.68,83.01,2.13,75.57
Zone10,2024-01-02T14:00:00,24.06,57.06,2.4,47.03
Zone11,2024-01-02T14:00:00,22.48,53.6,4.2,21.18
Zone12,2024-01-02T14:00:00,20.3,50.12,4.27,39.63
Zone01,2024-01-02T14:30:00,25.42,63.7,3.59,32.73
Zone02,2024-01-02T14:30:00,23.13,61.09,4.24,57.75
Zone03,2024-01-02T14:30:00,28.71,52.49,3.93,51.44
Zone04,2024-01-02T14:30:00,28.95,57.44,3.04,66.53
Zone05,2024-01-02T14:30:00,19.94,39.85,1.15,43.27
Zone06,2024-01-02T14:30:00,26.36,63.27,2.39,71.67
Zone07,2024-01-02T14:30:00,23.12,73.0,3.82,43.26
Zone08,2024-01-02T14:30:00,28.77,35.0,1.81,56.89
Zone09,2024-01-02T14:30:00,28.13,33.85,1.83,58.98
Zone10,2024-01-02T14:30:00,21.94,61.48,2.42,60.57
Zone11,2024-01-02T14:30:00,27.12,57.75,1.69,40.29
Zone12,2024-01-02T14:30:00,27.02,67.57,3.69,63.76
Zone01,2024-01-02T15:00:00,26.62,57.93,3.85,54.31
Zone02,2024-01-02T15:00:00,27.2,74.33,3.22,62.4
Zone03,2024-01-02T15:00:00,25.77,57.69,2.88,67.33
Zone04,2024-01-02T15:00:00,29.16,57.7,2.46,27.49
Zone05,2024-01-02T15:00:00,22.5,42.12,4.49,42.21
Zone06,2024-01-02T15:00:00,20.54,79.0,1.74,62.86
Zone07,2024-01-02T15:00:00,22.23,69.67,3.41,33.21
Zone08,2024-01-02T15:00:00,24.49,67.87,4.84,35.42
Zone09,2024-01-02T15:00:00,21.92,68.34,2.84,76.75
Zone10,2024-01-02T15:00:00,24.39,66.53,3.99,47.11
Zone11,2024-01-02T15:00:00,24.98,71.22,3.57,72.04
Zone12,2024-01-02T15:00:00,23.57,59.31,2.88,38.61
Zone01,2024-01-02T15:30:00,27.02,55.3,3.27,59.25
Zone02,2024-01-02T15:30:00,27.89,52.25,4.09,55.65
Zone03,2024-01-02T15:30:00,24.7,74.91,2.33,42.51
Zone04,2024-01-02T15:30:00,24.87,63.8,1.88,62.92
Zone05,2024-01-02T15:30:00,26.85,67.28,5.2,31.91
Zone06,2024-01-02T15:30:00,25.45,68.79,0.35,48.43
Zone07,2024-01-02T15:30:00,26.46,50.84,4.09,19.64
Zone08,2024-01-02T15:30:00,27.91,62.24,5.46,27.9
Zone09,2024-01-02T15:30:00,21.14,78.1,2.85,33.55
Zone10,2024-01-02T15:30:00,27.08,73.79,3.57,67.89
Zone11,2024-01-02T15:30:00,19.09,57.06,4.69,51.85
Zone12,2024-01-02T15:30:00,24.75,51.55,5.26,44.6
Zone01,2024-01-02T16:00:00,27.8,59.52,1.41,50.31
Zone02,2024-01-02T16:00:00,23.36,62.28,3.44,45.47
Zone03,2024-01-02T16:00:00,23.34,66.81,5.39,38.35
Zone04,2024-01-02T16:00:00,24.51,53.26,2.47,55.23
Zone05,2024-01-02T16:00:00,28.24,55.89,3.6,78.5
Zone06,2024-01-02T16:00:00,25.16,66.78,3.85,52.06
Zone07,2024-01-02T16:00:00,21.36,66.52,2.99,47.78
Zone08,2024-01-02T16:00:00,21.94,74.71,3.45,57.92
Zone09,2024-01-02T16:00:00,29.9,51.26,4.11,47.19
Zone10,2024-01-02T16:00:00,23.16,57.38,3.49,42.52
Zone11,2024-01-02T16:00:00,25.45,62.11,3.43,26.55
Zone12,2024-01-02T16:00:00,26.95,56.68,3.72,37.5
Zone01,2024-01-02T16:30:00,21.08,57.18,5.49,42.18
Zone02,2024-01-02T16:30:00,21.94,59.25,2.92,43.85
Zone03,2024-01-02T16:30:00,31.15,48.55,2.51,48.36
Zone04,2024-01-02T16:30:00,23.08,52.4,3.32,54.61
Zone05,2024-01-02T16:30:00,24.62,69.49,4.05,44.82
Zone06,2024-01-02T16:30:00,29.7,57.43,2.93,60.71
Zone07,2024-01-02T16:30:00,23.97,58.72,3.79,78.25
Zone08,2024-01-02T16:30:00,18.76,79.09,1.36,43.9
Zone09,2024-01-02T16:30:00,26.02,44.47,3.35,57.71
Zone10,2024-01-02T16:30:00,25.7,42.78,0.51,38.01
Zone11,2024-01-02T16:30:00,21.77,59.44,2.83,44.33
Zone12,2024-01-02T16:30:00,23.97,40.14,3.37,31.17
Zone01,2024-01-02T17:00:00,24.68,51.44,3.76,39.27
Zone02,2024-01-02T17:00:00,23.43,51.3,2.54,40.68
Zone03,2024-01-02T17:00:00,24.94,54.45,0.69,30.36
Zone04,2024-01-02T17:00:00,22.37,68.26,4.43,45.38
Zone05,2024-01-02T17:00:00,25.15,59.99,2.1,31.56
Zone06,2024-01-02T17:00:00,23.34,65.85,2.42,61.33
Zone07,2024-01-02T17:00:00,25.28,59.29,3.69,54.15
Zone08,2024-01-02T17:00:00,29.1,41.27,0.81,43.84
Zone09,2024-01-02T17:00:00,25.4,66.17,3.7,64.24
Zone10,2024-01-02T17:00:00,25.36,51.5,2.6,44.76
Zone11,2024-01-02T17:00:00,24.14,63.22,3.2,49.01
Zone12,2024-01-02T17:00:00,25.26,64.44,2.8,29.31
Zone01,2024-01-02T17:30:00,29.26,72.29,3.72,55.15
Zone02,2024-01-02T17:30:00,25.69,62.39,1.94,43.33
Zone03,2024-01-02T17:30:00,22.57,88.53,3.68,33.66
Zone04,2024-01-02T17:30:00,27.42,59.04,2.31,34.81
Zone05,2024-01-02T17:30:00,23.88,47.0,2.62,21.44
Zone06,2024-01-02T17:30:00,17.91,49.61,4.59,69.11
Zone07,2024-01-02T17:30:00,29.82,46.28,2.17,65.93
Zone08,2024-01-02T17:30:00,27.97,63.6,1.19,68.94
Zone09,2024-01-02T17:30:00,29.52,57.95,2.0,41.84
Zone10,2024-01-02T17:30:00,28.37,69.63,2.47,46.69
Zone11,2024-01-02T17:30:00,27.37,60.6,2.95,31.53
Zone12,2024-01-02T17:30:00,19.17,71.35,2.71,56.41
Zone01,2024-01-02T18:00:00,24.27,67.59,2.36,34.89
Zone02,2024-01-02T18:00:00,23.4,67.62,2.62,47.93
Zone03,2024-01-02T18:00:00,26.4,55.62,1.54,63.73
Zone04,2024-01-02T18:00:00,32.75,50.19,2.65,43.03
Zone05,2024-01-02T18:00:00,30.8,70.17,3.49,49.56
Zone06,2024-01-02T18:00:00,28.69,57.87,3.6,26.49
Zone07,2024-01-02T18:00:00,27.09,74.83,3.84,20.79
Zone08,2024-01-02T18:00:00,22.95,71.22,1.86,37.21
Zone09,2024-01-02T18:00:00,17.42,65.47,3.45,23.0
Zone10,2024-01-02T18:00:00,26.8,64.79,5.37,31.23
Zone11,2024-01-02T18:00:00,26.77,58.49,2.78,75.03
Zone12,2024-01-02T18:00:00,33.41,67.59,4.8,42.66
Zone01,2024-01-02T18:30:00,25.48,54.5,1.84,34.97
Zone02,2024-01-02T18:30:00,26.64,61.64,4.17,49.42
Zone03,2024-01-02T18:30:00,24.86,63.81,3.57,46.78
Zone04,2024-01-02T18:30:00,23.43,70.54,3.6,58.77
Zone05,2024-01-02T18:30:00,27.21,58.89,2.01,39.03
Zone06,2024-01-02T18:30:00,22.33,47.55,2.17,80.23
Zone07,2024-01-02T18:30:00,20.71,60.25,3.13,62.59
Zone08,2024-01-02T18:30:00,21.69,84.96,3.65,56.83
Zone09,2024-01-02T18:30:00,24.49,61.26,2.05,51.29
Zone10,2024-01-02T18:30:00,21.52,40.77,4.31,24.62
Zone11,2024-01-02T18:30:00,23.85,58.86,3.19,55.08
Zone12,2024-01-02T18:30:00,28.09,52.45,5.4,39.98
Zone01,2024-01-02T19:00:00,20.75,54.2,1.91,19.74
Zone02,2024-01-02T19:00:00,22.34,47.3,3.16,39.23
Zone03,2024-01-02T19:00:00,24.56,57.66,3.83,47.7
Zone04,2024-01-02T19:00:00,24.19,57.42,2.43,42.74
Zone05,2024-01-02T19:00:00,22.35,59.42,4.45,56.91
Zone06,2024-01-02T19:00:00,26.79,53.65,2.73,59.11
Zone07,2024-01-02T19:00:00,29.79,69.1,2.91,101.04
Zone08,2024-01-02T19:00:00,23.04,58.98,3.25,65.62
Zone09,2024-01-02T19:00:00,26.51,53.93,4.1,41.96
Zone10,2024-01-02T19:00:00,21.54,69.39,4.75,61.16
Zone11,2024-01-02T19:00:00,20.62,56.85,1.77,28.47
Zone12,2024-01-02T19:00:00,27.1,51.38,2.55,56.3
Zone01,2024-01-02T19:30:00,23.91,58.77,1.77,36.69
Zone02,2024-01-02T19:30:00,29.5,69.63,2.54,45.18
Zone03,2024-01-02T19:30:00,28.72,31.69,3.75,52.89
Zone04,2024-01-02T19:30:00,21.47,47.13,2.87,40.36
Zone05,2024-01-02T19:30:00,27.66,55.27,3.34,57.9
Zone06,2024-01-02T19:30:00,23.05,56.26,3.7,51.87
Zone07,2024-01-02T19:30:00,21.38,73.88,3.03,27.84
Zone08,2024-01-02T19:30:00,27.83,68.65,3.52,29.17
Zone09,2024-01-02T19:30:00,22.02,66.22,1.32,53.8
Zone10,2024-01-02T19:30:00,20.64,68.24,3.64,54.22
Zone11,2024-01-02T19:30:00,19.79,63.62,5.22,41.58
Zone12,2024-01-02T19:30:00,21.05,43.51,3.51,61.19
Zone01,2024-01-02T20:00:00,29.84,57.02,2.6,44.32
Zone02,2024-01-02T20:00:00,27.79,73.27,3.36,50.88
Zone03,2024-01-02T20:00:00,23.9,59.95,3.08,66.09
Zone04,2024-01-02T20:00:00,29.58,55.34,2.97,71.06
Zone05,2024-01-02T20:00:00,21.54,63.0,2.7,51.09
Zone06,2024-01-02T20:00:00,21.96,56.54,2.11,53.27
Zone07,2024-01-02T20:00:00,25.76,46.79,2.93,49.61
Zone08,2024-01-02T20:00:00,27.4,63.37,2.44,45.02
Zone09,2024-01-02T20:00:00,27.65,56.78,3.75,67.66
Zone10,2024-01-02T20:00:00,28.02,47.62,2.33,68.24
Zone11,2024-01-02T20:00:00,24.58,54.26,2.58,67.82
Zone12,2024-01-02T20:00:00,25.73,60.04,1.8,60.83
Zone01,2024-01-02T20:30:00,24.12,69.69,3.56,48.58
Zone02,2024-01-02T20:30:00,28.31,59.28,2.67,56.66
Zone03,2024-01-02T20:30:00,30.93,73.47,3.81,57.38
Zone04,2024-01-02T20:30:00,23.94,59.54,1.9,68.35
Zone05,2024-01-02T20:30:00,23.78,58.91,3.08,38.89
Zone06,2024-01-02T20:30:00,26.12,60.26,2.73,42.45
Zone07,2024-01-02T20:30:00,25.64,71.83,5.32,36.04
Zone08,2024-01-02T20:30:00,22.92,44.7,3.92,41.79
Zone09,2024-01-02T20:30:00,28.62,64.37,1.27,49.47
Zone10,2024-01-02T20:30:00,23.27,70.06,0.44,29.7
Zone11,2024-01-02T20:30:00,26.22,54.06,1.92,30.17
Zone12,2024-01-02T20:30:00,25.13,57.52,2.49,70.68
Zone01,2024-01-02T21:00:00,23.52,60.82,2.15,42.48
Zone02,2024-01-02T21:00:00,21.72,42.09,3.13,48.95
Zone03,2024-01-02T21:00:00,23.41,54.34,1.34,34.9
Zone04,2024-01-02T21:00:00,21.75,36.64,4.33,38.59
Zone05,2024-01-02T21:00:00,22.7,66.99,2.46,54.05
Zone06,2024-01-02T21:00:00,26.57,63.43,2.9,34.09
Zone07,2024-01-02T21:00:00,23.92,62.01,1.44,72.24
Zone08,2024-01-02T21:00:00,25.45,59.5,2.18,55.24
Zone09,2024-01-02T21:00:00,23.96,42.51,2.61,50.79
Zone10,2024-01-02T21:00:00,21.97,77.38,5.48,52.68
Zone11,2024-01-02T21:00:00,20.83,54.75,3.28,57.25
Zone12,2024-01-02T21:00:00,27.83,79.32,3.72,25.02
Zone01,2024-01-02T21:30:00,21.07,55.58,4.6,77.14
Zone02,2024-01-02T21:30:00,27.23,54.29,2.27,31.05
Zone03,2024-01-02T21:30:00,24.45,62.52,2.21,45.73
Zone04,2024-01-02T21:30:00,25.32,69.67,1.66,30.83
Zone05,2024-01-02T21:30:00,24.71,54.27,3.67,86.09
Zone06,2024-01-02T21:30:00,23.06,78.61,3.27,52.14
Zone07,2024-01-02T21:30:00,26.94,49.37,3.62,64.71
Zone08,2024-01-02T21:30:00,26.13,63.06,2.83,36.98
Zone09,2024-01-02T21:30:00,25.35,54.04,5.22,72.17
Zone10,2024-01-02T21:30:00,24.46,59.97,2.94,44.53
Zone11,2024-01-02T21:30:00,19.88,93.65,3.78,51.42
Zone12,2024-01-02T21:30:00,28.29,63.22,3.99,72.35
Zone01,2024-01-02T22:00:00,25.7,47.84,2.06,44.19
Zone02,2024-01-02T22:00:00,21.95,68.76,2.61,57.76
Zone03,2024-01-02T22:00:00,25.24,59.03,2.43,44.37
Zone04,2024-01-02T22:00:00,25.26,60.59,4.27,54.83
Zone05,2024-01-02T22:00:00,25.48,78.93,2.53,33.06
Zone06,2024-01-02T22:00:00,29.99,58.11,4.47,38.34
Zone07,2024-01-02T22:00:00,18.77,63.5,1.9,41.18
Zone08,2024-01-02T22:00:00,23.48,48.76,1.91,52.37
Zone09,2024-01-02T22:00:00,26.71,63.5,2.02,53.52
Zone10,2024-01-02T22:00:00,23.85,54.98,2.56,67.94
Zone11,2024-01-02T22:00:00,25.33,60.37,2.72,43.87
Zone12,2024-01-02T22:00:00,21.22,61.76,3.32,53.99
Zone01,2024-01-02T22:30:00,26.39,58.07,0.6,51.52
Zone02,2024-01-02T22:30:00,23.74,56.53,3.63,47.9
Zone03,2024-01-02T22:30:00,29.94,52.3,3.24,74.45
Zone04,2024-01-02T22:30:00,25.63,61.54,3.15,65.82
Zone05,2024-01-02T22:30:00,25.5,54.72,3.37,68.78
Zone06,2024-01-02T22:30:00,25.53,78.66,2.86,51.18
Zone07,2024-01-02T22:30:00,27.03,78.91,1.92,74.64
Zone08,2024-01-02T22:30:00,28.85,73.58,2.53,35.84
Zone09,2024-01-02T22:30:00,21.41,63.99,4.97,47.12
Zone10,2024-01-02T22:30:00,21.88,50.66,2.86,73.03
Zone11,2024-01-02T22:30:00,25.6,64.33,2.76,59.88
Zone12,2024-01-02T22:30:00,27.0,55.11,4.4,36.76
Zone01,2024-01-02T23:00:00,23.76,54.96,2.9,55.82
Zone02,2024-01-02T23:00:00,24.89,60.67,2.08,49.59
Zone03,2024-01-02T23:00:00,28.71,59.61,3.33,40.48
Zone04,2024-01-02T23:00:00,25.45,59.28,3.34,63.72
Zone05,2024-01-02T23:00:00,27.65,64.58,3.58,43.36
Zone06,2024-01-02T23:00:00,27.31,76.28,2.8,32.94
Zone07,2024-01-02T23:00:00,22.19,65.46,0.48,52.78
Zone08,2024-01-02T23:00:00,23.4,71.32,3.11,49.63
Zone09,2024-01-02T23:00:00,22.88,58.23,0.89,74.4
Zone10,2024-01-02T23:00:00,27.11,68.98,4.64,69.41
Zone11,2024-01-02T23:00:00,28.91,65.36,2.99,52.92
Zone12,2024-01-02T23:00:00,24.86,50.82,5.03,37.53
Zone01,2024-01-02T23:30:00,25.71,57.32,2.14,59.21
Zone02,2024-01-02T23:30:00,26.1,54.17,1.72,71.21
Zone03,2024-01-02T23:30:00,22.73,62.97,3.15,36.1
Zone04,2024-01-02T23:30:00,23.62,53.0,3.33,38.94
Zone05,2024-01-02T23:30:00,22.66,62.5,1.39,57.67
Zone06,2024-01-02T23:30:00,26.56,43.75,2.82,64.82
Zone07,2024-01-02T23:30:00,26.16,59.28,0.56,60.15
Zone08,2024-01-02T23:30:00,28.86,64.16,3.81,56.47
Zone09,2024-01-02T23:30:00,26.21,53.25,3.32,38.94
Zone10,2024-01-02T23:30:00,23.35,56.31,2.92,49.4
Zone11,2024-01-02T23:30:00,28.65,57.44,2.68,48.08
Zone12,2024-01-02T23:30:00,23.15,60.16,4.89,39.81
Zone01,2024-01-03T00:00:00,23.06,65.38,2.5,46.25
Zone02,2024-01-03T00:00:00,23.1,53.49,4.28,43.27
Zone03,2024-01-03T00:00:00,26.66,73.87,4.97,63.88
Zone04,2024-01-03T00:00:00,29.42,61.02,2.9,34.59
Zone05,2024-01-03T00:00:00,23.25,65.29,3.23,54.68
Zone06,2024-01-03T00:00:00,22.53,47.94,4.67,66.57
Zone07,2024-01-03T00:00:00,27.88,61.63,2.29,48.69
Zone08,2024-01-03T00:00:00,22.5,55.11,3.08,48.73
Zone09,2024-01-03T00:00:00,22.4,67.25,2.62,34.88
Zone10,2024-01-03T00:00:00,23.38,52.16,2.11,44.89
Zone11,2024-01-03T00:00:00,23.4,59.82,2.35,67.09
Zone12,2024-01-03T00:00:00,23.14,55.05,1.53,31.57
Zone01,2024-01-03T00:30:00,27.93,62.1,4.55,45.12
Zone02,2024-01-03T00:30:00,25.91,60.22,1.72,46.71
Zone03,2024-01-03T00:30:00,22.2,47.28,4.6,56.44
Zone04,2024-01-03T00:30:00,23.51,56.47,5.01,48.8
Zone05,2024-01-03T00:30:00,23.63,80.86,2.72,60.81
Zone06,2024-01-03T00:30:00,26.78,50.3,3.57,26.65
Zone07,2024-01-03T00:30:00,29.96,55.91,3.28,49.24
Zone08,2024-01-03T00:30:00,26.46,71.44,3.53,44.48
Zone09,2024-01-03T00:30:00,28.04,65.13,4.04,76.05
Zone10,2024-01-03T00:30:00,31.92,65.05,2.64,68.15
Zone11,2024-01-03T00:30:00,22.79,63.22,2.3,47.79
Zone12,2024-01-03T00:30:00,27.34,61.23,3.14,53.54
Zone01,2024-01-03T01:00:00,23.04,47.88,2.17,53.4
Zone02,2024-01-03T01:00:00,20.33,47.03,3.79,15.13
Zone03,2024-01-03T01:00:00,23.7,48.24,3.54,65.74
Zone04,2024-01-03T01:00:00,27.66,49.98,3.28,49.2
Zone05,2024-01-03T01:00:00,20.93,67.17,2.88,27.93
Zone06,2024-01-03T01:00:00,23.79,63.13,3.72,46.43
Zone07,2024-01-03T01:00:00,18.49,59.6,3.72,22.38
Zone08,2024-01-03T01:00:00,19.22,58.24,4.34,49.47
Zone09,2024-01-03T01:00:00,28.1,59.36,2.93,35.25
Zone10,2024-01-03T01:00:00,24.53,57.74,2.62,38.91
Zone11,2024-01-03T01:00:00,22.96,73.34,2.23,58.75
Zone12,2024-01-03T01:00:00,26.54,61.0,2.51,64.5
Zone01,2024-01-03T01:30:00,29.09,51.73,2.96,43.31
Zone02,2024-01-03T01:30:00,27.46,55.7,3.41,46.84
Zone03,2024-01-03T01:30:00,23.59,67.98,2.86,41.28
Zone04,2024-01-03T01:30:00,30.03,57.24,4.35,57.85
Zone05,2024-01-03T01:30:00,25.78,60.93,2.78,39.18
Zone06,2024-01-03T01:30:00,23.07,52.19,4.29,61.73
Zone07,2024-01-03T01:30:00,24.58,38.14,3.52,45.77
Zone08,2024-01-03T01:30:00,25.79,72.59,3.41,60.46
Zone09,2024-01-03T01:30:00,24.08,51.14,3.19,60.2
Zone10,2024-01-03T01:30:00,28.01,46.01,2.13,48.15
Zone11,2024-01-03T01:30:00,23.68,61.48,1.38,67.98
Zone12,2024-01-03T01:30:00,21.11,50.29,2.93,32.84
Zone01,2024-01-03T02:00:00,27.94,60.59,3.21,28.06
Zone02,2024-01-03T02:00:00,25.65,55.99,1.73,48.06
Zone03,2024-01-03T02:00:00,30.84,45.48,4.91,71.73
Zone04,2024-01-03T02:00:00,20.98,69.24,3.46,66.7
Zone05,2024-01-03T02:00:00,25.98,45.66,2.86,47.55
Zone06,2024-01-03T02:00:00,26.53,63.06,2.23,59.46
Zone07,2024-01-03T02:00:00,17.28,54.26,2.78,55.15
Zone08,2024-01-03T02:00:00,27.2,49.22,3.73,41.76
Zone09,2024-01-03T02:00:00,27.11,49.58,4.07,67.14
Zone10,2024-01-03T02:00:00,27.05,68.16,2.12,34.27
Zone11,2024-01-03T02:00:00,23.91,63.52,1.99,66.28
Zone12,2024-01-03T02:00:00,23.91,64.85,5.09,59.12
Zone01,2024-01-03T02:30:00,25.81,59.79,4.12,47.78
Zone02,2024-01-03T02:30:00,19.64,48.82,2.35,59.28
Zone03,2024-01-03T02:30:00,22.92,57.51,3.61,64.41
Zone04,2024-01-03T02:30:00,24.65,52.74,3.12,83.0
Zone05,2024-01-03T02:30:00,22.61,69.22,3.05,56.33
Zone06,2024-01-03T02:30:00,23.62,66.73,1.51,73.94
Zone07,2024-01-03T02:30:00,23.08,53.53,3.51,45.52
Zone08,2024-01-03T02:30:00,18.23,56.54,3.65,18.68
Zone09,2024-01-03T02:30:00,22.96,73.5,3.04,45.22
Zone10,2024-01-03T02:30:00,22.96,76.45,3.44,43.87
Zone11,2024-01-03T02:30:00,22.51,68.05,3.48,40.67
Zone12,2024-01-03T02:30:00,20.79,62.85,1.77,48.59
Zone01,2024-01-03T03:00:00,21.9,68.22,1.45,73.81
Zone02,2024-01-03T03:00:00,25.42,44.13,3.59,35.13
Zone03,2024-01-03T03:00:00,26.01,68.21,3.34,61.33
Zone04,2024-01-03T03:00:00,23.34,61.74,2.79,30.06
Zone05,2024-01-03T03:00:00,23.52,51.55,3.53,32.3
Zone06,2024-01-03T03:00:00,23.53,50.4,2.5,74.19
Zone07,2024-01-03T03:00:00,25.43,61.06,2.55,43.47
Zone08,2024-01-03T03:00:00,22.97,45.48,3.12,29.76
Zone09,2024-01-03T03:00:00,21.31,57.36,3.12,69.59
Zone10,2024-01-03T03:00:00,27.16,64.78,3.27,57.58
Zone11,2024-01-03T03:00:00,24.36,48.76,2.84,45.21
Zone12,2024-01-03T03:00:00,27.9,66.29,2.28,58.89
Zone01,2024-01-03T03:30:00,23.64,68.48,3.21,43.99
Zone02,2024-01-03T03:30:00,25.18,40.33,2.83,45.54
Zone03,2024-01-03T03:30:00,24.63,72.65,4.01,10.83
Zone04,2024-01-03T03:30:00,23.46,51.44,3.97,25.27
Zone05,2024-01-03T03:30:00,28.05,58.15,2.66,51.24
Zone06,2024-01-03T03:30:00,20.41,60.44,1.84,72.3
Zone07,2024-01-03T03:30:00,23.56,70.45,2.99,14.82
Zone08,2024-01-03T03:30:00,31.7,66.77,2.54,23.77
Zone09,2024-01-03T03:30:00,21.11,62.67,1.84,38.07
Zone10,2024-01-03T03:30:00,27.47,71.35,2.73,49.35
Zone11,2024-01-03T03:30:00,25.56,75.15,4.23,76.62
Zone12,2024-01-03T03:30:00,27.08,56.97,3.31,68.3
Zone01,2024-01-03T04:00:00,23.32,56.49,3.1,63.02
Zone02,2024-01-03T04:00:00,22.2,51.37,1.66,29.07
Zone03,2024-01-03T04:00:00,26.2,61.55,3.47,48.8
Zone04,2024-01-03T04:00:00,25.67,45.52,3.81,54.04
Zone05,2024-01-03T04:00:00,25.8,53.17,3.48,39.88
Zone06,2024-01-03T04:00:00,30.16,59.26,2.79,54.42
Zone07,2024-01-03T04:00:00,20.72,43.95,3.08,75.97
Zone08,2024-01-03T04:00:00,22.93,63.85,3.1,70.35
Zone09,2024-01-03T04:00:00,24.04,65.39,3.79,25.8
Zone10,2024-01-03T04:00:00,29.32,60.03,2.68,28.39
Zone11,2024-01-03T04:00:00,20.83,47.36,3.04,95.94
Zone12,2024-01-03T04:00:00,25.73,69.16,0.3,57.26
Zone01,2024-01-03T04:30:00,26.13,48.45,2.08,64.93
Zone02,2024-01-03T04:30:00,31.95,62.67,3.34,70.22
Zone03,2024-01-03T04:30:00,20.1,52.67,3.44,32.25
Zone04,2024-01-03T04:30:00,28.62,61.29,1.9,71.3
Zone05,2024-01-03T04:30:00,22.11,60.64,3.39,39.74
Zone06,2024-01-03T04:30:00,26.39,63.43,1.88,39.46
Zone07,2024-01-03T04:30:00,28.04,54.77,2.76,78.16
Zone08,2024-01-03T04:30:00,28.06,61.96,2.42,53.58
Zone09,2024-01-03T04:30:00,22.94,46.96,2.37,44.82
Zone10,2024-01-03T04:30:00,24.27,61.38,1.49,49.31
Zone11,2024-01-03T04:30:00,27.53,90.38,3.32,44.23
Zone12,2024-01-03T04:30:00,22.13,52.84,1.73,55.98
Zone01,2024-01-03T05:00:00,26.72,54.95,2.72,65.36
Zone02,2024-01-03T05:00:00,24.43,69.19,2.57,55.22
Zone03,2024-01-03T05:00:00,28.19,55.82,3.33,32.46
Zone04,2024-01-03T05:00:00,19.58,45.07,2.68,61.28
Zone05,2024-01-03T05:00:00,24.92,55.28,5.15,60.07
Zone06,2024-01-03T05:00:00,24.9,66.28,3.65,56.64
Zone07,2024-01-03T05:00:00,17.99,47.19,3.54,46.56
Zone08,2024-01-03T05:00:00,29.99,69.81,2.26,50.31
Zone09,2024-01-03T05:00:00,27.84,74.24,4.44,58.93
Zone10,2024-01-03T05:00:00,27.08,46.73,3.31,51.33
Zone11,2024-01-03T05:00:00,26.82,47.32,3.03,41.55
Zone12,2024-01-03T05:00:00,22.14,74.4,4.13,46.81
Zone01,2024-01-03T05:30:00,19.63,68.91,2.59,39.02
Zone02,2024-01-03T05:30:00,25.45,59.24,2.96,22.25
Zone03,2024-01-03T05:30:00,29.32,59.21,2.59,60.55
Zone04,2024-01-03T05:30:00,26.45,66.28,2.95,43.72
Zone05,2024-01-03T05:30:00,23.68,76.58,3.24,47.6
Zone06,2024-01-03T05:30:00,25.6,66.64,3.78,45.27
Zone07,2024-01-03T05:30:00,25.95,77.94,-0.39,67.43
Zone08,2024-01-03T05:30:00,23.77,56.03,1.95,47.12
Zone09,2024-01-03T05:30:00,27.16,77.91,1.82,42.69
Zone10,2024-01-03T05:30:00,28.03,79.53,1.52,55.91
Zone11,2024-01-03T05:30:00,29.68,58.38,4.0,59.62
Zone12,2024-01-03T05:30:00,28.35,73.81,2.44,43.59
Zone01,2024-01-03T06:00:00,29.39,48.5,2.55,32.59
Zone02,2024-01-03T06:00:00,28.77,52.22,2.39,45.66
Zone03,2024-01-03T06:00:00,22.06,50.06,3.62,28.06
Zone04,2024-01-03T06:00:00,25.41,62.34,4.05,46.45
Zone05,2024-01-03T06:00:00,26.61,75.07,2.58,35.47
Zone06,2024-01-03T06:00:00,23.2,55.99,2.69,34.56
Zone07,2024-01-03T06:00:00,22.64,49.62,0.45,64.79
Zone08,2024-01-03T06:00:00,19.52,69.76,3.79,45.64
Zone09,2024-01-03T06:00:00,25.55,51.88,3.45,50.06
Zone10,2024-01-03T06:00:00,28.89,66.68,4.25,48.27
Zone11,2024-01-03T06:00:00,24.83,50.76,3.36,72.33
Zone12,2024-01-03T06:00:00,21.76,56.44,2.45,69.94
Zone01,2024-01-03T06:30:00,21.03,63.59,4.04,44.16
Zone02,2024-01-03T06:30:00,21.34,47.42,2.46,42.49
Zone03,2024-01-03T06:30:00,24.4,72.58,3.39,42.45
Zone04,2024-01-03T06:30:00,22.98,46.03,2.92,38.82
Zone05,2024-01-03T06:30:00,21.65,69.39,4.52,59.18
Zone06,2024-01-03T06:30:00,27.23,69.77,2.21,51.08
Zone07,2024-01-03T06:30:00,25.67,38.24,3.35,30.93
Zone08,2024-01-03T06:30:00,28.23,60.45,4.44,39.83
Zone09,2024-01-03T06:30:00,26.13,40.48,4.41,58.6
Zone10,2024-01-03T06:30:00,25.85,68.46,2.54,59.27
Zone11,2024-01-03T06:30:00,27.31,56.61,2.0,59.16
Zone12,2024-01-03T06:30:00,22.61,57.49,1.59,66.04
Zone01,2024-01-03T07:00:00,24.72,56.3,3.12,55.7
Zone02,2024-01-03T07:00:00,24.16,59.79,2.88,41.78
Zone03,2024-01-03T07:00:00,24.77,67.0,2.86,42.93
Zone04,2024-01-03T07:00:00,19.96,66.8,3.15,49.7
Zone05,2024-01-03T07:00:00,24.46,43.71,3.23,55.59
Zone06,2024-01-03T07:00:00,30.52,58.02,3.52,54.51
Zone07,2024-01-03T07:00:00,24.7,52.4,2.3,39.29
Zone08,2024-01-03T07:00:00,31.1,74.82,3.94,55.11
Zone09,2024-01-03T07:00:00,23.63,51.87,2.38,-2.84
Zone10,2024-01-03T07:00:00,25.57,66.9,2.2,58.47
Zone11,2024-01-03T07:00:00,22.35,62.14,1.69,58.29
Zone12,2024-01-03T07:00:00,22.89,72.24,1.88,73.56
Zone01,2024-01-03T07:30:00,22.51,70.96,4.64,49.78
Zone02,2024-01-03T07:30:00,25.06,64.38,3.99,77.27
Zone03,2024-01-03T07:30:00,23.88,86.51,3.96,62.42
Zone04,2024-01-03T07:30:00,23.53,47.32,2.67,48.75
Zone05,2024-01-03T07:30:00,31.46,46.68,2.23,70.9
Zone06,2024-01-03T07:30:00,28.07,50.88,4.82,40.1
Zone07,2024-01-03T07:30:00,23.67,73.39,2.96,31.83
Zone08,2024-01-03T07:30:00,24.36,52.12,3.88,76.54
Zone09,2024-01-03T07:30:00,26.15,60.45,2.98,61.98
Zone10,2024-01-03T07:30:00,22.58,56.52,5.31,60.73
Zone11,2024-01-03T07:30:00,24.5,50.98,2.91,29.2
Zone12,2024-01-03T07:30:00,28.49,50.11,3.03,54.15
Zone01,2024-01-03T08:00:00,23.87,46.44,5.19,44.33
Zone02,2024-01-03T08:00:00,27.78,61.41,2.8,33.25
Zone03,2024-01-03T08:00:00,26.5,47.5,1.89,61.71
Zone04,2024-01-03T08:00:00,26.86,61.76,3.34,44.61
Zone05,2024-01-03T08:00:00,25.02,54.62,4.19,31.88
Zone06,2024-01-03T08:00:00,27.59,62.94,1.31,66.2
Zone07,2024-01-03T08:00:00,32.01,53.95,3.51,43.71
Zone08,2024-01-03T08:00:00,23.72,58.07,1.71,49.17
Zone09,2024-01-03T08:00:00,28.34,59.07,2.79,61.3
Zone10,2024-01-03T08:00:00,21.95,66.35,2.48,56.14
Zone11,2024-01-03T08:00:00,25.43,51.26,2.69,52.99
Zone12,2024-01-03T08:00:00,23.94,53.35,3.25,41.4
Zone01,2024-01-03T08:30:00,23.05,62.82,4.49,57.21
Zone02,2024-01-03T08:30:00,23.96,54.74,2.94,61.73
Zone03,2024-01-03T08:30:00,28.45,88.89,4.55,71.31
Zone04,2024-01-03T08:30:00,28.17,64.32,5.69,29.21
Zone05,2024-01-03T08:30:00,20.18,53.97,3.36,61.54
Zone06,2024-01-03T08:30:00,25.34,60.47,1.51,57.29
Zone07,2024-01-03T08:30:00,21.89,48.01,4.36,36.46
Zone08,2024-01-03T08:30:00,17.41,63.34,2.16,42.22
Zone09,2024-01-03T08:30:00,26.63,67.18,2.78,18.86
Zone10,2024-01-03T08:30:00,25.41,63.67,3.31,65.37
Zone11,2024-01-03T08:30:00,24.17,66.78,0.85,45.56
Zone12,2024-01-03T08:30:00,32.33,77.21,1.13,32.97
Zone01,2024-01-03T09:00:00,29.5,68.37,4.58,54.37
Zone02,2024-01-03T09:00:00,21.27,59.52,2.59,50.42
Zone03,2024-01-03T09:00:00,24.47,55.97,2.53,56.25
Zone04,2024-01-03T09:00:00,29.81,57.11,1.88,32.54
Zone05,2024-01-03T09:00:00,26.41,62.72,1.84,43.91
Zone06,2024-01-03T09:00:00,28.16,66.61,3.15,63.69
Zone07,2024-01-03T09:00:00,30.03,70.74,2.72,56.97
Zone08,2024-01-03T09:00:00,23.66,67.6,2.63,53.59
Zone09,2024-01-03T09:00:00,20.38,58.18,2.56,40.27
Zone10,2024-01-03T09:00:00,24.7,69.79,3.3,59.05
Zone11,2024-01-03T09:00:00,21.42,50.23,3.43,55.67
Zone12,2024-01-03T09:00:00,27.61,56.0,2.79,42.38
Zone01,2024-01-03T09:30:00,20.69,66.99,1.57,63.66
Zone02,2024-01-03T09:30:00,24.14,59.09,2.41,44.67
Zone03,2024-01-03T09:30:00,28.82,59.22,3.29,45.35
Zone04,2024-01-03T09:30:00,20.53,56.78,3.06,64.33
Zone05,2024-01-03T09:30:00,21.78,58.37,2.69,63.88
Zone06,2024-01-03T09:30:00,27.1,74.18,3.89,36.59
Zone07,2024-01-03T09:30:00,31.03,62.92,2.82,50.53
Zone08,2024-01-03T09:30:00,20.4,68.51,2.11,90.13
Zone09,2024-01-03T09:30:00,24.65,70.69,1.36,53.74
Zone10,2024-01-03T09:30:00,22.78,55.74,3.96,26.88
Zone11,2024-01-03T09:30:00,27.89,65.23,3.83,41.41
Zone12,2024-01-03T09:30:00,23.59,70.43,5.6,45.91
Zone01,2024-01-03T10:00:00,31.82,64.22,4.97,59.14
Zone02,2024-01-03T10:00:00,22.22,57.02,4.27,36.52
Zone03,2024-01-03T10:00:00,29.5,73.06,3.78,26.45
Zone04,2024-01-03T10:00:00,26.16,72.28,3.99,43.46
Zone05,2024-01-03T10:00:00,22.29,64.45,4.05,9.11
Zone06,2024-01-03T10:00:00,24.31,59.25,2.42,45.11
Zone07,2024-01-03T10:00:00,19.7,61.22,3.5,45.12
Zone08,2024-01-03T10:00:00,18.07,74.29,2.88,70.36
Zone09,2024-01-03T10:00:00,25.39,57.8,2.76,26.82
Zone10,2024-01-03T10:00:00,22.83,63.58,3.91,54.65
Zone11,2024-01-03T10:00:00,23.88,59.91,2.48,87.96
Zone12,2024-01-03T10:00:00,31.62,49.34,3.3,47.03
Zone01,2024-01-03T10:30:00,23.87,73.94,3.42,28.44
Zone02,2024-01-03T10:30:00,26.61,56.31,2.55,42.39
Zone03,2024-01-03T10:30:00,22.77,63.56,3.97,12.73
Zone04,2024-01-03T10:30:00,22.05,68.98,3.37,39.65
Zone05,2024-01-03T10:30:00,18.88,53.99,2.86,56.22
Zone06,2024-01-03T10:30:00,27.6,51.57,2.87,61.73
Zone07,2024-01-03T10:30:00,26.2,67.5,1.22,71.14
Zone08,2024-01-03T10:30:00,22.52,74.02,2.35,45.67
Zone09,2024-01-03T10:30:00,26.17,69.77,1.05,18.2
Zone10,2024-01-03T10:30:00,22.24,64.53,2.31,58.79
Zone11,2024-01-03T10:30:00,26.85,56.89,3.2,65.72
Zone12,2024-01-03T10:30:00,25.26,59.44,5.19,47.17
Zone01,2024-01-03T11:00:00,28.42,58.75,3.16,40.79
Zone02,2024-01-03T11:00:00,24.49,57.12,2.74,29.59
Zone03,2024-01-03T11:00:00,25.39,65.17,3.56,59.97
Zone04,2024-01-03T11:00:00,28.94,72.61,3.91,39.91
Zone05,2024-01-03T11:00:00,25.57,63.06,3.11,38.83
Zone06,2024-01-03T11:00:00,24.66,47.57,2.15,58.26
Zone07,2024-01-03T11:00:00,29.13,54.09,3.84,52.29
Zone08,2024-01-03T11:00:00,31.52,78.56,2.94,42.33
Zone09,2024-01-03T11:00:00,24.55,62.08,2.32,36.64
Zone10,2024-01-03T11:00:00,25.32,71.27,1.5,50.4
Zone11,2024-01-03T11:00:00,25.58,72.02,2.71,72.47
Zone12,2024-01-03T11:00:00,17.37,60.54,3.56,59.71
Zone01,2024-01-03T11:30:00,24.99,49.74,1.11,36.52
Zone02,2024-01-03T11:30:00,18.03,61.91,3.46,74.85
Zone03,2024-01-03T11:30:00,24.92,56.86,3.19,63.67
Zone04,2024-01-03T11:30:00,24.44,66.59,2.55,56.26
Zone05,2024-01-03T11:30:00,26.38,76.41,1.09,65.22
Zone06,2024-01-03T11:30:00,20.68,60.76,3.52,44.96
Zone07,2024-01-03T11:30:00,27.09,62.22,3.28,50.59
Zone08,2024-01-03T11:30:00,23.05,65.9,3.84,30.11
Zone09,2024-01-03T11:30:00,25.19,61.41,1.61,41.79
Zone10,2024-01-03T11:30:00,21.98,72.24,5.09,59.68
Zone11,2024-01-03T11:30:00,29.27,63.46,3.73,76.91
Zone12,2024-01-03T11:30:00,25.97,67.4,3.48,45.09
Zone01,2024-01-03T12:00:00,25.9,47.47,3.57,59.48
Zone02,2024-01-03T12:00:00,28.71,65.13,3.66,43.48
Zone03,2024-01-03T12:00:00,26.0,58.54,3.63,52.11
Zone04,2024-01-03T12:00:00,25.69,54.15,3.51,38.22
Zone05,2024-01-03T12:00:00,25.08,66.89,3.95,49.35
Zone06,2024-01-03T12:00:00,24.57,56.66,3.32,37.83
Zone07,2024-01-03T12:00:00,20.79,55.13,3.98,23.22
Zone08,2024-01-03T12:00:00,20.99,52.26,4.36,30.88
Zone09,2024-01-03T12:00:00,28.14,50.25,3.39,59.95
Zone10,2024-01-03T12:00:00,28.41,68.18,3.13,47.77
Zone11,2024-01-03T12:00:00,29.06,57.21,4.19,37.96
Zone12,2024-01-03T12:00:00,22.4,56.88,4.86,37.9
Zone01,2024-01-03T12:30:00,25.07,65.14,4.42,42.83
Zone02,2024-01-03T12:30:00,21.09,58.52,3.0,20.87
Zone03,2024-01-03T12:30:00,22.46,58.73,5.78,43.85
Zone04,2024-01-03T12:30:00,31.39,57.76,2.39,48.72
Zone05,2024-01-03T12:30:00,26.04,44.36,2.04,45.09
Zone06,2024-01-03T12:30:00,25.52,62.49,2.28,42.49
Zone07,2024-01-03T12:30:00,28.93,66.81,2.8,67.14
Zone08,2024-01-03T12:30:00,22.32,73.89,3.57,64.99
Zone09,2024-01-03T12:30:00,27.71,66.62,1.72,63.32
Zone10,2024-01-03T12:30:00,24.16,57.93,3.38,72.53
Zone11,2024-01-03T12:30:00,25.41,53.31,2.88,82.52
Zone12,2024-01-03T12:30:00,26.51,57.51,2.18,41.6
Zone01,2024-01-03T13:00:00,23.01,56.42,2.81,40.12
Zone02,2024-01-03T13:00:00,23.53,59.05,4.72,37.48
Zone03,2024-01-03T13:00:00,23.28,69.41,4.55,53.37
Zone04,2024-01-03T13:00:00,20.93,80.04,2.9,69.79
Zone05,2024-01-03T13:00:00,21.05,57.13,1.8,19.47
Zone06,2024-01-03T13:00:00,27.51,75.8,2.13,61.53
Zone07,2024-01-03T13:00:00,28.54,77.9,2.92,47.72
Zone08,2024-01-03T13:00:00,23.66,63.51,2.15,10.37
Zone09,2024-01-03T13:00:00,22.62,56.73,4.46,52.51
Zone10,2024-01-03T13:00:00,24.72,64.15,3.73,57.16
Zone11,2024-01-03T13:00:00,20.49,72.43,3.18,50.43
Zone12,2024-01-03T13:00:00,26.64,75.61,2.01,51.87
Zone01,2024-01-03T13:30:00,24.63,59.31,2.52,49.18
Zone02,2024-01-03T13:30:00,22.07,64.05,2.86,54.79
Zone03,2024-01-03T13:30:00,27.23,65.78,2.27,49.82
Zone04,2024-01-03T13:30:00,25.62,57.81,2.84,41.26
Zone05,2024-01-03T13:30:00,27.26,53.01,3.7,57.7
Zone06,2024-01-03T13:30:00,28.01,53.39,2.08,47.03
Zone07,2024-01-03T13:30:00,22.73,66.76,2.86,52.45
Zone08,2024-01-03T13:30:00,29.06,76.63,1.68,48.87
Zone09,2024-01-03T13:30:00,24.82,49.04,0.95,33.18
Zone10,2024-01-03T13:30:00,24.5,65.21,0.56,18.29
Zone11,2024-01-03T13:30:00,26.19,72.62,3.6,68.4
Zone12,2024-01-03T13:30:00,29.11,45.11,1.54,64.99
Zone01,2024-01-03T14:00:00,26.85,57.99,3.44,31.7
Zone02,2024-01-03T14:00:00,28.59,59.74,2.72,57.26
Zone03,2024-01-03T14:00:00,20.5,49.33,0.8,69.45
Zone04,2024-01-03T14:00:00,22.12,46.43,3.13,47.99
Zone05,2024-01-03T14:00:00,21.09,55.01,3.6,56.78
Zone06,2024-01-03T14:00:00,25.26,56.14,1.18,59.22
Zone07,2024-01-03T14:00:00,31.01,54.26,3.34,56.34
Zone08,2024-01-03T14:00:00,21.42,75.79,4.12,79.36
Zone09,2024-01-03T14:00:00,20.0,54.13,2.13,62.14
Zone10,2024-01-03T14:00:00,19.47,49.23,2.74,40.54
Zone11,2024-01-03T14:00:00,27.05,59.75,3.49,76.09
Zone12,2024-01-03T14:00:00,24.78,63.29,4.77,62.8
Zone01,2024-01-03T14:30:00,23.6,59.26,3.01,41.81
Zone02,2024-01-03T14:30:00,33.47,49.63,5.1,66.23
Zone03,2024-01-03T14:30:00,24.45,58.53,3.71,69.78
Zone04,2024-01-03T14:30:00,17.36,63.55,3.41,25.59
Zone05,2024-01-03T14:30:00,26.52,54.4,2.97,11.18
Zone06,2024-01-03T14:30:00,28.12,54.5,4.59,36.53
Zone07,2024-01-03T14:30:00,26.16,64.31,1.88,56.88
Zone08,2024-01-03T14:30:00,24.41,68.72,2.68,73.31
Zone09,2024-01-03T14:30:00,22.91,68.52,1.25,23.66
Zone10,2024-01-03T14:30:00,18.15,56.89,2.94,67.68
Zone11,2024-01-03T14:30:00,21.1,39.32,1.94,51.07
Zone12,2024-01-03T14:30:00,21.07,43.07,2.49,50.04
Zone01,2024-01-03T15:00:00,27.71,51.21,3.36,32.02
Zone02,2024-01-03T15:00:00,20.88,57.91,3.16,24.69
Zone03,2024-01-03T15:00:00,23.29,53.44,2.31,39.33
Zone04,2024-01-03T15:00:00,22.51,67.98,2.39,34.78
Zone05,2024-01-03T15:00:00,26.15,73.06,3.5,47.54
Zone06,2024-01-03T15:00:00,28.21,55.29,3.95,68.89
Zone07,2024-01-03T15:00:00,26.26,62.51,2.62,50.39
Zone08,2024-01-03T15:00:00,24.89,44.67,5.34,48.35
Zone09,2024-01-03T15:00:00,20.54,60.44,0.07,26.07
Zone10,2024-01-03T15:00:00,30.38,57.54,4.55,41.33
Zone11,2024-01-03T15:00:00,25.1,49.88,4.81,50.91
Zone12,2024-01-03T15:00:00,26.69,60.11,3.2,27.29
Zone01,2024-01-03T15:30:00,29.33,63.12,3.47,53.46
Zone02,2024-01-03T15:30:00,31.19,70.74,2.74,30.83
Zone03,2024-01-03T15:30:00,21.98,69.25,2.18,64.97
Zone04,2024-01-03T15:30:00,18.51,66.11,3.73,65.71
Zone05,2024-01-03T15:30:00,25.88,50.2,0.83,55.47
Zone06,2024-01-03T15:30:00,22.74,41.88,4.69,54.23
Zone07,2024-01-03T15:30:00,24.32,61.4,1.04,52.06
Zone08,2024-01-03T15:30:00,24.72,57.33,2.83,52.85
Zone09,2024-01-03T15:30:00,23.13,55.77,3.1,44.74
Zone10,2024-01-03T15:30:00,33.38,53.73,3.14,37.55
Zone11,2024-01-03T15:30:00,24.59,60.87,2.18,36.04
Zone12,2024-01-03T15:30:00,22.64,63.61,2.44,52.27
Zone01,2024-01-03T16:00:00,24.54,49.83,1.76,55.42
Zone02,2024-01-03T16:00:00,29.34,54.54,2.25,60.42
Zone03,2024-01-03T16:00:00,22.2,50.71,3.62,35.71
Zone04,2024-01-03T16:00:00,26.93,72.44,2.84,45.83
Zone05,2024-01-03T16:00:00,23.07,58.73,2.93,39.99
Zone06,2024-01-03T16:00:00,22.54,48.96,2.67,64.32
Zone07,2024-01-03T16:00:00,23.68,67.56,4.02,44.59
Zone08,2024-01-03T16:00:00,25.11,65.65,1.86,53.18
Zone09,2024-01-03T16:00:00,22.96,57.43,3.32,41.69
Zone10,2024-01-03T16:00:00,23.01,64.64,3.01,54.42
Zone11,2024-01-03T16:00:00,23.31,72.84,2.05,34.03
Zone12,2024-01-03T16:00:00,22.66,59.01,2.69,45.83
Zone01,2024-01-03T16:30:00,28.91,74.41,2.55,61.09
Zone02,2024-01-03T16:30:00,25.93,41.26,3.26,47.76
Zone03,2024-01-03T16:30:00,23.32,56.76,3.16,69.35
Zone04,2024-01-03T16:30:00,22.57,70.8,2.65,68.79
Zone05,2024-01-03T16:30:00,26.76,67.63,3.1,35.72
Zone06,2024-01-03T16:30:00,20.26,45.97,4.0,57.71
Zone07,2024-01-03T16:30:00,28.01,78.61,2.19,36.99
Zone08,2024-01-03T16:30:00,22.39,56.02,3.19,35.8
Zone09,2024-01-03T16:30:00,25.74,49.19,1.32,41.06
Zone10,2024-01-03T16:30:00,26.8,48.48,2.82,46.6
Zone11,2024-01-03T16:30:00,26.4,51.28,4.97,54.67
Zone12,2024-01-03T16:30:00,25.38,53.51,2.87,35.34
Zone01,2024-01-03T17:00:00,25.77,66.75,2.96,57.04
Zone02,2024-01-03T17:00:00,22.45,60.0,3.6,48.81
Zone03,2024-01-03T17:00:00,23.8,46.85,2.21,68.66
Zone04,2024-01-03T17:00:00,24.06,84.01,4.01,41.47
Zone05,2024-01-03T17:00:00,17.74,55.46,2.0,35.74
Zone06,2024-01-03T17:00:00,22.93,49.74,1.43,60.61
Zone07,2024-01-03T17:00:00,21.48,65.34,4.02,40.65
Zone08,2024-01-03T17:00:00,27.26,52.32,2.55,34.84
Zone09,2024-01-03T17:00:00,22.78,68.84,2.87,46.28
Zone10,2024-01-03T17:00:00,25.97,78.21,1.57,71.14
Zone11,2024-01-03T17:00:00,23.94,59.54,3.88,67.06
Zone12,2024-01-03T17:00:00,28.09,57.01,3.7,67.14
Zone01,2024-01-03T17:30:00,27.26,68.0,4.32,34.93
Zone02,2024-01-03T17:30:00,24.18,44.54,3.97,39.5
Zone03,2024-01-03T17:30:00,25.59,71.98,3.3,37.81
Zone04,2024-01-03T17:30:00,28.39,70.27,4.13,59.34
Zone05,2024-01-03T17:30:00,24.76,45.36,0.87,40.29
Zone06,2024-01-03T17:30:00,24.64,53.08,2.46,63.03
Zone07,2024-01-03T17:30:00,30.86,57.11,4.66,53.51
Zone08,2024-01-03T17:30:00,26.55,44.85,2.63,53.04
Zone09,2024-01-03T17:30:00,22.93,54.49,2.61,60.45
Zone10,2024-01-03T17:30:00,28.82,69.4,1.21,45.08
Zone11,2024-01-03T17:30:00,23.73,54.24,2.81,50.25
Zone12,2024-01-03T17:30:00,22.98,42.93,4.21,58.08
Zone01,2024-01-03T18:00:00,19.07,62.65,0.86,69.9
Zone02,2024-01-03T18:00:00,24.25,66.64,1.34,44.16
Zone03,2024-01-03T18:00:00,24.19,69.33,3.47,47.08
Zone04,2024-01-03T18:00:00,24.77,80.25,2.94,39.44
Zone05,2024-01-03T18:00:00,25.11,65.96,3.65,70.8
Zone06,2024-01-03T18:00:00,26.12,76.83,2.35,59.15
Zone07,2024-01-03T18:00:00,24.99,46.45,2.99,49.58
Zone08,2024-01-03T18:00:00,21.77,55.22,4.62,43.27
Zone09,2024-01-03T18:00:00,22.41,47.77,0.85,38.17
Zone10,2024-01-03T18:00:00,24.59,61.88,2.87,65.15
Zone11,2024-01-03T18:00:00,27.47,67.88,3.46,79.28
Zone12,2024-01-03T18:00:00,28.72,65.47,2.01,64.3
Zone01,2024-01-03T18:30:00,27.36,61.31,2.13,74.44
Zone02,2024-01-03T18:30:00,22.23,68.65,3.39,38.37
Zone03,2024-01-03T18:30:00,23.44,73.83,3.58,31.08
Zone04,2024-01-03T18:30:00,23.94,55.43,4.19,50.72
Zone05,2024-01-03T18:30:00,27.21,61.71,1.93,40.55
Zone06,2024-01-03T18:30:00,25.14,68.22,4.04,36.21
Zone07,2024-01-03T18:30:00,26.78,65.23,4.79,55.82
Zone08,2024-01-03T18:30:00,23.14,52.8,2.92,34.37
Zone09,2024-01-03T18:30:00,26.91,58.88,3.46,40.68
Zone10,2024-01-03T18:30:00,33.16,72.39,3.08,68.01
Zone11,2024-01-03T18:30:00,24.14,65.04,2.62,30.07
Zone12,2024-01-03T18:30:00,26.88,46.15,2.91,52.78
Zone01,2024-01-03T19:00:00,28.36,56.89,3.79,61.0
Zone02,2024-01-03T19:00:00,25.79,50.38,1.24,53.39
Zone03,2024-01-03T19:00:00,31.46,76.64,3.17,50.01
Zone04,2024-01-03T19:00:00,25.54,79.11,2.45,82.37
Zone05,2024-01-03T19:00:00,25.26,56.28,0.29,54.94
Zone06,2024-01-03T19:00:00,27.16,54.19,3.42,47.49
Zone07,2024-01-03T19:00:00,25.69,52.31,3.6,37.34
Zone08,2024-01-03T19:00:00,21.85,66.77,1.46,25.31
Zone09,2024-01-03T19:00:00,21.34,51.85,4.29,65.1
Zone10,2024-01-03T19:00:00,26.03,58.44,3.89,68.31
Zone11,2024-01-03T19:00:00,27.98,54.3,4.33,72.28
Zone12,2024-01-03T19:00:00,24.12,49.27,3.34,42.14
Zone01,2024-01-03T19:30:00,21.86,67.07,0.69,12.23
Zone02,2024-01-03T19:30:00,25.57,27.51,3.79,66.38
Zone03,2024-01-03T19:30:00,25.04,69.16,3.97,46.68
Zone04,2024-01-03T19:30:00,21.82,65.95,2.31,64.84
Zone05,2024-01-03T19:30:00,28.17,40.8,3.16,55.22
Zone06,2024-01-03T19:30:00,25.8,56.17,1.83,57.05
Zone07,2024-01-03T19:30:00,24.08,65.31,1.06,82.22
Zone08,2024-01-03T19:30:00,26.13,73.49,3.94,43.85
Zone09,2024-01-03T19:30:00,17.5,55.1,0.75,52.84
Zone10,2024-01-03T19:30:00,29.87,83.73,2.51,67.41
Zone11,2024-01-03T19:30:00,23.82,55.59,2.3,41.06
Zone12,2024-01-03T19:30:00,26.86,66.25,2.45,39.25
Zone01,2024-01-03T20:00:00,25.48,66.11,4.27,23.29
Zone02,2024-01-03T20:00:00,28.23,51.96,2.22,45.18
Zone03,2024-01-03T20:00:00,22.06,63.15,2.64,58.88
Zone04,2024-01-03T20:00:00,24.68,75.83,2.62,67.22
Zone05,2024-01-03T20:00:00,25.58,58.86,2.63,33.72
Zone06,2024-01-03T20:00:00,25.29,59.66,4.41,32.92
Zone07,2024-01-03T20:00:00,27.65,58.93,4.31,18.24
Zone08,2024-01-03T20:00:00,22.2,56.93,5.09,41.24
Zone09,2024-01-03T20:00:00,20.77,50.46,3.18,74.5
Zone10,2024-01-03T20:00:00,24.78,70.39,3.48,88.56
Zone11,2024-01-03T20:00:00,27.14,62.05,3.49,42.59
Zone12,2024-01-03T20:00:00,27.64,77.21,5.01,33.3
Zone01,2024-01-03T20:30:00,26.12,68.08,3.37,53.19
Zone02,2024-01-03T20:30:00,21.05,61.19,2.97,45.38
Zone03,2024-01-03T20:30:00,22.51,50.83,3.45,36.54
Zone04,2024-01-03T20:30:00,26.85,59.85,3.38,57.46
Zone05,2024-01-03T20:30:00,26.41,52.92,4.03,51.0
Zone06,2024-01-03T20:30:00,22.19,65.18,2.44,46.49
Zone07,2024-01-03T20:30:00,27.08,56.3,3.25,59.14
Zone08,2024-01-03T20:30:00,20.28,60.65,2.82,41.48
Zone09,2024-01-03T20:30:00,24.66,67.48,2.17,40.71
Zone10,2024-01-03T20:30:00,23.79,68.63,2.11,60.37
Zone11,2024-01-03T20:30:00,27.58,47.15,3.61,48.31
Zone12,2024-01-03T20:30:00,30.4,63.44,2.4,55.2
Zone01,2024-01-03T21:00:00,25.05,73.04,2.64,53.28
Zone02,2024-01-03T21:00:00,18.87,64.82,2.32,62.93
Zone03,2024-01-03T21:00:00,27.24,71.95,4.04,45.55
Zone04,2024-01-03T21:00:00,25.51,68.04,2.02,39.94
Zone05,2024-01-03T21:00:00,23.82,61.84,3.32,35.34
Zone06,2024-01-03T21:00:00,25.54,50.78,4.29,41.11
Zone07,2024-01-03T21:00:00,28.42,58.6,3.52,69.92
Zone08,2024-01-03T21:00:00,31.74,52.89,0.99,75.94
Zone09,2024-01-03T21:00:00,25.89,63.14,2.95,79.69
Zone10,2024-01-03T21:00:00,29.33,47.9,3.65,60.64
Zone11,2024-01-03T21:00:00,19.42,71.46,3.55,69.53
Zone12,2024-01-03T21:00:00,22.24,59.99,3.71,48.96
Zone01,2024-01-03T21:30:00,27.07,66.4,4.69,25.89
Zone02,2024-01-03T21:30:00,18.11,60.74,2.53,53.19
Zone03,2024-01-03T21:30:00,20.25,54.26,1.23,46.43
Zone04,2024-01-03T21:30:00,26.77,66.45,3.17,45.39
Zone05,2024-01-03T21:30:00,26.97,44.76,3.98,18.81
Zone06,2024-01-03T21:30:00,24.67,60.41,2.0,37.4
Zone07,2024-01-03T21:30:00,28.36,58.25,2.48,46.26
Zone08,2024-01-03T21:30:00,21.3,44.81,5.27,89.28
Zone09,2024-01-03T21:30:00,24.45,69.32,4.2,64.3
Zone10,2024-01-03T21:30:00,24.27,71.19,3.09,55.23
Zone11,2024-01-03T21:30:00,21.69,60.32,3.73,55.99
Zone12,2024-01-03T21:30:00,14.48,57.45,4.32,70.74
Zone01,2024-01-03T22:00:00,29.88,54.39,4.06,30.37
Zone02,2024-01-03T22:00:00,24.4,53.78,3.75,62.22
Zone03,2024-01-03T22:00:00,21.96,62.08,4.61,30.75
Zone04,2024-01-03T22:00:00,24.84,78.11,1.49,54.51
Zone05,2024-01-03T22:00:00,21.85,60.0,2.93,59.5
Zone06,2024-01-03T22:00:00,25.94,37.3,2.58,70.32
Zone07,2024-01-03T22:00:00,22.04,49.52,3.43,69.96
Zone08,2024-01-03T22:00:00,25.3,61.39,2.94,61.32
Zone09,2024-01-03T22:00:00,21.4,49.43,2.34,73.16
Zone10,2024-01-03T22:00:00,24.6,47.7,2.51,24.93
Zone11,2024-01-03T22:00:00,20.64,48.83,2.71,21.98
Zone12,2024-01-03T22:00:00,24.45,69.77,3.13,58.28
Zone01,2024-01-03T22:30:00,24.11,52.15,4.23,67.51
Zone02,2024-01-03T22:30:00,25.16,47.34,2.12,77.33
Zone03,2024-01-03T22:30:00,19.52,58.96,2.77,73.93
Zone04,2024-01-03T22:30:00,20.43,63.71,3.18,43.95
Zone05,2024-01-03T22:30:00,22.81,48.24,2.69,35.28
Zone06,2024-01-03T22:30:00,27.76,61.4,2.94,27.74
Zone07,2024-01-03T22:30:00,28.59,53.92,3.08,40.7
Zone08,2024-01-03T22:30:00,20.25,54.93,3.99,52.29
Zone09,2024-01-03T22:30:00,24.06,65.04,2.06,18.77
Zone10,2024-01-03T22:30:00,25.4,48.37,3.59,54.36
Zone11,2024-01-03T22:30:00,27.26,37.47,2.71,69.88
Zone12,2024-01-03T22:30:00,28.5,62.05,3.99,70.48
Zone01,2024-01-03T23:00:00,27.79,69.45,3.74,50.18
Zone02,2024-01-03T23:00:00,19.86,67.6,1.57,42.15
Zone03,2024-01-03T23:00:00,17.47,54.75,3.99,67.67
Zone04,2024-01-03T23:00:00,23.14,49.93,4.06,54.94
Zone05,2024-01-03T23:00:00,21.59,66.16,4.33,65.7
Zone06,2024-01-03T23:00:00,21.52,47.13,3.67,52.29
Zone07,2024-01-03T23:00:00,21.96,52.5,2.1,25.96
Zone08,2024-01-03T23:00:00,20.02,65.56,2.98,47.57
Zone09,2024-01-03T23:00:00,23.51,55.1,3.35,58.27
Zone10,2024-01-03T23:00:00,29.55,55.2,3.77,58.19
Zone11,2024-01-03T23:00:00,24.98,75.58,4.07,50.07
Zone12,2024-01-03T23:00:00,24.85,71.79,1.58,47.89
Zone01,2024-01-03T23:30:00,26.53,54.69,2.04,38.74
Zone02,2024-01-03T23:30:00,18.68,42.68,2.9,24.26
Zone03,2024-01-03T23:30:00,25.16,45.72,3.08,53.88
Zone04,2024-01-03T23:30:00,24.97,63.91,1.12,62.05
Zone05,2024-01-03T23:30:00,23.25,51.54,3.03,27.88
Zone06,2024-01-03T23:30:00,22.81,57.08,4.24,54.45
Zone07,2024-01-03T23:30:00,24.97,47.42,4.26,59.9
Zone08,2024-01-03T23:30:00,28.57,71.14,3.04,49.94
Zone09,2024-01-03T23:30:00,20.03,60.79,2.25,60.31
Zone10,2024-01-03T23:30:00,26.01,46.05,1.85,60.31
Zone11,2024-01-03T23:30:00,21.74,70.32,3.03,17.87
Zone12,2024-01-03T23:30:00,24.94,76.56,1.64,49.67
Zone01,2024-01-04T00:00:00,27.35,64.97,4.83,67.13
Zone02,2024-01-04T00:00:00,26.85,53.82,3.98,32.9
Zone03,2024-01-04T00:00:00,22.51,50.1,3.14,38.65
Zone04,2024-01-04T00:00:00,27.23,53.75,1.68,55.14
Zone05,2024-01-04T00:00:00,20.0,60.98,4.05,47.47
Zone06,2024-01-04T00:00:00,23.44,40.04,3.02,26.06
Zone07,2024-01-04T00:00:00,23.33,55.52,2.2,53.86
Zone08,2024-01-04T00:00:00,22.82,62.82,3.35,58.35
Zone09,2024-01-04T00:00:00,22.78,51.1,2.65,68.74
Zone10,2024-01-04T00:00:00,24.69,53.17,3.62,39.38
Zone11,2024-01-04T00:00:00,30.85,65.02,1.9,49.37
Zone12,2024-01-04T00:00:00,20.46,62.42,2.16,56.68
Zone01,2024-01-04T00:30:00,25.6,63.76,3.38,52.33
Zone02,2024-01-04T00:30:00,20.63,63.5,3.88,46.54
Zone03,2024-01-04T00:30:00,25.94,80.24,1.39,20.9
Zone04,2024-01-04T00:30:00,23.86,64.48,2.23,47.29
Zone05,2024-01-04T00:30:00,23.56,61.9,2.66,47.55
Zone06,2024-01-04T00:30:00,25.65,67.86,3.95,69.86
Zone07,2024-01-04T00:30:00,26.46,53.21,2.79,46.39
Zone08,2024-01-04T00:30:00,29.58,55.67,3.57,55.29
Zone09,2024-01-04T00:30:00,20.99,34.68,2.8,34.14
Zone10,2024-01-04T00:30:00,19.87,67.29,3.76,67.86
Zone11,2024-01-04T00:30:00,27.82,54.75,2.29,20.3
Zone12,2024-01-04T00:30:00,27.3,40.34,2.43,44.4
Zone01,2024-01-04T01:00:00,21.98,71.71,2.59,48.75
Zone02,2024-01-04T01:00:00,25.27,75.39,3.94,21.24
Zone03,2024-01-04T01:00:00,24.01,54.08,3.28,31.3
Zone04,2024-01-04T01:00:00,18.62,61.94,3.34,67.29
Zone05,2024-01-04T01:00:00,27.1,59.81,3.15,86.12
Zone06,2024-01-04T01:00:00,20.06,64.62,4.18,60.32
Zone07,2024-01-04T01:00:00,23.55,57.18,1.85,25.34
Zone08,2024-01-04T01:00:00,29.6,80.41,3.21,23.43
Zone09,2024-01-04T01:00:00,20.77,46.14,2.43,67.23
Zone10,2024-01-04T01:00:00,27.12,65.35,3.75,89.4
Zone11,2024-01-04T01:00:00,21.31,52.27,2.3,59.12
Zone12,2024-01-04T01:00:00,26.01,62.44,1.1,57.17
Zone01,2024-01-04T01:30:00,22.59,67.33,4.17,50.27
Zone02,2024-01-04T01:30:00,24.16,57.17,3.24,26.95
Zone03,2024-01-04T01:30:00,26.11,65.03,2.11,51.76
Zone04,2024-01-04T01:30:00,22.05,42.04,2.94,49.15
Zone05,2024-01-04T01:30:00,32.48,43.28,2.88,45.65
Zone06,2024-01-04T01:30:00,23.38,77.12,3.97,42.24
Zone07,2024-01-04T01:30:00,28.09,65.56,2.95,45.31
Zone08,2024-01-04T01:30:00,28.32,74.17,1.66,7.58
Zone09,2024-01-04T01:30:00,21.83,51.52,3.34,30.81
Zone10,2024-01-04T01:30:00,22.19,58.77,1.11,57.23
Zone11,2024-01-04T01:30:00,26.6,54.93,4.82,63.68
Zone12,2024-01-04T01:30:00,27.72,66.27,3.87,60.46
Zone01,2024-01-04T02:00:00,25.98,64.9,2.89,77.73
Zone02,2024-01-04T02:00:00,22.05,60.87,3.44,68.59
Zone03,2024-01-04T02:00:00,25.94,58.66,4.19,43.59
Zone04,2024-01-04T02:00:00,26.13,66.7,5.08,39.17
Zone05,2024-01-04T02:00:00,23.36,67.15,3.06,51.63
Zone06,2024-01-04T02:00:00,22.66,51.86,3.23,45.96
Zone07,2024-01-04T02:00:00,23.57,85.57,3.07,35.64
Zone08,2024-01-04T02:00:00,24.06,57.2,3.47,44.32
Zone09,2024-01-04T02:00:00,28.86,60.07,2.68,76.58
Zone10,2024-01-04T02:00:00,26.49,53.54,2.21,46.82
Zone11,2024-01-04T02:00:00,26.34,72.28,3.12,52.87
Zone12,2024-01-04T02:00:00,28.34,68.74,2.09,13.27
Zone01,2024-01-04T02:30:00,25.09,60.93,5.06,44.23
Zone02,2024-01-04T02:30:00,21.5,52.99,4.6,66.97
Zone03,2024-01-04T02:30:00,29.96,58.18,3.47,51.64
Zone04,2024-01-04T02:30:00,23.59,62.01,3.58,45.03
Zone05,2024-01-04T02:30:00,25.53,38.62,1.12,43.3
Zone06,2024-01-04T02:30:00,23.64,59.14,3.94,61.11
Zone07,2024-01-04T02:30:00,26.96,66.47,2.96,53.39
Zone08,2024-01-04T02:30:00,24.75,65.77,4.31,31.96
Zone09,2024-01-04T02:30:00,25.49,52.99,4.08,21.48
Zone10,2024-01-04T02:30:00,23.2,75.6,3.23,72.69
Zone11,2024-01-04T02:30:00,23.41,53.63,3.94,42.27
Zone12,2024-01-04T02:30:00,28.81,54.96,3.89,45.52
Zone01,2024-01-04T03:00:00,27.33,52.39,3.01,37.27
Zone02,2024-01-04T03:00:00,29.22,47.33,3.35,36.21
Zone03,2024-01-04T03:00:00,24.02,74.2,1.84,50.69
Zone04,2024-01-04T03:00:00,25.28,84.2,2.1,48.27
Zone05,2024-01-04T03:00:00,25.9,66.5,2.77,81.5
Zone06,2024-01-04T03:00:00,30.35,51.15,2.71,50.62
Zone07,2024-01-04T03:00:00,27.19,49.25,5.56,63.85
Zone08,2024-01-04T03:00:00,22.69,59.0,2.61,39.08
Zone09,2024-01-04T03:00:00,26.62,64.54,2.96,76.24
Zone10,2024-01-04T03:00:00,27.1,62.59,3.27,42.73
Zone11,2024-01-04T03:00:00,27.74,72.48,2.61,42.56
Zone12,2024-01-04T03:00:00,29.06,79.05,2.01,67.76
Zone01,2024-01-04T03:30:00,26.85,75.65,2.18,79.14
Zone02,2024-01-04T03:30:00,25.59,50.08,2.37,58.65
Zone03,2024-01-04T03:30:00,28.43,34.8,2.79,34.54
Zone04,2024-01-04T03:30:00,28.51,77.62,4.12,59.49
Zone05,2024-01-04T03:30:00,20.11,32.84,2.68,61.44
Zone06,2024-01-04T03:30:00,26.98,40.15,1.66,53.66
Zone07,2024-01-04T03:30:00,25.72,66.71,3.53,46.45
Zone08,2024-01-04T03:30:00,23.81,55.51,2.44,19.89
Zone09,2024-01-04T03:30:00,25.98,57.24,2.91,69.91
Zone10,2024-01-04T03:30:00,21.81,75.77,2.62,49.92
Zone11,2024-01-04T03:30:00,22.92,58.78,2.98,60.46
Zone12,2024-01-04T03:30:00,23.71,51.68,4.19,71.12
Zone01,2024-01-04T04:00:00,24.51,50.57,1.49,70.32
Zone02,2024-01-04T04:00:00,25.78,74.79,3.39,46.06
Zone03,2024-01-04T04:00:00,30.72,60.35,1.81,76.89
Zone04,2024-01-04T04:00:00,21.89,48.61,2.93,35.09
Zone05,2024-01-04T04:00:00,24.64,61.89,2.59,57.05
Zone06,2024-01-04T04:00:00,24.02,51.3,2.01,75.82
Zone07,2024-01-04T04:00:00,23.15,54.34,4.11,68.91
Zone08,2024-01-04T04:00:00,22.4,65.88,2.64,72.3
Zone09,2024-01-04T04:00:00,21.21,48.88,1.59,35.88
Zone10,2024-01-04T04:00:00,27.92,67.65,3.49,30.59
Zone11,2024-01-04T04:00:00,28.79,63.76,3.35,71.05
Zone12,2024-01-04T04:00:00,25.16,48.29,2.79,28.35
Zone01,2024-01-04T04:30:00,26.45,41.19,4.3,49.5
Zone02,2024-01-04T04:30:00,24.76,65.65,3.5,52.32
Zone03,2024-01-04T04:30:00,25.85,56.2,2.01,56.48
Zone04,2024-01-04T04:30:00,27.5,67.09,2.29,10.3
Zone05,2024-01-04T04:30:00,22.59,44.22,2.62,59.95
Zone06,2024-01-04T04:30:00,21.19,65.93,5.42,51.79
Zone07,2024-01-04T04:30:00,24.14,67.41,2.15,52.19
Zone08,2024-01-04T04:30:00,27.17,58.13,3.46,29.43
Zone09,2024-01-04T04:30:00,24.36,56.89,1.45,53.78
Zone10,2024-01-04T04:30:00,22.93,58.19,3.21,83.11
Zone11,2024-01-04T04:30:00,28.1,64.87,2.2,43.13
Zone12,2024-01-04T04:30:00,28.42,47.76,3.71,62.82
Zone01,2024-01-04T05:00:00,24.68,47.06,2.93,34.92
Zone02,2024-01-04T05:00:00,24.17,73.34,3.74,42.59
Zone03,2024-01-04T05:00:00,22.63,55.98,3.26,42.55
Zone04,2024-01-04T05:00:00,29.34,49.39,1.96,21.4
Zone05,2024-01-04T05:00:00,21.07,65.17,4.75,48.92
Zone06,2024-01-04T05:00:00,25.9,67.4,5.22,45.75
Zone07,2024-01-04T05:00:00,30.02,70.2,1.93,50.81
Zone08,2024-01-04T05:00:00,27.17,63.62,2.42,36.14
Zone09,2024-01-04T05:00:00,20.96,71.1,3.73,74.83
Zone10,2024-01-04T05:00:00,24.03,63.01,1.14,30.84
Zone11,2024-01-04T05:00:00,26.25,48.78,2.56,55.09
Zone12,2024-01-04T05:00:00,20.67,67.16,3.49,52.75
Zone01,2024-01-04T05:30:00,23.91,55.71,2.28,27.43
Zone02,2024-01-04T05:30:00,26.01,62.17,3.15,61.51
Zone03,2024-01-04T05:30:00,23.44,68.86,2.02,54.28
Zone04,2024-01-04T05:30:00,23.01,76.72,2.89,39.97
Zone05,2024-01-04T05:30:00,30.52,72.13,3.84,77.51
Zone06,2024-01-04T05:30:00,28.71,64.1,2.46,56.96
Zone07,2024-01-04T05:30:00,22.0,61.15,3.57,24.17
Zone08,2024-01-04T05:30:00,24.94,69.26,4.26,34.41
Zone09,2024-01-04T05:30:00,22.48,63.98,2.46,54.99
Zone10,2024-01-04T05:30:00,24.94,69.09,-0.01,40.49
Zone11,2024-01-04T05:30:00,26.87,64.6,2.18,42.94
Zone12,2024-01-04T05:30:00,24.32,38.34,1.41,76.53
Zone01,2024-01-04T06:00:00,26.59,85.74,4.01,62.41
Zone02,2024-01-04T06:00:00,27.29,57.82,2.88,58.36
Zone03,2024-01-04T06:00:00,24.14,62.08,2.75,51.2
Zone04,2024-01-04T06:00:00,20.34,66.98,3.41,26.57
Zone05,2024-01-04T06:00:00,28.2,66.58,2.75,79.94
Zone06,2024-01-04T06:00:00,25.91,25.65,4.21,40.69
Zone07,2024-01-04T06:00:00,27.91,65.86,3.68,51.87
Zone08,2024-01-04T06:00:00,24.72,75.02,2.9,26.43
Zone09,2024-01-04T06:00:00,22.96,45.41,4.3,66.23
Zone10,2024-01-04T06:00:00,25.02,57.74,3.95,48.5
Zone11,2024-01-04T06:00:00,20.68,59.49,2.95,38.58
Zone12,2024-01-04T06:00:00,26.32,53.45,3.03,69.08
Zone01,2024-01-04T06:30:00,28.89,64.61,2.83,62.52
Zone02,2024-01-04T06:30:00,27.33,54.41,2.76,46.02
Zone03,2024-01-04T06:30:00,25.28,64.77,3.39,38.75
Zone04,2024-01-04T06:30:00,24.78,66.18,3.47,12.54
Zone05,2024-01-04T06:30:00,24.28,52.96,3.69,56.08
Zone06,2024-01-04T06:30:00,25.36,39.87,5.04,60.99
Zone07,2024-01-04T06:30:00,30.49,43.71,4.27,58.3
Zone08,2024-01-04T06:30:00,26.55,58.55,2.19,34.6
Zone09,2024-01-04T06:30:00,28.12,56.95,4.65,51.53
Zone10,2024-01-04T06:30:00,24.78,72.89,4.29,41.96
Zone11,2024-01-04T06:30:00,28.55,70.7,2.86,35.57
Zone12,2024-01-04T06:30:00,25.07,52.79,4.56,62.74
Zone01,2024-01-04T07:00:00,16.65,56.69,2.47,30.9
Zone02,2024-01-04T07:00:00,27.15,67.21,3.49,50.87
Zone03,2024-01-04T07:00:00,22.96,69.45,2.84,49.22
Zone04,2024-01-04T07:00:00,19.97,62.69,1.32,36.4
Zone05,2024-01-04T07:00:00,26.61,68.2,4.93,57.74
Zone06,2024-01-04T07:00:00,22.36,51.46,1.96,44.94
Zone07,2024-01-04T07:00:00,24.94,75.68,2.05,26.55
Zone08,2024-01-04T07:00:00,27.54,44.93,5.21,40.35
Zone09,2024-01-04T07:00:00,21.76,65.51,3.73,67.96
Zone10,2024-01-04T07:00:00,22.57,61.1,3.54,31.11
Zone11,2024-01-04T07:00:00,23.61,59.92,3.79,57.36
Zone12,2024-01-04T07:00:00,19.28,59.1,4.39,51.06
Zone01,2024-01-04T07:30:00,28.67,60.57,5.03,66.45
Zone02,2024-01-04T07:30:00,26.46,64.33,3.85,37.95
Zone03,2024-01-04T07:30:00,21.25,50.98,5.2,60.29
Zone04,2024-01-04T07:30:00,24.23,45.4,2.24,47.56
Zone05,2024-01-04T07:30:00,26.57,82.78,1.8,36.93
Zone06,2024-01-04T07:30:00,24.52,56.97,3.7,43.87
Zone07,2024-01-04T07:30:00,21.84,74.35,3.33,40.43
Zone08,2024-01-04T07:30:00,18.16,53.26,4.38,32.58
Zone09,2024-01-04T07:30:00,24.51,70.93,3.73,47.48
Zone10,2024-01-04T07:30:00,27.38,55.26,0.31,39.58
Zone11,2024-01-04T07:30:00,27.02,53.94,2.3,53.18
Zone12,2024-01-04T07:30:00,27.61,59.07,1.38,54.48
Zone01,2024-01-04T08:00:00,26.99,63.23,4.76,44.25
Zone02,2024-01-04T08:00:00,23.54,63.62,2.2,30.57
Zone03,2024-01-04T08:00:00,20.49,79.5,4.5,50.65
Zone04,2024-01-04T08:00:00,22.87,61.79,3.29,64.32
Zone05,2024-01-04T08:00:00,22.35,66.47,2.85,42.58
Zone06,2024-01-04T08:00:00,27.44,72.76,0.96,45.97
Zone07,2024-01-04T08:00:00,21.16,58.56,1.16,44.08
Zone08,2024-01-04T08:00:00,31.37,68.96,5.16,65.13
Zone09,2024-01-04T08:00:00,19.55,85.58,1.03,55.08
Zone10,2024-01-04T08:00:00,28.97,55.72,3.64,51.18
Zone11,2024-01-04T08:00:00,28.83,57.82,2.35,78.18
Zone12,2024-01-04T08:00:00,19.82,60.57,3.37,43.86
Zone01,2024-01-04T08:30:00,19.27,85.94,2.24,50.44
Zone02,2024-01-04T08:30:00,23.46,61.35,2.78,60.45
Zone03,2024-01-04T08:30:00,28.27,50.59,2.37,39.95
Zone04,2024-01-04T08:30:00,26.61,61.12,3.64,54.63
Zone05,2024-01-04T08:30:00,29.01,63.56,3.87,96.61
Zone06,2024-01-04T08:30:00,25.93,59.88,2.53,58.13
Zone07,2024-01-04T08:30:00,25.8,65.73,3.07,65.58
Zone08,2024-01-04T08:30:00,25.35,60.23,3.47,36.39
Zone09,2024-01-04T08:30:00,21.47,61.29,3.28,66.81
Zone10,2024-01-04T08:30:00,30.79,65.48,3.12,51.79
Zone11,2024-01-04T08:30:00,22.82,73.93,4.06,46.09
Zone12,2024-01-04T08:30:00,21.0,45.7,2.27,78.14
Zone01,2024-01-04T09:00:00,25.46,58.31,3.28,68.61
Zone02,2024-01-04T09:00:00,26.61,72.58,1.96,28.2
Zone03,2024-01-04T09:00:00,25.79,54.82,4.19,46.98
Zone04,2024-01-04T09:00:00,19.17,67.3,3.63,21.98
Zone05,2024-01-04T09:00:00,25.39,49.47,1.92,65.59
Zone06,2024-01-04T09:00:00,25.71,56.35,1.91,41.45
Zone07,2024-01-04T09:00:00,23.34,62.0,2.61,44.91
Zone08,2024-01-04T09:00:00,28.21,62.77,2.88,9.32
Zone09,2024-01-04T09:00:00,30.77,60.02,3.25,52.44
Zone10,2024-01-04T09:00:00,27.01,51.73,4.04,40.41
Zone11,2024-01-04T09:00:00,22.18,64.49,3.24,57.67
Zone12,2024-01-04T09:00:00,25.72,59.36,3.75,36.12
Zone01,2024-01-04T09:30:00,25.32,51.11,1.84,58.48
Zone02,2024-01-04T09:30:00,29.6,53.34,2.03,42.61
Zone03,2024-01-04T09:30:00,25.51,71.27,4.28,38.36
Zone04,2024-01-04T09:30:00,26.69,77.34,2.13,55.8
Zone05,2024-01-04T09:30:00,17.51,59.76,2.96,77.48
Zone06,2024-01-04T09:30:00,24.95,46.61,2.38,48.2
Zone07,2024-01-04T09:30:00,30.66,71.54,3.43,50.64
Zone08,2024-01-04T09:30:00,31.47,74.73,3.59,32.93
Zone09,2024-01-04T09:30:00,28.65,57.63,2.34,35.75
Zone10,2024-01-04T09:30:00,27.36,51.98,2.4,46.81
Zone11,2024-01-04T09:30:00,28.6,42.37,5.18,57.16
Zone12,2024-01-04T09:30:00,30.78,63.46,3.31,42.76
Zone01,2024-01-04T10:00:00,20.72,45.11,4.25,49.64
Zone02,2024-01-04T10:00:00,26.85,65.44,1.81,64.44
Zone03,2024-01-04T10:00:00,25.5,73.16,3.12,49.58
Zone04,2024-01-04T10:00:00,24.38,65.93,3.48,68.85
Zone05,2024-01-04T10:00:00,23.19,67.68,4.24,51.24
Zone06,2024-01-04T10:00:00,21.1,62.76,3.82,53.38
Zone07,2024-01-04T10:00:00,26.15,69.53,4.91,45.42
Zone08,2024-01-04T10:00:00,24.5,68.49,3.12,41.5
Zone09,2024-01-04T10:00:00,27.64,61.41,2.15,51.25
Zone10,2024-01-04T10:00:00,21.78,65.7,2.04,50.19
Zone11,2024-01-04T10:00:00,23.4,59.38,4.24,57.36
Zone12,2024-01-04T10:00:00,25.81,53.7,1.65,72.6
Zone01,2024-01-04T10:30:00,27.07,61.93,1.26,54.35
Zone02,2024-01-04T10:30:00,19.99,61.92,3.31,60.14
Zone03,2024-01-04T10:30:00,28.85,50.33,2.58,47.75
Zone04,2024-01-04T10:30:00,20.87,62.55,4.18,45.39
Zone05,2024-01-04T10:30:00,23.17,67.16,2.92,32.53
Zone06,2024-01-04T10:30:00,24.1,43.99,2.39,58.05
Zone07,2024-01-04T10:30:00,22.22,63.96,4.86,50.81
Zone08,2024-01-04T10:30:00,22.42,61.6,4.32,48.98
Zone09,2024-01-04T10:30:00,22.54,52.79,2.87,30.91
Zone10,2024-01-04T10:30:00,28.62,45.01,3.71,75.33
Zone11,2024-01-04T10:30:00,25.35,59.76,2.79,61.32
Zone12,2024-01-04T10:30:00,27.16,59.14,2.92,16.94
Zone01,2024-01-04T11:00:00,26.07,51.0,1.63,60.24
Zone02,2024-01-04T11:00:00,26.84,62.02,4.16,63.16
Zone03,2024-01-04T11:00:00,25.65,51.3,2.38,55.94
Zone04,2024-01-04T11:00:00,26.96,61.39,5.73,34.71
Zone05,2024-01-04T11:00:00,28.08,40.94,4.04,42.23
Zone06,2024-01-04T11:00:00,22.61,60.66,3.23,57.55
Zone07,2024-01-04T11:00:00,24.28,51.88,4.87,52.17
Zone08,2024-01-04T11:00:00,23.38,45.77,1.98,35.33
Zone09,2024-01-04T11:00:00,24.15,71.37,3.08,56.79
Zone10,2024-01-04T11:00:00,27.77,78.39,2.85,62.18
Zone11,2024-01-04T11:00:00,28.03,59.35,3.47,38.31
Zone12,2024-01-04T11:00:00,22.91,68.35,2.16,42.35
Zone01,2024-01-04T11:30:00,25.02,70.69,2.58,40.91
Zone02,2024-01-04T11:30:00,26.68,53.46,1.64,54.51
Zone03,2024-01-04T11:30:00,28.52,80.3,2.68,54.61
Zone04,2024-01-04T11:30:00,22.59,65.96,3.54,34.49
Zone05,2024-01-04T11:30:00,27.62,52.67,3.31,26.39
Zone06,2024-01-04T11:30:00,26.15,54.72,2.93,37.26
Zone07,2024-01-04T11:30:00,24.38,66.12,4.36,52.16
Zone08,2024-01-04T11:30:00,22.42,74.58,2.33,40.99
Zone09,2024-01-04T11:30:00,22.54,63.56,3.5,38.27
Zone10,2024-01-04T11:30:00,23.37,56.73,3.42,43.42
Zone11,2024-01-04T11:30:00,26.22,60.08,2.48,44.91
Zone12,2024-01-04T11:30:00,22.02,63.22,3.76,57.56
Zone01,2024-01-04T12:00:00,27.73,63.15,1.82,31.84
Zone02,2024-01-04T12:00:00,26.89,54.04,3.15,57.3
Zone03,2024-01-04T12:00:00,30.47,89.11,3.76,45.02
Zone04,2024-01-04T12:00:00,26.9,68.22,4.32,73.5
Zone05,2024-01-04T12:00:00,21.44,55.43,2.34,40.35
Zone06,2024-01-04T12:00:00,23.11,55.96,4.27,59.13
Zone07,2024-01-04T12:00:00,25.18,84.39,4.49,57.87
Zone08,2024-01-04T12:00:00,25.64,72.78,3.97,41.61
Zone09,2024-01-04T12:00:00,19.76,52.72,3.95,34.83
Zone10,2024-01-04T12:00:00,28.73,72.48,3.83,28.58
Zone11,2024-01-04T12:00:00,25.77,48.72,3.38,37.85
Zone12,2024-01-04T12:00:00,25.15,31.64,5.09,40.58
Zone01,2024-01-04T12:30:00,27.28,73.4,1.27,71.26
Zone02,2024-01-04T12:30:00,21.25,68.85,2.77,61.16
Zone03,2024-01-04T12:30:00,21.84,66.43,3.52,61.11
Zone04,2024-01-04T12:30:00,26.67,68.52,3.12,37.78
Zone05,2024-01-04T12:30:00,22.34,51.94,4.42,65.46
Zone06,2024-01-04T12:30:00,24.74,46.7,3.11,39.98
Zone07,2024-01-04T12:30:00,26.5,65.67,3.36,46.79
Zone08,2024-01-04T12:30:00,29.45,72.89,2.54,56.05
Zone09,2024-01-04T12:30:00,29.62,52.73,2.46,77.1
Zone10,2024-01-04T12:30:00,26.54,63.16,2.56,58.86
Zone11,2024-01-04T12:30:00,30.23,63.13,3.16,46.26
Zone12,2024-01-04T12:30:00,26.71,62.82,2.8,53.74
Zone01,2024-01-04T13:00:00,24.92,75.44,3.71,33.5
Zone02,2024-01-04T13:00:00,27.67,33.12,3.9,65.22
Zone03,2024-01-04T13:00:00,26.9,47.9,3.14,50.57
Zone04,2024-01-04T13:00:00,24.63,82.11,3.27,49.36
Zone05,2024-01-04T13:00:00,22.85,64.57,2.86,56.79
Zone06,2024-01-04T13:00:00,22.36,60.86,3.33,84.42
Zone07,2024-01-04T13:00:00,25.72,56.82,1.64,44.37
Zone08,2024-01-04T13:00:00,27.09,74.75,3.2,27.14
Zone09,2024-01-04T13:00:00,25.4,69.87,2.81,25.93
Zone10,2024-01-04T13:00:00,22.45,55.35,3.17,52.02
Zone11,2024-01-04T13:00:00,29.14,67.11,1.76,70.44
Zone12,2024-01-04T13:00:00,23.96,67.3,3.2,31.66
Zone01,2024-01-04T13:30:00,28.98,52.46,2.73,32.87
Zone02,2024-01-04T13:30:00,32.89,65.81,3.05,54.06
Zone03,2024-01-04T13:30:00,24.39,52.29,4.42,22.09
Zone04,2024-01-04T13:30:00,18.36,74.81,1.62,58.49
Zone05,2024-01-04T13:30:00,26.08,70.36,6.26,42.13
Zone06,2024-01-04T13:30:00,22.7,85.97,2.98,63.57
Zone07,2024-01-04T13:30:00,23.93,62.98,3.4,47.32
Zone08,2024-01-04T13:30:00,24.16,62.42,2.64,58.58
Zone09,2024-01-04T13:30:00,23.11,59.69,2.61,73.26
Zone10,2024-01-04T13:30:00,28.13,63.15,4.04,38.53
Zone11,2024-01-04T13:30:00,24.74,60.71,1.72,40.02
Zone12,2024-01-04T13:30:00,25.6,59.58,4.48,55.2
Zone01,2024-01-04T14:00:00,28.51,64.7,1.49,37.53
Zone02,2024-01-04T14:00:00,22.43,74.62,4.13,57.38
Zone03,2024-01-04T14:00:00,26.82,79.31,2.37,54.35
Zone04,2024-01-04T14:00:00,27.34,70.0,3.11,22.79
Zone05,2024-01-04T14:00:00,28.95,63.0,0.86,44.37
Zone06,2024-01-04T14:00:00,24.23,80.11,4.53,39.94
Zone07,2024-01-04T14:00:00,24.25,59.62,3.9,48.28
Zone08,2024-01-04T14:00:00,27.35,38.44,2.41,78.05
Zone09,2024-01-04T14:00:00,28.34,58.75,3.03,33.34
Zone10,2024-01-04T14:00:00,23.24,85.79,2.77,47.62
Zone11,2024-01-04T14:00:00,22.01,74.44,1.91,57.15
Zone12,2024-01-04T14:00:00,28.21,58.42,4.34,69.47
Zone01,2024-01-04T14:30:00,27.06,71.43,2.73,57.4
Zone02,2024-01-04T14:30:00,18.81,65.44,3.4,66.94
Zone03,2024-01-04T14:30:00,24.8,76.56,3.26,48.07
Zone04,2024-01-04T14:30:00,19.76,80.31,3.18,52.66
Zone05,2024-01-04T14:30:00,28.63,61.01,4.25,78.29
Zone06,2024-01-04T14:30:00,25.51,39.25,4.91,64.52
Zone07,2024-01-04T14:30:00,28.41,57.24,4.0,60.28
Zone08,2024-01-04T14:30:00,29.42,50.16,1.84,51.77
Zone09,2024-01-04T14:30:00,23.68,51.31,3.17,55.71
Zone10,2024-01-04T14:30:00,23.62,48.39,4.39,68.8
Zone11,2024-01-04T14:30:00,24.13,41.17,4.38,57.76
Zone12,2024-01-04T14:30:00,28.37,45.66,2.31,76.61
Zone01,2024-01-04T15:00:00,27.56,46.71,3.54,34.39
Zone02,2024-01-04T15:00:00,23.72,76.09,4.26,83.25
Zone03,2024-01-04T15:00:00,23.57,57.6,2.94,38.55
Zone04,2024-01-04T15:00:00,23.89,66.1,2.21,36.33
Zone05,2024-01-04T15:00:00,18.01,55.8,2.39,30.52
Zone06,2024-01-04T15:00:00,21.95,63.59,3.5,38.75
Zone07,2024-01-04T15:00:00,25.62,53.69,3.28,50.51
Zone08,2024-01-04T15:00:00,20.54,55.82,3.15,43.89
Zone09,2024-01-04T15:00:00,27.36,54.02,3.22,46.44
Zone10,2024-01-04T15:00:00,25.8,48.18,3.61,24.88
Zone11,2024-01-04T15:00:00,22.09,74.31,3.36,61.72
Zone12,2024-01-04T15:00:00,21.42,61.7,1.96,39.68
Zone01,2024-01-04T15:30:00,22.92,59.68,3.01,34.52
Zone02,2024-01-04T15:30:00,16.68,64.34,2.67,55.89
Zone03,2024-01-04T15:30:00,26.8,48.63,4.24,48.69
Zone04,2024-01-04T15:30:00,33.0,57.15,4.94,31.86
Zone05,2024-01-04T15:30:00,23.96,59.57,4.61,53.83
Zone06,2024-01-04T15:30:00,22.73,69.4,1.71,82.32
Zone07,2024-01-04T15:30:00,29.05,59.16,2.54,43.45
Zone08,2024-01-04T15:30:00,24.75,65.66,3.46,54.17
Zone09,2024-01-04T15:30:00,26.58,54.88,2.19,27.75
Zone10,2024-01-04T15:30:00,26.07,69.4,3.53,64.3
Zone11,2024-01-04T15:30:00,19.04,60.1,2.85,46.12
Zone12,2024-01-04T15:30:00,28.38,63.37,4.06,45.96
Zone01,2024-01-04T16:00:00,27.31,56.95,3.15,50.43
Zone02,2024-01-04T16:00:00,27.57,62.73,2.34,66.3
Zone03,2024-01-04T16:00:00,25.78,72.76,3.24,35.73
Zone04,2024-01-04T16:00:00,26.33,51.93,4.45,57.35
Zone05,2024-01-04T16:00:00,23.99,50.99,3.66,57.93
Zone06,2024-01-04T16:00:00,25.81,50.37,1.88,35.3
Zone07,2024-01-04T16:00:00,28.05,71.06,3.04,38.72
Zone08,2024-01-04T16:00:00,25.74,68.36,0.49,67.79
Zone09,2024-01-04T16:00:00,27.37,73.04,3.02,17.18
Zone10,2024-01-04T16:00:00,30.21,58.29,2.4,83.24
Zone11,2024-01-04T16:00:00,26.29,58.57,2.47,37.86
Zone12,2024-01-04T16:00:00,22.23,56.46,2.13,45.46
Zone01,2024-01-04T16:30:00,26.46,56.09,4.13,29.22
Zone02,2024-01-04T16:30:00,27.1,41.97,2.06,46.77
Zone03,2024-01-04T16:30:00,24.35,66.51,1.56,46.08
Zone04,2024-01-04T16:30:00,22.83,73.61,2.94,56.72
Zone05,2024-01-04T16:30:00,29.35,62.75,2.73,51.56
Zone06,2024-01-04T16:30:00,21.13,60.4,3.85,28.65
Zone07,2024-01-04T16:30:00,25.08,66.85,2.97,30.37
Zone08,2024-01-04T16:30:00,25.17,41.49,2.57,48.62
Zone09,2024-01-04T16:30:00,21.37,57.08,4.28,60.11
Zone10,2024-01-04T16:30:00,28.91,76.14,3.89,64.9
Zone11,2024-01-04T16:30:00,17.9,60.4,3.5,56.46
Zone12,2024-01-04T16:30:00,26.7,50.57,4.72,78.75
Zone01,2024-01-04T17:00:00,23.7,55.01,1.16,21.0
Zone02,2024-01-04T17:00:00,25.37,60.16,4.49,73.53
Zone03,2024-01-04T17:00:00,31.69,80.39,3.35,51.57
Zone04,2024-01-04T17:00:00,28.53,66.81,4.36,28.57
Zone05,2024-01-04T17:00:00,20.55,61.7,2.69,63.44
Zone06,2024-01-04T17:00:00,29.78,63.41,3.7,35.65
Zone07,2024-01-04T17:00:00,20.39,59.7,3.48,39.24
Zone08,2024-01-04T17:00:00,27.95,67.94,4.93,52.02
Zone09,2024-01-04T17:00:00,23.48,54.3,1.92,50.83
Zone10,2024-01-04T17:00:00,26.41,64.96,3.7,48.27
Zone11,2024-01-04T17:00:00,24.99,75.26,3.27,61.53
Zone12,2024-01-04T17:00:00,26.04,57.26,3.26,44.53
Zone01,2024-01-04T17:30:00,23.57,72.87,1.99,40.64
Zone02,2024-01-04T17:30:00,29.06,57.3,4.05,46.73
Zone03,2024-01-04T17:30:00,24.92,60.51,2.98,51.59
Zone04,2024-01-04T17:30:00,24.39,47.63,2.2,58.55
Zone05,2024-01-04T17:30:00,24.13,63.55,4.01,61.43
Zone06,2024-01-04T17:30:00,27.7,62.11,1.9,40.16
Zone07,2024-01-04T17:30:00,24.18,43.95,3.85,48.39
Zone08,2024-01-04T17:30:00,25.97,58.52,0.97,6.99
Zone09,2024-01-04T17:30:00,26.65,56.5,3.6,44.06
Zone10,2024-01-04T17:30:00,27.71,72.77,3.41,41.56
Zone11,2024-01-04T17:30:00,28.91,60.59,3.55,35.04
Zone12,2024-01-04T17:30:00,23.43,59.47,4.19,38.4
Zone01,2024-01-04T18:00:00,22.97,72.56,1.68,62.99
Zone02,2024-01-04T18:00:00,29.01,59.11,4.11,58.64
Zone03,2024-01-04T18:00:00,25.8,65.65,3.61,47.17
Zone04,2024-01-04T18:00:00,25.46,65.06,1.81,41.4
Zone05,2024-01-04T18:00:00,29.15,65.01,2.63,63.26
Zone06,2024-01-04T18:00:00,28.84,43.76,1.53,45.94
Zone07,2024-01-04T18:00:00,25.56,53.44,4.76,27.19
Zone08,2024-01-04T18:00:00,27.96,66.93,2.11,47.15
Zone09,2024-01-04T18:00:00,27.14,80.96,2.34,44.11
Zone10,2024-01-04T18:00:00,24.42,54.55,3.5,61.38
Zone11,2024-01-04T18:00:00,29.53,48.79,3.4,43.3
Zone12,2024-01-04T18:00:00,20.82,38.04,4.12,55.99
Zone01,2024-01-04T18:30:00,19.41,55.49,4.32,69.25
Zone02,2024-01-04T18:30:00,30.77,68.99,4.08,65.81
Zone03,2024-01-04T18:30:00,23.61,61.38,2.36,53.89
Zone04,2024-01-04T18:30:00,25.47,68.18,1.8,55.9
Zone05,2024-01-04T18:30:00,27.04,79.27,4.18,45.27
Zone06,2024-01-04T18:30:00,25.28,49.17,1.04,57.21
Zone07,2024-01-04T18:30:00,17.14,66.86,2.3,27.65
Zone08,2024-01-04T18:30:00,26.41,50.54,3.57,40.79
Zone09,2024-01-04T18:30:00,25.19,47.81,2.79,74.99
Zone10,2024-01-04T18:30:00,24.71,50.3,3.78,56.33
Zone11,2024-01-04T18:30:00,25.61,50.49,2.89,46.99
Zone12,2024-01-04T18:30:00,24.47,48.65,3.12,75.26
Zone01,2024-01-04T19:00:00,22.89,63.82,2.28,83.06
Zone02,2024-01-04T19:00:00,26.26,57.31,2.21,41.41
Zone03,2024-01-04T19:00:00,19.89,67.38,1.6,50.86
Zone04,2024-01-04T19:00:00,26.31,64.57,2.56,38.66
Zone05,2024-01-04T19:00:00,22.0,71.69,3.7,55.49
Zone06,2024-01-04T19:00:00,27.43,59.26,3.49,68.31
Zone07,2024-01-04T19:00:00,27.02,70.26,3.99,38.56
Zone08,2024-01-04T19:00:00,30.28,36.23,3.46,47.9
Zone09,2024-01-04T19:00:00,22.81,43.37,2.5,50.02
Zone10,2024-01-04T19:00:00,28.75,49.01,1.33,44.28
Zone11,2024-01-04T19:00:00,26.56,65.46,2.42,62.63
Zone12,2024-01-04T19:00:00,26.7,44.91,3.44,51.43
Zone01,2024-01-04T19:30:00,24.82,63.24,2.8,33.72
Zone02,2024-01-04T19:30:00,26.79,54.97,3.43,74.49
Zone03,2024-01-04T19:30:00,22.43,69.81,4.07,54.02
Zone04,2024-01-04T19:30:00,21.75,63.3,3.1,25.76
Zone05,2024-01-04T19:30:00,17.97,75.67,2.0,48.62
Zone06,2024-01-04T19:30:00,24.58,42.41,3.23,39.72
Zone07,2024-01-04T19:30:00,24.51,39.35,2.63,53.61
Zone08,2024-01-04T19:30:00,22.62,64.53,2.96,45.23
Zone09,2024-01-04T19:30:00,26.19,52.04,2.61,54.3
Zone10,2024-01-04T19:30:00,25.36,72.67,2.76,66.43
Zone11,2024-01-04T19:30:00,24.24,50.34,1.69,43.78
Zone12,2024-01-04T19:30:00,23.2,56.69,4.76,35.87
Zone01,2024-01-04T20:00:00,18.73,49.65,4.08,41.51
Zone02,2024-01-04T20:00:00,24.77,72.5,2.82,48.41
Zone03,2024-01-04T20:00:00,29.59,44.45,3.37,38.3
Zone04,2024-01-04T20:00:00,28.61,63.22,5.43,42.22
Zone05,2024-01-04T20:00:00,26.67,51.59,1.96,48.47
Zone06,2024-01-04T20:00:00,18.25,67.93,3.25,59.74
Zone07,2024-01-04T20:00:00,23.84,49.39,4.59,37.88
Zone08,2024-01-04T20:00:00,22.56,52.27,2.25,60.4
Zone09,2024-01-04T20:00:00,26.51,52.37,3.51,76.09
Zone10,2024-01-04T20:00:00,26.82,63.59,0.83,32.96
Zone11,2024-01-04T20:00:00,20.7,52.31,1.8,49.96
Zone12,2024-01-04T20:00:00,28.89,47.29,4.03,61.26
Zone01,2024-01-04T20:30:00,23.93,60.65,3.67,55.94
Zone02,2024-01-04T20:30:00,20.01,55.31,2.69,32.37
Zone03,2024-01-04T20:30:00,26.48,83.85,2.67,36.52
Zone04,2024-01-04T20:30:00,22.45,66.43,2.97,73.53
Zone05,2024-01-04T20:30:00,23.79,53.5,3.31,35.76
Zone06,2024-01-04T20:30:00,26.44,75.88,3.08,56.19
Zone07,2024-01-04T20:30:00,32.02,48.61,4.22,41.84
Zone08,2024-01-04T20:30:00,26.11,54.36,3.69,39.89
Zone09,2024-01-04T20:30:00,30.29,49.14,3.48,52.96
Zone10,2024-01-04T20:30:00,26.69,53.77,1.48,30.76
Zone11,2024-01-04T20:30:00,33.31,69.08,2.52,90.68
Zone12,2024-01-04T20:30:00,25.2,62.29,2.8,42.98
Zone01,2024-01-04T21:00:00,24.54,53.82,1.94,54.29
Zone02,2024-01-04T21:00:00,22.9,71.38,4.74,60.34
Zone03,2024-01-04T21:00:00,24.78,65.64,3.79,42.0
Zone04,2024-01-04T21:00:00,24.77,64.63,3.54,58.05
Zone05,2024-01-04T21:00:00,25.92,63.33,4.51,32.71
Zone06,2024-01-04T21:00:00,27.0,67.92,2.81,72.17
Zone07,2024-01-04T21:00:00,25.65,61.54,3.64,86.51
Zone08,2024-01-04T21:00:00,27.03,52.19,2.82,50.88
Zone09,2024-01-04T21:00:00,26.13,57.54,2.53,51.02
Zone10,2024-01-04T21:00:00,22.23,62.16,3.82,52.07
Zone11,2024-01-04T21:00:00,33.85,71.47,3.47,47.77
Zone12,2024-01-04T21:00:00,20.86,80.53,3.43,26.7
Zone01,2024-01-04T21:30:00,25.72,41.82,4.42,29.9
Zone02,2024-01-04T21:30:00,26.89,60.83,3.14,28.35
Zone03,2024-01-04T21:30:00,28.2,51.68,2.63,40.46
Zone04,2024-01-04T21:30:00,28.47,68.47,2.86,41.7
Zone05,2024-01-04T21:30:00,26.32,65.86,4.45,68.16
Zone06,2024-01-04T21:30:00,23.91,67.03,1.76,59.03
Zone07,2024-01-04T21:30:00,24.5,39.99,2.84,25.01
Zone08,2024-01-04T21:30:00,24.78,67.82,2.18,61.57
Zone09,2024-01-04T21:30:00,22.11,47.2,2.52,40.9
Zone10,2024-01-04T21:30:00,27.55,47.52,2.4,43.28
Zone11,2024-01-04T21:30:00,24.42,48.04,2.06,38.38
Zone12,2024-01-04T21:30:00,27.48,54.45,4.75,43.13
Zone01,2024-01-04T22:00:00,27.33,67.11,3.06,57.32
Zone02,2024-01-04T22:00:00,18.59,58.61,3.68,69.27
Zone03,2024-01-04T22:00:00,27.87,57.84,1.33,38.56
Zone04,2024-01-04T22:00:00,26.59,61.7,3.15,72.07
Zone05,2024-01-04T22:00:00,28.07,67.15,3.63,43.54
Zone06,2024-01-04T22:00:00,28.3,43.34,2.59,28.18
Zone07,2024-01-04T22:00:00,31.9,63.35,3.5,47.52
Zone08,2024-01-04T22:00:00,26.61,56.43,4.33,47.58
Zone09,2024-01-04T22:00:00,25.21,79.24,3.12,53.81
Zone10,2024-01-04T22:00:00,23.75,65.84,2.16,62.14
Zone11,2024-01-04T22:00:00,25.06,75.1,3.45,49.46
Zone12,2024-01-04T22:00:00,24.27,63.7,3.56,54.29
Zone01,2024-01-04T22:30:00,26.33,65.01,3.51,45.06
Zone02,2024-01-04T22:30:00,23.44,58.06,1.91,58.64
Zone03,2024-01-04T22:30:00,25.12,47.99,2.97,74.15
Zone04,2024-01-04T22:30:00,23.55,65.99,3.65,48.44
Zone05,2024-01-04T22:30:00,24.72,57.63,2.07,57.23
Zone06,2024-01-04T22:30:00,18.79,47.83,2.91,82.89
Zone07,2024-01-04T22:30:00,24.86,68.85,2.62,19.4
Zone08,2024-01-04T22:30:00,20.1,61.87,3.69,26.11
Zone09,2024-01-04T22:30:00,23.56,58.61,4.21,48.83
Zone10,2024-01-04T22:30:00,28.66,37.54,4.19,52.54
Zone11,2024-01-04T22:30:00,24.63,55.44,1.99,54.05
Zone12,2024-01-04T22:30:00,23.01,47.08,2.51,25.1
Zone01,2024-01-04T23:00:00,28.14,62.04,3.49,47.58
Zone02,2024-01-04T23:00:00,26.29,46.18,3.47,58.5
Zone03,2024-01-04T23:00:00,22.86,71.6,2.81,64.44
Zone04,2024-01-04T23:00:00,20.21,64.58,3.18,47.53
Zone05,2024-01-04T23:00:00,23.8,65.38,1.5,62.03
Zone06,2024-01-04T23:00:00,21.78,54.88,3.68,54.52
Zone07,2024-01-04T23:00:00,22.97,66.29,4.58,64.11
Zone08,2024-01-04T23:00:00,25.23,60.77,3.73,53.96
Zone09,2024-01-04T23:00:00,21.47,69.86,3.8,29.67
Zone10,2024-01-04T23:00:00,28.17,59.58,2.0,53.67
Zone11,2024-01-04T23:00:00,14.76,62.24,2.83,77.74
Zone12,2024-01-04T23:00:00,24.32,49.89,3.89,36.95
Zone01,2024-01-04T23:30:00,22.12,63.55,3.85,37.62
Zone02,2024-01-04T23:30:00,27.61,64.82,4.27,42.69
Zone03,2024-01-04T23:30:00,19.07,70.49,1.25,29.31
Zone04,2024-01-04T23:30:00,26.61,73.35,3.37,63.65
Zone05,2024-01-04T23:30:00,26.02,64.02,3.25,57.98
Zone06,2024-01-04T23:30:00,25.49,73.23,4.26,27.9
Zone07,2024-01-04T23:30:00,24.45,68.44,5.3,51.44
Zone08,2024-01-04T23:30:00,23.62,67.0,2.58,46.71
Zone09,2024-01-04T23:30:00,23.17,59.13,2.56,51.6
Zone10,2024-01-04T23:30:00,26.65,68.46,2.54,42.26
Zone11,2024-01-04T23:30:00,26.72,56.29,1.97,46.34
Zone12,2024-01-04T23:30:00,28.07,72.08,2.85,48.0
Zone01,2024-01-05T00:00:00,22.57,61.01,4.69,61.08
Zone02,2024-01-05T00:00:00,25.23,58.94,1.49,48.13
Zone03,2024-01-05T00:00:00,21.13,57.34,1.22,63.4
Zone04,2024-01-05T00:00:00,23.37,58.5,2.9,41.24
Zone05,2024-01-05T00:00:00,25.43,53.68,4.83,41.03
Zone06,2024-01-05T00:00:00,23.41,55.51,1.69,60.84
Zone07,2024-01-05T00:00:00,27.28,51.02,2.92,12.57
Zone08,2024-01-05T00:00:00,23.15,69.77,5.68,37.98
Zone09,2024-01-05T00:00:00,23.46,55.64,3.35,62.82
Zone10,2024-01-05T00:00:00,22.63,64.81,1.82,48.19
Zone11,2024-01-05T00:00:00,26.97,57.91,3.25,33.39
Zone12,2024-01-05T00:00:00,20.25,74.32,1.96,70.12
Zone01,2024-01-05T00:30:00,25.57,53.57,4.25,58.56
Zone02,2024-01-05T00:30:00,20.38,64.26,3.53,41.46
Zone03,2024-01-05T00:30:00,23.9,40.28,4.05,52.97
Zone04,2024-01-05T00:30:00,23.5,69.87,2.67,21.94
Zone05,2024-01-05T00:30:00,22.19,54.8,3.26,64.01
Zone06,2024-01-05T00:30:00,23.77,58.85,3.55,60.75
Zone07,2024-01-05T00:30:00,25.17,42.75,1.31,85.56
Zone08,2024-01-05T00:30:00,25.65,65.28,2.91,83.83
Zone09,2024-01-05T00:30:00,28.3,57.59,3.44,59.74
Zone10,2024-01-05T00:30:00,26.16,69.27,2.29,62.49
Zone11,2024-01-05T00:30:00,22.92,45.52,2.85,60.81
Zone12,2024-01-05T00:30:00,30.11,63.76,1.09,53.14
Zone01,2024-01-05T01:00:00,26.8,67.05,2.85,78.04
Zone02,2024-01-05T01:00:00,26.52,56.5,1.03,44.33
Zone03,2024-01-05T01:00:00,26.43,43.89,3.5,60.13
Zone04,2024-01-05T01:00:00,25.48,46.39,3.95,31.12
Zone05,2024-01-05T01:00:00,28.17,50.41,2.9,33.46
Zone06,2024-01-05T01:00:00,22.37,55.9,3.49,37.54
Zone07,2024-01-05T01:00:00,27.35,74.39,2.86,82.8
Zone08,2024-01-05T01:00:00,23.3,53.5,4.18,40.39
Zone09,2024-01-05T01:00:00,25.18,62.6,2.0,49.79
Zone10,2024-01-05T01:00:00,21.97,54.36,4.51,38.45
Zone11,2024-01-05T01:00:00,25.21,66.73,3.37,33.64
Zone12,2024-01-05T01:00:00,24.99,55.27,3.34,50.58
Zone01,2024-01-05T01:30:00,23.48,55.4,3.67,49.58
Zone02,2024-01-05T01:30:00,19.15,51.4,3.27,20.81
Zone03,2024-01-05T01:30:00,17.97,60.12,3.4,61.64
Zone04,2024-01-05T01:30:00,23.1,69.94,3.55,52.26
Zone05,2024-01-05T01:30:00,27.14,59.95,3.09,67.69
Zone06,2024-01-05T01:30:00,23.67,45.77,3.18,64.28
Zone07,2024-01-05T01:30:00,23.74,51.07,1.1,44.59
Zone08,2024-01-05T01:30:00,23.07,74.86,3.44,53.35
Zone09,2024-01-05T01:30:00,26.77,65.5,3.59,60.69
Zone10,2024-01-05T01:30:00,25.08,56.71,3.15,66.22
Zone11,2024-01-05T01:30:00,24.53,68.12,4.34,42.75
Zone12,2024-01-05T01:30:00,21.97,70.52,3.32,44.18
Zone01,2024-01-05T02:00:00,27.85,51.33,4.97,41.82
Zone02,2024-01-05T02:00:00,26.92,60.65,3.2,44.86
Zone03,2024-01-05T02:00:00,26.35,54.21,1.74,65.21
Zone04,2024-01-05T02:00:00,20.76,62.71,3.36,50.13
Zone05,2024-01-05T02:00:00,29.34,71.71,3.7,30.33
Zone06,2024-01-05T02:00:00,26.07,70.65,3.69,41.31
Zone07,2024-01-05T02:00:00,25.11,32.73,4.11,75.62
Zone08,2024-01-05T02:00:00,24.65,45.94,3.91,53.08
Zone09,2024-01-05T02:00:00,22.97,51.24,0.24,43.48
Zone10,2024-01-05T02:00:00,32.95,61.52,1.97,43.96
Zone11,2024-01-05T02:00:00,28.4,68.13,3.94,59.92
Zone12,2024-01-05T02:00:00,20.9,40.29,2.47,96.79
Zone01,2024-01-05T02:30:00,16.26,50.67,3.0,78.28
Zone02,2024-01-05T02:30:00,29.99,50.45,3.88,61.63
Zone03,2024-01-05T02:30:00,29.49,59.39,2.06,29.86
Zone04,2024-01-05T02:30:00,28.26,77.57,2.86,80.55
Zone05,2024-01-05T02:30:00,24.63,57.56,2.7,45.2
Zone06,2024-01-05T02:30:00,22.53,46.86,1.66,77.53
Zone07,2024-01-05T02:30:00,23.64,66.38,3.9,72.56
Zone08,2024-01-05T02:30:00,26.78,47.49,2.49,56.35
Zone09,2024-01-05T02:30:00,20.43,70.69,2.76,63.94
Zone10,2024-01-05T02:30:00,22.37,58.94,4.13,68.52
Zone11,2024-01-05T02:30:00,22.12,59.31,2.67,26.78
Zone12,2024-01-05T02:30:00,23.67,64.3,2.93,51.5
Zone01,2024-01-05T03:00:00,24.7,60.88,3.9,28.98
Zone02,2024-01-05T03:00:00,25.95,44.11,2.77,30.1
Zone03,2024-01-05T03:00:00,27.71,61.66,2.92,70.35
Zone04,2024-01-05T03:00:00,21.78,57.47,2.55,62.47
Zone05,2024-01-05T03:00:00,22.15,67.84,-0.76,37.64
Zone06,2024-01-05T03:00:00,25.07,53.93,2.26,58.92
Zone07,2024-01-05T03:00:00,22.82,63.37,3.44,43.1
Zone08,2024-01-05T03:00:00,26.49,51.3,3.11,44.14
Zone09,2024-01-05T03:00:00,24.12,51.17,4.23,61.56
Zone10,2024-01-05T03:00:00,27.73,38.85,2.05,51.4
Zone11,2024-01-05T03:00:00,28.87,73.43,2.98,43.61
Zone12,2024-01-05T03:00:00,18.98,62.34,3.32,58.17
Zone01,2024-01-05T03:30:00,20.87,58.7,3.61,24.86
Zone02,2024-01-05T03:30:00,20.27,60.11,2.8,36.01
Zone03,2024-01-05T03:30:00,22.02,68.12,3.61,44.15
Zone04,2024-01-05T03:30:00,24.79,60.39,1.56,58.94
Zone05,2024-01-05T03:30:00,29.15,72.09,2.5,54.13
Zone06,2024-01-05T03:30:00,29.83,66.84,2.72,73.03
Zone07,2024-01-05T03:30:00,29.77,47.78,3.71,49.14
Zone08,2024-01-05T03:30:00,23.53,54.01,4.66,59.85
Zone09,2024-01-05T03:30:00,20.5,63.77,3.03,55.11
Zone10,2024-01-05T03:30:00,21.98,71.73,2.66,55.1
Zone11,2024-01-05T03:30:00,21.86,40.79,3.76,25.44
Zone12,2024-01-05T03:30:00,24.07,77.89,5.92,42.23
Zone01,2024-01-05T04:00:00,22.81,49.75,3.98,53.47
Zone02,2024-01-05T04:00:00,26.88,68.36,3.52,59.46
Zone03,2024-01-05T04:00:00,24.37,64.37,4.01,33.55
Zone04,2024-01-05T04:00:00,26.94,60.39,4.07,-0.69
Zone05,2024-01-05T04:00:00,26.66,57.45,2.88,93.7
Zone06,2024-01-05T04:00:00,22.1,70.78,3.59,39.65
Zone07,2024-01-05T04:00:00,27.83,57.16,2.87,48.43
Zone08,2024-01-05T04:00:00,22.09,45.65,2.24,55.52
Zone09,2024-01-05T04:00:00,28.48,51.56,2.03,61.55
Zone10,2024-01-05T04:00:00,23.48,83.45,3.39,54.73
Zone11,2024-01-05T04:00:00,25.4,74.46,3.21,53.97
Zone12,2024-01-05T04:00:00,23.94,39.84,2.86,66.04
Zone01,2024-01-05T04:30:00,24.32,70.43,2.39,57.92
Zone02,2024-01-05T04:30:00,27.86,68.06,2.33,57.28
Zone03,2024-01-05T04:30:00,25.45,65.12,3.73,44.39
Zone04,2024-01-05T04:30:00,25.17,77.86,3.43,70.66
Zone05,2024-01-05T04:30:00,24.44,61.71,3.84,50.31
Zone06,2024-01-05T04:30:00,21.32,62.35,2.08,59.32
Zone07,2024-01-05T04:30:00,29.29,67.72,1.61,48.05
Zone08,2024-01-05T04:30:00,23.08,69.37,1.43,39.12
Zone09,2024-01-05T04:30:00,20.75,59.16,3.62,40.9
Zone10,2024-01-05T04:30:00,25.84,56.64,5.27,39.23
Zone11,2024-01-05T04:30:00,23.62,80.95,3.13,43.12
Zone12,2024-01-05T04:30:00,26.38,66.72,3.04,51.75
Zone01,2024-01-05T05:00:00,24.33,55.73,2.77,45.66
Zone02,2024-01-05T05:00:00,23.05,66.7,4.59,69.62
Zone03,2024-01-05T05:00:00,27.26,52.73,3.24,48.34
Zone04,2024-01-05T05:00:00,25.36,53.05,4.36,59.6
Zone05,2024-01-05T05:00:00,22.46,67.04,3.57,37.72
Zone06,2024-01-05T05:00:00,22.42,57.72,4.49,55.49
Zone07,2024-01-05T05:00:00,32.17,61.71,2.96,64.24
Zone08,2024-01-05T05:00:00,18.48,55.39,3.42,26.88
Zone09,2024-01-05T05:00:00,27.25,64.94,0.99,7.76
Zone10,2024-01-05T05:00:00,26.38,61.51,2.68,16.13
Zone11,2024-01-05T05:00:00,22.45,63.32,3.97,26.65
Zone12,2024-01-05T05:00:00,21.11,53.58,2.3,85.09
Zone01,2024-01-05T05:30:00,23.79,63.55,2.55,56.72
Zone02,2024-01-05T05:30:00,24.31,70.06,2.29,32.07
Zone03,2024-01-05T05:30:00,24.18,66.12,2.02,46.22
Zone04,2024-01-05T05:30:00,25.52,54.74,4.11,67.63
Zone05,2024-01-05T05:30:00,28.64,77.89,4.41,62.35
Zone06,2024-01-05T05:30:00,25.5,23.61,2.81,61.41
Zone07,2024-01-05T05:30:00,25.24,55.74,3.14,46.72
Zone08,2024-01-05T05:30:00,23.19,69.01,2.63,37.35
Zone09,2024-01-05T05:30:00,24.38,67.89,1.18,70.1
Zone10,2024-01-05T05:30:00,22.42,61.68,2.73,48.23
Zone11,2024-01-05T05:30:00,21.23,64.82,4.16,36.52
Zone12,2024-01-05T05:30:00,27.5,56.45,2.72,57.48
Zone01,2024-01-05T06:00:00,26.84,51.61,2.44,36.05
Zone02,2024-01-05T06:00:00,26.61,58.18,3.38,44.62
Zone03,2024-01-05T06:00:00,30.21,65.47,4.02,51.33
Zone04,2024-01-05T06:00:00,27.85,73.37,3.66,32.65
Zone05,2024-01-05T06:00:00,23.72,55.72,5.33,67.25
Zone06,2024-01-05T06:00:00,29.85,69.64,3.2,57.41
Zone07,2024-01-05T06:00:00,27.35,48.2,2.86,50.41
Zone08,2024-01-05T06:00:00,22.21,62.85,3.26,37.0
Zone09,2024-01-05T06:00:00,22.74,63.64,3.9,72.34
Zone10,2024-01-05T06:00:00,24.64,40.25,4.82,53.76
Zone11,2024-01-05T06:00:00,25.9,77.07,1.64,62.73
Zone12,2024-01-05T06:00:00,22.67,50.6,4.19,41.87
Zone01,2024-01-05T06:30:00,23.98,53.68,2.1,54.16
Zone02,2024-01-05T06:30:00,27.22,51.29,2.44,39.1
Zone03,2024-01-05T06:30:00,24.94,46.51,2.93,44.48
Zone04,2024-01-05T06:30:00,25.1,71.05,3.88,41.57
Zone05,2024-01-05T06:30:00,23.38,69.04,3.11,58.96
Zone06,2024-01-05T06:30:00,26.45,47.77,2.36,78.47
Zone07,2024-01-05T06:30:00,26.62,69.45,4.14,43.73
Zone08,2024-01-05T06:30:00,18.96,76.53,1.47,33.41
Zone09,2024-01-05T06:30:00,20.2,43.49,2.1,56.47
Zone10,2024-01-05T06:30:00,23.98,52.7,1.95,76.98
Zone11,2024-01-05T06:30:00,24.07,51.47,2.85,68.46
Zone12,2024-01-05T06:30:00,28.94,63.14,3.03,53.09
Zone01,2024-01-05T07:00:00,21.32,62.85,2.28,33.17
Zone02,2024-01-05T07:00:00,27.03,60.47,3.6,37.0
Zone03,2024-01-05T07:00:00,22.8,63.24,2.1,53.46
Zone04,2024-01-05T07:00:00,28.7,57.35,2.2,80.41
Zone05,2024-01-05T07:00:00,24.61,53.82,4.15,61.23
Zone06,2024-01-05T07:00:00,24.96,71.97,2.53,50.08
Zone07,2024-01-05T07:00:00,27.85,53.7,2.58,29.26
Zone08,2024-01-05T07:00:00,29.27,61.55,3.83,44.94
Zone09,2024-01-05T07:00:00,24.49,74.41,3.3,58.58
Zone10,2024-01-05T07:00:00,21.55,52.49,3.0,76.01
Zone11,2024-01-05T07:00:00,25.11,46.65,3.59,48.35
Zone12,2024-01-05T07:00:00,23.12,52.88,3.32,50.76
Zone01,2024-01-05T07:30:00,24.22,68.37,2.45,27.96
Zone02,2024-01-05T07:30:00,20.96,69.59,3.1,73.56
Zone03,2024-01-05T07:30:00,30.14,48.88,4.24,39.07
Zone04,2024-01-05T07:30:00,21.53,62.79,2.43,61.19
Zone05,2024-01-05T07:30:00,21.36,52.84,0.45,63.4
Zone06,2024-01-05T07:30:00,24.97,57.65,3.45,28.04
Zone07,2024-01-05T07:30:00,25.59,44.89,2.72,34.19
Zone08,2024-01-05T07:30:00,23.52,53.72,2.79,71.6
Zone09,2024-01-05T07:30:00,18.27,55.13,1.56,36.89
Zone10,2024-01-05T07:30:00,26.0,58.15,2.97,55.31
Zone11,2024-01-05T07:30:00,19.91,56.5,3.77,55.53
Zone12,2024-01-05T07:30:00,22.37,73.68,2.79,45.81
Zone01,2024-01-05T08:00:00,25.37,51.41,2.86,56.47
Zone02,2024-01-05T08:00:00,27.32,42.37,2.81,35.9
Zone03,2024-01-05T08:00:00,28.51,51.17,3.85,64.95
Zone04,2024-01-05T08:00:00,28.47,59.3,2.8,64.39
Zone05,2024-01-05T08:00:00,22.76,60.51,2.83,52.14
Zone06,2024-01-05T08:00:00,24.72,45.46,2.77,64.13
Zone07,2024-01-05T08:00:00,20.8,68.02,2.5,39.11
Zone08,2024-01-05T08:00:00,26.81,60.09,2.47,49.74
Zone09,2024-01-05T08:00:00,21.18,42.2,3.6,53.82
Zone10,2024-01-05T08:00:00,19.14,57.41,3.24,76.9
Zone11,2024-01-05T08:00:00,21.83,45.11,4.86,50.14
Zone12,2024-01-05T08:00:00,20.87,56.73,4.18,58.52
Zone01,2024-01-05T08:30:00,26.64,53.39,2.21,59.24
Zone02,2024-01-05T08:30:00,22.01,55.96,3.28,43.28
Zone03,2024-01-05T08:30:00,24.77,65.91,4.31,74.55
Zone04,2024-01-05T08:30:00,27.61,46.33,1.72,52.84
Zone05,2024-01-05T08:30:00,26.67,62.88,2.44,76.16
Zone06,2024-01-05T08:30:00,26.54,43.78,4.42,52.44
Zone07,2024-01-05T08:30:00,26.95,81.45,3.15,53.91
Zone08,2024-01-05T08:30:00,18.25,47.37,3.02,35.61
Zone09,2024-01-05T08:30:00,27.78,42.19,3.5,50.52
Zone10,2024-01-05T08:30:00,29.33,57.71,3.02,81.18
Zone11,2024-01-05T08:30:00,19.57,49.65,1.6,53.67
Zone12,2024-01-05T08:30:00,25.79,59.11,2.12,55.1
Zone01,2024-01-05T09:00:00,29.41,57.66,1.47,56.07
Zone02,2024-01-05T09:00:00,23.59,48.1,3.81,44.93
Zone03,2024-01-05T09:00:00,26.94,62.68,1.12,73.2
Zone04,2024-01-05T09:00:00,22.43,66.89,2.87,52.93
Zone05,2024-01-05T09:00:00,27.52,51.72,2.23,69.54
Zone06,2024-01-05T09:00:00,26.57,52.91,4.47,85.92
Zone07,2024-01-05T09:00:00,23.22,50.8,1.12,37.49
Zone08,2024-01-05T09:00:00,24.75,55.81,1.43,44.64
Zone09,2024-01-05T09:00:00,25.75,51.4,1.08,45.19
Zone10,2024-01-05T09:00:00,25.26,63.79,3.45,82.69
Zone11,2024-01-05T09:00:00,24.36,63.87,2.59,65.04
Zone12,2024-01-05T09:00:00,32.27,65.67,1.88,72.83
Zone01,2024-01-05T09:30:00,28.93,49.17,2.48,68.56
Zone02,2024-01-05T09:30:00,29.13,49.37,2.32,26.17
Zone03,2024-01-05T09:30:00,28.64,62.2,3.66,46.1
Zone04,2024-01-05T09:30:00,23.76,60.4,3.39,60.02
Zone05,2024-01-05T09:30:00,29.21,68.11,4.31,48.16
Zone06,2024-01-05T09:30:00,27.63,52.63,2.91,62.55
Zone07,2024-01-05T09:30:00,28.61,76.43,2.94,20.73
Zone08,2024-01-05T09:30:00,25.13,62.63,4.35,36.88
Zone09,2024-01-05T09:30:00,26.01,67.58,3.96,67.23
Zone10,2024-01-05T09:30:00,30.22,40.3,3.42,31.89
Zone11,2024-01-05T09:30:00,28.14,57.16,3.77,42.87
Zone12,2024-01-05T09:30:00,24.91,57.18,3.36,37.69
Zone01,2024-01-05T10:00:00,19.47,55.5,-0.03,53.82
Zone02,2024-01-05T10:00:00,26.34,61.23,2.98,57.0
Zone03,2024-01-05T10:00:00,25.31,57.82,3.4,40.41
Zone04,2024-01-05T10:00:00,27.92,74.36,2.31,52.43
Zone05,2024-01-05T10:00:00,26.73,55.54,4.54,49.55
Zone06,2024-01-05T10:00:00,25.45,57.46,4.52,73.34
Zone07,2024-01-05T10:00:00,23.0,60.29,3.24,27.96
Zone08,2024-01-05T10:00:00,19.79,47.49,2.86,59.22
Zone09,2024-01-05T10:00:00,22.55,68.53,3.15,39.85
Zone10,2024-01-05T10:00:00,29.09,52.14,3.75,42.6
Zone11,2024-01-05T10:00:00,25.5,64.59,1.54,66.17
Zone12,2024-01-05T10:00:00,27.04,35.01,1.91,55.73
Zone01,2024-01-05T10:30:00,25.56,54.29,1.71,77.25
Zone02,2024-01-05T10:30:00,19.84,45.59,4.26,60.01
Zone03,2024-01-05T10:30:00,25.01,64.52,1.1,34.02
Zone04,2024-01-05T10:30:00,22.26,59.81,3.28,75.42
Zone05,2024-01-05T10:30:00,23.59,72.07,3.83,68.7
Zone06,2024-01-05T10:30:00,24.24,63.39,2.73,60.32
Zone07,2024-01-05T10:30:00,15.98,50.66,2.12,78.09
Zone08,2024-01-05T10:30:00,19.68,51.56,3.0,24.2
Zone09,2024-01-05T10:30:00,26.02,58.6,3.57,17.32
Zone10,2024-01-05T10:30:00,23.49,76.99,3.61,26.52
Zone11,2024-01-05T10:30:00,22.97,67.25,3.31,30.23
Zone12,2024-01-05T10:30:00,23.24,66.57,4.06,53.84
Zone01,2024-01-05T11:00:00,29.34,51.6,3.81,56.34
Zone02,2024-01-05T11:00:00,21.54,58.33,5.2,54.28
Zone03,2024-01-05T11:00:00,22.34,58.78,2.61,52.55
Zone04,2024-01-05T11:00:00,24.24,67.73,4.11,56.87
Zone05,2024-01-05T11:00:00,21.07,76.38,3.86,58.16
Zone06,2024-01-05T11:00:00,25.48,46.8,2.47,51.98
Zone07,2024-01-05T11:00:00,21.74,71.23,1.5,56.8
Zone08,2024-01-05T11:00:00,25.39,62.19,3.13,56.76
Zone09,2024-01-05T11:00:00,31.75,57.82,3.56,45.64
Zone10,2024-01-05T11:00:00,23.4,55.02,4.93,61.17
Zone11,2024-01-05T11:00:00,22.97,76.17,2.65,61.29
Zone12,2024-01-05T11:00:00,23.58,68.18,5.19,48.99
Zone01,2024-01-05T11:30:00,29.26,55.62,3.32,55.03
Zone02,2024-01-05T11:30:00,22.39,61.24,2.59,61.42
Zone03,2024-01-05T11:30:00,22.64,46.47,1.6,39.44
Zone04,2024-01-05T11:30:00,29.76,64.66,4.99,68.97
Zone05,2024-01-05T11:30:00,27.55,62.64,1.86,44.61
Zone06,2024-01-05T11:30:00,26.0,61.66,2.75,35.21
Zone07,2024-01-05T11:30:00,26.49,56.06,4.03,35.4
Zone08,2024-01-05T11:30:00,26.09,66.82,1.55,41.43
Zone09,2024-01-05T11:30:00,25.7,49.62,2.51,39.6
Zone10,2024-01-05T11:30:00,23.83,40.11,3.68,67.69
Zone11,2024-01-05T11:30:00,24.6,47.7,3.13,55.32
Zone12,2024-01-05T11:30:00,25.26,68.46,2.49,27.1
Zone01,2024-01-05T12:00:00,31.47,57.67,4.7,66.83
Zone02,2024-01-05T12:00:00,25.93,68.19,1.42,84.79
Zone03,2024-01-05T12:00:00,24.94,65.63,2.27,57.17
Zone04,2024-01-05T12:00:00,24.77,53.86,3.55,57.29
Zone05,2024-01-05T12:00:00,25.22,65.58,3.5,47.22
Zone06,2024-01-05T12:00:00,31.07,54.3,1.97,78.59
Zone07,2024-01-05T12:00:00,25.83,58.33,0.89,71.04
Zone08,2024-01-05T12:00:00,26.56,56.5,3.88,19.22
Zone09,2024-01-05T12:00:00,24.04,64.73,2.17,53.65
Zone10,2024-01-05T12:00:00,25.26,51.76,1.06,49.85
Zone11,2024-01-05T12:00:00,24.45,60.07,2.43,43.46
Zone12,2024-01-05T12:00:00,26.0,57.47,4.62,21.37
Zone01,2024-01-05T12:30:00,25.57,66.82,1.63,38.24
Zone02,2024-01-05T12:30:00,23.16,58.37,3.22,20.35
Zone03,2024-01-05T12:30:00,30.25,53.1,2.53,46.18
Zone04,2024-01-05T12:30:00,22.63,52.33,1.03,41.54
Zone05,2024-01-05T12:30:00,32.51,44.36,2.04,56.37
Zone06,2024-01-05T12:30:00,20.9,76.66,3.24,10.12
Zone07,2024-01-05T12:30:00,27.7,72.36,4.25,77.82
Zone08,2024-01-05T12:30:00,26.73,79.62,2.51,55.08
Zone09,2024-01-05T12:30:00,27.44,50.76,1.85,39.67
Zone10,2024-01-05T12:30:00,21.42,61.76,3.26,64.61
Zone11,2024-01-05T12:30:00,23.19,59.38,3.98,40.29
Zone12,2024-01-05T12:30:00,27.3,71.56,0.93,62.83
Zone01,2024-01-05T13:00:00,31.39,87.41,2.43,36.86
Zone02,2024-01-05T13:00:00,24.24,61.53,2.81,63.15
Zone03,2024-01-05T13:00:00,19.3,57.0,3.77,34.46
Zone04,2024-01-05T13:00:00,24.73,51.05,2.63,42.18
Zone05,2024-01-05T13:00:00,23.01,55.01,4.16,59.34
Zone06,2024-01-05T13:00:00,26.82,62.83,2.58,44.31
Zone07,2024-01-05T13:00:00,20.01,53.44,4.5,38.03
Zone08,2024-01-05T13:00:00,21.27,64.02,0.08,75.13
Zone09,2024-01-05T13:00:00,26.01,57.04,1.75,34.76
Zone10,2024-01-05T13:00:00,25.9,65.8,-0.24,62.77
Zone11,2024-01-05T13:00:00,27.14,71.33,2.17,31.57
Zone12,2024-01-05T13:00:00,29.53,54.64,2.97,34.67
Zone01,2024-01-05T13:30:00,22.7,79.26,4.47,54.83
Zone02,2024-01-05T13:30:00,23.24,54.73,3.74,77.93
Zone03,2024-01-05T13:30:00,24.3,53.19,3.82,64.0
Zone04,2024-01-05T13:30:00,24.71,63.39,2.22,39.52
Zone05,2024-01-05T13:30:00,26.75,55.24,2.29,61.36
Zone06,2024-01-05T13:30:00,21.19,41.96,0.8,26.39
Zone07,2024-01-05T13:30:00,24.3,53.1,2.76,29.82
Zone08,2024-01-05T13:30:00,24.03,66.8,1.4,33.22
Zone09,2024-01-05T13:30:00,22.62,43.84,3.3,45.0
Zone10,2024-01-05T13:30:00,22.66,69.92,4.16,18.08
Zone11,2024-01-05T13:30:00,23.71,46.27,2.66,56.74
Zone12,2024-01-05T13:30:00,31.58,50.66,0.68,62.71
Zone01,2024-01-05T14:00:00,22.81,58.3,1.82,56.0
Zone02,2024-01-05T14:00:00,20.13,59.71,2.36,55.93
Zone03,2024-01-05T14:00:00,25.02,85.27,1.96,53.34
Zone04,2024-01-05T14:00:00,31.46,74.99,3.2,49.54
Zone05,2024-01-05T14:00:00,22.49,55.52,2.08,47.05
Zone06,2024-01-05T14:00:00,25.86,54.08,2.54,55.83
Zone07,2024-01-05T14:00:00,25.14,68.95,5.59,31.82
Zone08,2024-01-05T14:00:00,23.7,55.7,1.79,44.88
Zone09,2024-01-05T14:00:00,24.23,46.65,1.23,71.57
Zone10,2024-01-05T14:00:00,24.3,58.65,3.82,69.93
Zone11,2024-01-05T14:00:00,21.96,76.13,2.62,54.41
Zone12,2024-01-05T14:00:00,30.28,53.44,1.88,73.62
Zone01,2024-01-05T14:30:00,23.76,88.11,2.77,44.09
Zone02,2024-01-05T14:30:00,27.9,43.19,3.07,28.43
Zone03,2024-01-05T14:30:00,26.34,70.68,3.22,37.96
Zone04,2024-01-05T14:30:00,19.77,70.32,2.16,32.91
Zone05,2024-01-05T14:30:00,27.76,44.17,3.34,30.37
Zone06,2024-01-05T14:30:00,20.39,75.62,2.47,61.61
Zone07,2024-01-05T14:30:00,21.0,64.36,2.93,56.5
Zone08,2024-01-05T14:30:00,25.24,64.8,4.49,68.24
Zone09,2024-01-05T14:30:00,27.36,83.69,1.91,57.03
Zone10,2024-01-05T14:30:00,27.77,65.51,3.82,39.03
Zone11,2024-01-05T14:30:00,24.55,69.55,3.09,42.64
Zone12,2024-01-05T14:30:00,26.89,68.75,2.41,70.21
Zone01,2024-01-05T15:00:00,30.42,59.06,2.95,58.76
Zone02,2024-01-05T15:00:00,28.29,68.04,2.25,59.26
Zone03,2024-01-05T15:00:00,23.76,57.39,1.95,54.17
Zone04,2024-01-05T15:00:00,24.92,60.49,2.17,61.59
Zone05,2024-01-05T15:00:00,24.86,61.17,4.33,70.63
Zone06,2024-01-05T15:00:00,25.85,61.2,3.91,72.26
Zone07,2024-01-05T15:00:00,28.56,59.86,3.42,37.84
Zone08,2024-01-05T15:00:00,24.65,57.15,2.75,46.36
Zone09,2024-01-05T15:00:00,25.07,71.71,3.73,60.42
Zone10,2024-01-05T15:00:00,26.45,56.42,4.99,56.96
Zone11,2024-01-05T15:00:00,25.67,77.16,3.7,69.49
Zone12,2024-01-05T15:00:00,23.41,65.17,1.63,44.13
Zone01,2024-01-05T15:30:00,30.98,51.23,2.55,46.81
Zone02,2024-01-05T15:30:00,23.81,47.88,3.28,54.27
Zone03,2024-01-05T15:30:00,27.13,51.26,3.02,39.05
Zone04,2024-01-05T15:30:00,22.04,73.64,5.19,46.85
Zone05,2024-01-05T15:30:00,26.06,55.68,5.79,39.82
Zone06,2024-01-05T15:30:00,24.02,56.29,3.17,50.51
Zone07,2024-01-05T15:30:00,28.46,65.76,3.36,53.81
Zone08,2024-01-05T15:30:00,29.19,60.68,3.1,44.1
Zone09,2024-01-05T15:30:00,27.92,62.49,2.48,72.28
Zone10,2024-01-05T15:30:00,28.33,87.0,3.33,42.67
Zone11,2024-01-05T15:30:00,24.66,66.29,1.55,22.23
Zone12,2024-01-05T15:30:00,20.58,71.04,1.5,53.13
Zone01,2024-01-05T16:00:00,22.71,72.22,3.41,33.76
Zone02,2024-01-05T16:00:00,26.91,64.0,2.02,58.48
Zone03,2024-01-05T16:00:00,26.08,62.82,1.05,42.89
Zone04,2024-01-05T16:00:00,25.25,73.75,2.47,61.7
Zone05,2024-01-05T16:00:00,25.09,50.91,2.17,82.62
Zone06,2024-01-05T16:00:00,26.35,55.79,2.99,32.42
Zone07,2024-01-05T16:00:00,26.74,58.56,2.52,44.68
Zone08,2024-01-05T16:00:00,25.46,68.93,3.04,56.49
Zone09,2024-01-05T16:00:00,25.76,73.14,3.83,27.16
Zone10,2024-01-05T16:00:00,26.83,52.34,4.17,59.05
Zone11,2024-01-05T16:00:00,26.53,68.89,4.05,37.78
Zone12,2024-01-05T16:00:00,21.27,78.19,2.16,79.76
Zone01,2024-01-05T16:30:00,24.75,62.36,3.2,56.87
Zone02,2024-01-05T16:30:00,29.47,57.21,4.5,34.83
Zone03,2024-01-05T16:30:00,22.86,44.23,2.82,42.71
Zone04,2024-01-05T16:30:00,22.32,62.29,4.14,34.36
Zone05,2024-01-05T16:30:00,29.37,64.56,2.47,53.4
Zone06,2024-01-05T16:30:00,23.79,56.68,3.76,40.85
Zone07,2024-01-05T16:30:00,21.44,65.56,3.77,68.04
Zone08,2024-01-05T16:30:00,25.79,53.93,2.01,49.01
Zone09,2024-01-05T16:30:00,20.6,57.62,3.88,49.42
Zone10,2024-01-05T16:30:00,24.08,50.93,3.71,15.55
Zone11,2024-01-05T16:30:00,28.67,81.97,3.33,54.83
Zone12,2024-01-05T16:30:00,18.87,45.24,3.9,43.72
Zone01,2024-01-05T17:00:00,28.24,66.82,2.62,26.02
Zone02,2024-01-05T17:00:00,25.66,55.21,2.8,33.63
Zone03,2024-01-05T17:00:00,27.22,58.35,1.51,45.16
Zone04,2024-01-05T17:00:00,26.21,78.44,2.38,42.3
Zone05,2024-01-05T17:00:00,25.81,63.45,3.06,65.91
Zone06,2024-01-05T17:00:00,22.36,60.75,3.04,38.76
Zone07,2024-01-05T17:00:00,28.45,56.36,3.72,70.45
Zone08,2024-01-05T17:00:00,24.85,70.36,3.45,53.09
Zone09,2024-01-05T17:00:00,29.65,73.82,2.25,54.89
Zone10,2024-01-05T17:00:00,30.36,54.96,2.97,37.61
Zone11,2024-01-05T17:00:00,24.37,52.36,2.31,59.63
Zone12,2024-01-05T17:00:00,24.41,54.34,3.94,69.16
Zone01,2024-01-05T17:30:00,22.93,34.21,1.17,23.52
Zone02,2024-01-05T17:30:00,23.64,59.13,2.2,59.27
Zone03,2024-01-05T17:30:00,26.96,68.67,2.14,46.21
Zone04,2024-01-05T17:30:00,27.18,63.54,3.06,50.2
Zone05,2024-01-05T17:30:00,23.91,60.81,2.71,49.37
Zone06,2024-01-05T17:30:00,27.02,55.39,4.87,43.15
Zone07,2024-01-05T17:30:00,29.72,63.01,4.02,73.89
Zone08,2024-01-05T17:30:00,19.16,66.07,2.51,64.73
Zone09,2024-01-05T17:30:00,26.33,50.33,2.97,54.82
Zone10,2024-01-05T17:30:00,23.13,50.77,3.56,83.87
Zone11,2024-01-05T17:30:00,29.23,72.18,3.55,76.84
Zone12,2024-01-05T17:30:00,26.05,68.65,1.99,52.47
Zone01,2024-01-05T18:00:00,21.39,54.49,4.46,32.95
Zone02,2024-01-05T18:00:00,24.38,74.34,4.66,36.92
Zone03,2024-01-05T18:00:00,28.91,77.62,3.49,73.92
Zone04,2024-01-05T18:00:00,26.64,57.33,4.49,34.73
Zone05,2024-01-05T18:00:00,21.82,45.14,3.36,59.16
Zone06,2024-01-05T18:00:00,27.05,45.2,3.98,53.85
Zone07,2024-01-05T18:00:00,24.46,49.01,3.66,44.02
Zone08,2024-01-05T18:00:00,23.28,61.33,3.52,45.06
Zone09,2024-01-05T18:00:00,22.34,66.96,3.65,42.91
Zone10,2024-01-05T18:00:00,24.27,47.05,3.29,46.74
Zone11,2024-01-05T18:00:00,20.87,64.87,3.41,76.56
Zone12,2024-01-05T18:00:00,20.87,63.9,4.35,36.42
Zone01,2024-01-05T18:30:00,26.67,74.04,2.94,48.59
Zone02,2024-01-05T18:30:00,21.65,54.13,2.99,41.69
Zone03,2024-01-05T18:30:00,28.45,51.18,3.83,23.63
Zone04,2024-01-05T18:30:00,25.01,77.79,6.05,51.05
Zone05,2024-01-05T18:30:00,27.82,68.77,3.26,33.08
Zone06,2024-01-05T18:30:00,27.4,66.57,2.28,64.66
Zone07,2024-01-05T18:30:00,27.85,47.72,1.73,72.04
Zone08,2024-01-05T18:30:00,22.77,55.6,3.16,71.12
Zone09,2024-01-05T18:30:00,30.29,62.18,2.74,38.54
Zone10,2024-01-05T18:30:00,26.91,49.01,2.33,3.79
Zone11,2024-01-05T18:30:00,26.44,62.23,3.13,50.17
Zone12,2024-01-05T18:30:00,19.17,46.88,4.98,50.57
Zone01,2024-01-05T19:00:00,25.57,57.11,2.59,61.6
Zone02,2024-01-05T19:00:00,26.14,56.67,1.76,44.72
Zone03,2024-01-05T19:00:00,30.02,61.09,1.81,67.0
Zone04,2024-01-05T19:00:00,24.63,62.29,3.69,38.74
Zone05,2024-01-05T19:00:00,20.17,58.63,5.27,67.61
Zone06,2024-01-05T19:00:00,21.04,64.83,2.71,29.92
Zone07,2024-01-05T19:00:00,29.83,61.65,2.19,68.21
Zone08,2024-01-05T19:00:00,28.33,69.18,2.54,48.88
Zone09,2024-01-05T19:00:00,28.27,74.57,2.78,57.91
Zone10,2024-01-05T19:00:00,22.35,74.35,2.62,64.72
Zone11,2024-01-05T19:00:00,26.08,65.04,1.94,29.6
Zone12,2024-01-05T19:00:00,23.27,45.8,3.61,45.83
Zone01,2024-01-05T19:30:00,26.99,54.09,2.66,55.24
Zone02,2024-01-05T19:30:00,25.54,51.09,5.39,35.02
Zone03,2024-01-05T19:30:00,21.54,62.74,2.81,47.63
Zone04,2024-01-05T19:30:00,24.95,50.49,3.48,42.88
Zone05,2024-01-05T19:30:00,27.0,72.49,2.88,33.46
Zone06,2024-01-05T19:30:00,29.64,78.05,4.16,67.8
Zone07,2024-01-05T19:30:00,26.83,83.58,1.58,47.71
Zone08,2024-01-05T19:30:00,28.9,48.63,3.1,42.7
Zone09,2024-01-05T19:30:00,21.88,66.34,3.79,35.58
Zone10,2024-01-05T19:30:00,24.41,76.44,3.12,20.32
Zone11,2024-01-05T19:30:00,27.05,63.19,2.8,38.72
Zone12,2024-01-05T19:30:00,22.48,65.34,2.43,32.45
Zone01,2024-01-05T20:00:00,22.83,69.76,3.86,41.44
Zone02,2024-01-05T20:00:00,21.83,50.31,1.79,51.57
Zone03,2024-01-05T20:00:00,23.92,56.6,2.54,53.76
Zone04,2024-01-05T20:00:00,19.53,76.67,2.05,49.46
Zone05,2024-01-05T20:00:00,20.56,57.93,2.89,43.16
Zone06,2024-01-05T20:00:00,25.12,66.33,1.7,56.45
Zone07,2024-01-05T20:00:00,25.95,69.99,3.63,74.76
Zone08,2024-01-05T20:00:00,25.94,52.26,4.81,40.17
Zone09,2024-01-05T20:00:00,23.16,60.76,2.1,23.94
Zone10,2024-01-05T20:00:00,21.91,77.63,3.37,56.28
Zone11,2024-01-05T20:00:00,24.07,43.75,4.24,44.87
Zone12,2024-01-05T20:00:00,25.94,77.52,2.94,56.46
Zone01,2024-01-05T20:30:00,29.35,58.92,2.8,29.84
Zone02,2024-01-05T20:30:00,25.8,53.09,2.89,42.58
Zone03,2024-01-05T20:30:00,26.47,34.86,2.95,44.93
Zone04,2024-01-05T20:30:00,21.2,74.28,2.63,49.04
Zone05,2024-01-05T20:30:00,25.4,52.17,3.89,59.59
Zone06,2024-01-05T20:30:00,23.81,63.8,2.51,39.13
Zone07,2024-01-05T20:30:00,28.57,57.51,0.16,60.26
Zone08,2024-01-05T20:30:00,24.08,49.84,3.42,1.96
Zone09,2024-01-05T20:30:00,25.22,59.67,3.99,49.21
Zone10,2024-01-05T20:30:00,25.81,50.77,2.58,57.77
Zone11,2024-01-05T20:30:00,23.93,75.84,4.36,68.81
Zone12,2024-01-05T20:30:00,31.41,64.66,2.31,57.63
Zone01,2024-01-05T21:00:00,25.06,48.26,3.81,42.75
Zone02,2024-01-05T21:00:00,22.25,43.12,2.71,44.77
Zone03,2024-01-05T21:00:00,21.41,55.53,3.84,66.23
Zone04,2024-01-05T21:00:00,28.28,73.79,2.04,65.12
Zone05,2024-01-05T21:00:00,26.08,61.31,3.62,43.27
Zone06,2024-01-05T21:00:00,30.96,56.29,2.55,62.77
Zone07,2024-01-05T21:00:00,28.19,43.17,3.37,61.16
Zone08,2024-01-05T21:00:00,25.3,66.53,1.65,50.34
Zone09,2024-01-05T21:00:00,24.68,41.14,3.72,63.69
Zone10,2024-01-05T21:00:00,30.01,71.0,1.57,61.75
Zone11,2024-01-05T21:00:00,21.79,61.53,3.65,79.49
Zone12,2024-01-05T21:00:00,29.04,82.06,3.65,56.06
Zone01,2024-01-05T21:30:00,23.17,70.68,2.92,62.54
Zone02,2024-01-05T21:30:00,16.52,65.61,3.68,69.75
Zone03,2024-01-05T21:30:00,19.43,62.4,3.47,59.53
Zone04,2024-01-05T21:30:00,22.71,52.15,3.29,41.04
Zone05,2024-01-05T21:30:00,28.45,54.2,1.9,35.66
Zone06,2024-01-05T21:30:00,26.6,66.68,5.21,39.51
Zone07,2024-01-05T21:30:00,24.04,53.04,2.75,38.18
Zone08,2024-01-05T21:30:00,25.02,55.3,3.62,49.15
Zone09,2024-01-05T21:30:00,24.51,68.72,1.15,41.84
Zone10,2024-01-05T21:30:00,27.21,57.38,2.0,48.48
Zone11,2024-01-05T21:30:00,28.87,64.64,2.39,53.7
Zone12,2024-01-05T21:30:00,25.36,46.3,3.17,63.96
Zone01,2024-01-05T22:00:00,30.47,65.06,2.85,40.21
Zone02,2024-01-05T22:00:00,23.68,48.11,2.85,38.75
Zone03,2024-01-05T22:00:00,31.02,63.17,3.42,48.71
Zone04,2024-01-05T22:00:00,19.97,61.38,2.8,33.33
Zone05,2024-01-05T22:00:00,28.12,49.73,2.07,59.97
Zone06,2024-01-05T22:00:00,22.46,75.84,3.2,84.37
Zone07,2024-01-05T22:00:00,23.97,48.01,3.28,49.64
Zone08,2024-01-05T22:00:00,19.78,39.16,2.07,59.86
Zone09,2024-01-05T22:00:00,26.04,58.57,2.08,34.81
Zone10,2024-01-05T22:00:00,25.59,67.34,2.67,49.4
Zone11,2024-01-05T22:00:00,22.63,59.98,3.26,36.6
Zone12,2024-01-05T22:00:00,27.23,58.05,0.9,52.23
Zone01,2024-01-05T22:30:00,22.98,61.95,4.89,36.69
Zone02,2024-01-05T22:30:00,27.82,57.5,3.8,63.85
Zone03,2024-01-05T22:30:00,25.06,51.44,3.38,25.59
Zone04,2024-01-05T22:30:00,26.03,55.48,2.3,59.02
Zone05,2024-01-05T22:30:00,15.84,67.67,3.45,43.51
Zone06,2024-01-05T22:30:00,24.28,59.77,2.87,23.53
Zone07,2024-01-05T22:30:00,21.38,59.66,4.06,62.41
Zone08,2024-01-05T22:30:00,16.28,61.11,2.02,43.03
Zone09,2024-01-05T22:30:00,28.66,54.95,2.07,54.36
Zone10,2024-01-05T22:30:00,23.71,60.33,2.03,38.66
Zone11,2024-01-05T22:30:00,32.28,45.54,1.65,55.71
Zone12,2024-01-05T22:30:00,20.92,66.1,4.35,67.01
Zone01,2024-01-05T23:00:00,27.35,68.7,3.36,40.28
Zone02,2024-01-05T23:00:00,24.34,50.53,3.08,95.66
Zone03,2024-01-05T23:00:00,26.41,51.6,1.6,14.18
Zone04,2024-01-05T23:00:00,28.04,59.2,3.35,53.3
Zone05,2024-01-05T23:00:00,23.43,44.17,2.73,60.32
Zone06,2024-01-05T23:00:00,24.43,63.09,2.61,47.87
Zone07,2024-01-05T23:00:00,27.09,33.32,3.14,32.29
Zone08,2024-01-05T23:00:00,26.37,64.42,3.78,58.67
Zone09,2024-01-05T23:00:00,24.13,53.26,2.09,38.55
Zone10,2024-01-05T23:00:00,22.64,69.76,3.34,41.38
Zone11,2024-01-05T23:00:00,21.16,66.6,1.85,67.82
Zone12,2024-01-05T23:00:00,25.65,52.93,3.87,42.79
Zone01,2024-01-05T23:30:00,24.47,44.24,2.16,58.17
Zone02,2024-01-05T23:30:00,19.88,73.02,2.24,49.25
Zone03,2024-01-05T23:30:00,24.44,50.91,3.21,61.18
Zone04,2024-01-05T23:30:00,23.47,55.56,3.42,26.61
Zone05,2024-01-05T23:30:00,27.37,60.35,2.94,60.07
Zone06,2024-01-05T23:30:00,23.93,69.31,2.78,45.8
Zone07,2024-01-05T23:30:00,27.81,73.69,3.87,45.85
Zone08,2024-01-05T23:30:00,29.21,65.15,2.69,35.34
Zone09,2024-01-05T23:30:00,25.58,58.87,4.18,53.64
Zone10,2024-01-05T23:30:00,23.7,58.15,2.62,38.09
Zone11,2024-01-05T23:30:00,21.64,40.3,4.51,49.17
Zone12,2024-01-05T23:30:00,27.22,48.83,3.31,61.03
Zone01,2024-01-06T00:00:00,25.68,63.63,2.04,100.43
Zone02,2024-01-06T00:00:00,27.41,49.67,3.3,58.52
Zone03,2024-01-06T00:00:00,18.94,59.75,3.43,26.72
Zone04,2024-01-06T00:00:00,25.14,44.91,3.76,55.5
Zone05,2024-01-06T00:00:00,22.3,77.12,3.25,39.56
Zone06,2024-01-06T00:00:00,24.0,53.46,1.74,48.55
Zone07,2024-01-06T00:00:00,21.28,50.19,2.12,54.46
Zone08,2024-01-06T00:00:00,23.53,44.9,1.41,37.04
Zone09,2024-01-06T00:00:00,26.66,63.59,5.4,58.29
Zone10,2024-01-06T00:00:00,21.5,39.8,2.64,59.12
Zone11,2024-01-06T00:00:00,24.43,51.76,4.02,44.37
Zone12,2024-01-06T00:00:00,22.29,48.89,2.23,46.07
Zone01,2024-01-06T00:30:00,25.5,57.7,3.89,43.2
Zone02,2024-01-06T00:30:00,25.6,57.48,-0.04,56.09
Zone03,2024-01-06T00:30:00,25.4,69.04,3.8,57.73
Zone04,2024-01-06T00:30:00,20.78,67.1,3.41,33.72
Zone05,2024-01-06T00:30:00,26.77,48.71,3.2,41.35
Zone06,2024-01-06T00:30:00,30.48,48.92,2.19,44.69
Zone07,2024-01-06T00:30:00,30.09,54.87,3.27,47.56
Zone08,2024-01-06T00:30:00,21.31,45.42,3.56,44.45
Zone09,2024-01-06T00:30:00,22.65,52.07,4.74,59.71
Zone10,2024-01-06T00:30:00,24.53,58.48,3.29,29.8
Zone11,2024-01-06T00:30:00,29.8,52.41,2.96,33.31
Zone12,2024-01-06T00:30:00,24.45,61.47,1.47,61.43
Zone01,2024-01-06T01:00:00,20.61,50.18,2.46,41.67
Zone02,2024-01-06T01:00:00,28.54,38.91,1.66,35.99
Zone03,2024-01-06T01:00:00,29.91,74.28,4.02,32.17
Zone04,2024-01-06T01:00:00,28.1,56.77,2.72,36.79
Zone05,2024-01-06T01:00:00,26.03,56.6,2.56,32.7
Zone06,2024-01-06T01:00:00,25.75,56.25,3.03,29.85
Zone07,2024-01-06T01:00:00,25.74,57.13,0.38,75.65
Zone08,2024-01-06T01:00:00,24.7,77.88,3.86,52.23
Zone09,2024-01-06T01:00:00,22.52,75.64,3.39,40.87
Zone10,2024-01-06T01:00:00,23.26,70.88,4.64,54.67
Zone11,2024-01-06T01:00:00,21.92,59.36,3.01,45.36
Zone12,2024-01-06T01:00:00,22.43,54.84,3.81,50.04
Zone01,2024-01-06T01:30:00,23.89,56.51,2.86,53.92
Zone02,2024-01-06T01:30:00,27.82,72.78,4.33,62.23
Zone03,2024-01-06T01:30:00,29.35,74.37,4.57,35.79
Zone04,2024-01-06T01:30:00,22.6,83.7,1.92,29.52
Zone05,2024-01-06T01:30:00,27.56,76.07,3.89,44.09
Zone06,2024-01-06T01:30:00,23.78,46.9,6.04,50.23
Zone07,2024-01-06T01:30:00,24.84,50.26,3.01,42.28
Zone08,2024-01-06T01:30:00,24.31,56.7,4.38,54.26
Zone09,2024-01-06T01:30:00,22.54,51.42,3.29,45.89
Zone10,2024-01-06T01:30:00,20.53,65.44,2.0,57.64
Zone11,2024-01-06T01:30:00,23.99,58.02,4.43,24.63
Zone12,2024-01-06T01:30:00,21.43,61.71,2.97,65.85
Zone01,2024-01-06T02:00:00,25.2,57.41,2.75,37.06
Zone02,2024-01-06T02:00:00,25.44,50.98,3.67,78.41
Zone03,2024-01-06T02:00:00,25.44,78.99,1.15,42.07
Zone04,2024-01-06T02:00:00,26.49,52.13,1.63,51.17
Zone05,2024-01-06T02:00:00,24.97,64.56,1.78,64.91
Zone06,2024-01-06T02:00:00,19.61,52.21,3.46,55.46
Zone07,2024-01-06T02:00:00,22.43,68.25,2.64,45.59
Zone08,2024-01-06T02:00:00,24.76,47.81,3.48,45.04
Zone09,2024-01-06T02:00:00,21.29,66.62,3.06,66.16
Zone10,2024-01-06T02:00:00,25.46,45.74,5.24,32.48
Zone11,2024-01-06T02:00:00,25.33,50.54,3.89,54.13
Zone12,2024-01-06T02:00:00,22.92,76.58,4.17,52.24
Zone01,2024-01-06T02:30:00,25.0,68.07,3.21,40.13
Zone02,2024-01-06T02:30:00,25.79,72.09,3.43,62.31
Zone03,2024-01-06T02:30:00,28.28,72.27,3.01,56.75
Zone04,2024-01-06T02:30:00,21.84,52.38,2.94,38.61
Zone05,2024-01-06T02:30:00,22.77,61.76,2.1,38.17
Zone06,2024-01-06T02:30:00,23.52,65.54,1.37,55.34
Zone07,2024-01-06T02:30:00,24.32,68.17,3.81,75.59
Zone08,2024-01-06T02:30:00,26.0,64.12,2.24,48.79
Zone09,2024-01-06T02:30:00,26.63,56.5,3.26,66.92
Zone10,2024-01-06T02:30:00,23.09,50.27,1.24,66.63
Zone11,2024-01-06T02:30:00,24.8,50.38,4.43,32.87
Zone12,2024-01-06T02:30:00,24.7,74.05,2.85,35.72
Zone01,2024-01-06T03:00:00,20.65,55.99,2.73,32.23
Zone02,2024-01-06T03:00:00,28.25,70.64,4.78,26.42
Zone03,2024-01-06T03:00:00,21.5,43.22,3.16,45.53
Zone04,2024-01-06T03:00:00,17.84,74.43,2.61,29.1
Zone05,2024-01-06T03:00:00,28.78,63.88,4.78,57.21
Zone06,2024-01-06T03:00:00,25.84,49.45,2.55,58.08
Zone07,2024-01-06T03:00:00,29.34,47.64,1.33,32.15
Zone08,2024-01-06T03:00:00,29.52,52.35,3.2,71.45
Zone09,2024-01-06T03:00:00,26.29,62.11,2.07,69.45
Zone10,2024-01-06T03:00:00,24.83,59.81,4.18,52.43
Zone11,2024-01-06T03:00:00,28.2,50.52,1.58,25.8
Zone12,2024-01-06T03:00:00,25.97,45.97,2.08,5.63
Zone01,2024-01-06T03:30:00,22.14,55.0,1.27,33.48
Zone02,2024-01-06T03:30:00,28.43,48.07,5.13,26.2
Zone03,2024-01-06T03:30:00,29.0,66.42,5.6,52.33
Zone04,2024-01-06T03:30:00,16.66,84.08,3.13,48.87
Zone05,2024-01-06T03:30:00,27.48,78.77,3.75,47.1
Zone06,2024-01-06T03:30:00,27.95,51.83,1.93,59.59
Zone07,2024-01-06T03:30:00,32.44,59.52,3.69,23.95
Zone08,2024-01-06T03:30:00,27.48,53.16,2.26,46.27
Zone09,2024-01-06T03:30:00,27.88,72.05,2.51,23.31
Zone10,2024-01-06T03:30:00,21.48,70.22,3.58,58.61
Zone11,2024-01-06T03:30:00,21.21,59.26,3.72,77.48
Zone12,2024-01-06T03:30:00,22.86,66.56,2.84,47.35
Zone01,2024-01-06T04:00:00,28.34,67.01,3.38,52.1
Zone02,2024-01-06T04:00:00,27.62,55.06,3.47,51.95
Zone03,2024-01-06T04:00:00,24.2,68.98,2.89,60.77
Zone04,2024-01-06T04:00:00,22.48,63.42,2.11,71.0
Zone05,2024-01-06T04:00:00,29.48,67.83,3.37,25.09
Zone06,2024-01-06T04:00:00,27.36,72.64,2.73,27.75
Zone07,2024-01-06T04:00:00,24.81,79.36,3.78,53.97
Zone08,2024-01-06T04:00:00,28.39,76.65,3.38,57.65
Zone09,2024-01-06T04:00:00,28.84,49.33,2.03,59.87
Zone10,2024-01-06T04:00:00,22.23,64.73,2.31,33.9
Zone11,2024-01-06T04:00:00,24.75,57.39,2.98,55.8
Zone12,2024-01-06T04:00:00,24.7,60.56,2.12,35.75
Zone01,2024-01-06T04:30:00,22.15,58.2,4.74,44.67
Zone02,2024-01-06T04:30:00,25.98,75.06,2.84,37.78
Zone03,2024-01-06T04:30:00,24.23,52.96,3.86,44.99
Zone04,2024-01-06T04:30:00,26.01,62.59,2.0,51.81
Zone05,2024-01-06T04:30:00,24.15,62.24,2.63,55.0
Zone06,2024-01-06T04:30:00,22.76,54.96,3.99,68.29
Zone07,2024-01-06T04:30:00,25.48,41.86,3.3,41.91
Zone08,2024-01-06T04:30:00,23.74,56.07,4.09,43.71
Zone09,2024-01-06T04:30:00,23.27,45.98,4.19,50.44
Zone10,2024-01-06T04:30:00,24.47,62.36,4.81,52.01
Zone11,2024-01-06T04:30:00,29.1,61.81,2.01,23.17
Zone12,2024-01-06T04:30:00,27.22,63.92,2.23,65.02
Zone01,2024-01-06T05:00:00,24.8,50.01,3.1,68.08
Zone02,2024-01-06T05:00:00,25.97,42.77,3.41,73.15
Zone03,2024-01-06T05:00:00,25.91,79.03,3.01,67.51
Zone04,2024-01-06T05:00:00,27.27,65.6,4.77,43.5
Zone05,2024-01-06T05:00:00,23.66,33.52,1.66,61.04
Zone06,2024-01-06T05:00:00,24.05,54.66,2.58,74.54
Zone07,2024-01-06T05:00:00,18.71,53.58,1.78,41.39
Zone08,2024-01-06T05:00:00,25.22,48.18,2.26,47.73
Zone09,2024-01-06T05:00:00,22.07,49.05,3.99,49.97
Zone10,2024-01-06T05:00:00,22.68,75.16,3.89,61.75
Zone11,2024-01-06T05:00:00,25.75,59.43,4.87,58.61
Zone12,2024-01-06T05:00:00,21.78,48.11,2.39,68.44
Zone01,2024-01-06T05:30:00,25.1,59.99,2.79,66.24
Zone02,2024-01-06T05:30:00,24.89,65.79,2.79,58.02
Zone03,2024-01-06T05:30:00,24.46,77.93,2.54,43.18
Zone04,2024-01-06T05:30:00,23.47,57.35,3.05,47.17
Zone05,2024-01-06T05:30:00,26.46,47.12,3.51,51.78
Zone06,2024-01-06T05:30:00,26.51,52.81,3.32,104.22
Zone07,2024-01-06T05:30:00,22.51,64.21,2.9,31.0
Zone08,2024-01-06T05:30:00,29.2,62.58,1.3,70.83
Zone09,2024-01-06T05:30:00,24.83,47.34,1.21,40.11
Zone10,2024-01-06T05:30:00,25.72,45.08,3.19,38.98
Zone11,2024-01-06T05:30:00,23.32,59.52,2.68,26.74
Zone12,2024-01-06T05:30:00,19.69,53.18,2.98,62.5
Zone01,2024-01-06T06:00:00,30.14,69.23,2.27,80.78
Zone02,2024-01-06T06:00:00,25.35,59.11,3.63,31.23
Zone03,2024-01-06T06:00:00,22.84,76.19,3.76,53.22
Zone04,2024-01-06T06:00:00,24.48,60.81,1.71,44.86
Zone05,2024-01-06T06:00:00,25.87,68.29,1.65,62.58
Zone06,2024-01-06T06:00:00,24.56,41.08,3.82,47.94
Zone07,2024-01-06T06:00:00,24.78,47.28,0.7,51.84
Zone08,2024-01-06T06:00:00,25.87,67.35,2.5,36.22
Zone09,2024-01-06T06:00:00,24.39,59.92,1.89,62.2
Zone10,2024-01-06T06:00:00,26.66,76.32,4.6,39.89
Zone11,2024-01-06T06:00:00,22.94,55.66,2.15,58.47
Zone12,2024-01-06T06:00:00,20.91,36.47,1.63,65.43
Zone01,2024-01-06T06:30:00,24.5,53.36,3.38,63.09
Zone02,2024-01-06T06:30:00,26.66,63.04,3.72,32.93
Zone03,2024-01-06T06:30:00,28.83,47.18,2.31,83.85
Zone04,2024-01-06T06:30:00,22.05,63.49,1.48,23.26
Zone05,2024-01-06T06:30:00,26.89,58.46,2.65,49.66
Zone06,2024-01-06T06:30:00,30.4,64.46,3.14,40.0
Zone07,2024-01-06T06:30:00,27.76,65.75,2.88,51.86
Zone08,2024-01-06T06:30:00,21.96,58.61,4.43,48.59
Zone09,2024-01-06T06:30:00,22.16,79.65,3.46,50.89
Zone10,2024-01-06T06:30:00,20.3,69.78,0.83,64.91
Zone11,2024-01-06T06:30:00,23.67,54.54,3.57,73.31
Zone12,2024-01-06T06:30:00,31.08,52.92,1.43,46.2
Zone01,2024-01-06T07:00:00,25.2,44.44,3.33,38.91
Zone02,2024-01-06T07:00:00,24.4,56.27,2.86,50.31
Zone03,2024-01-06T07:00:00,29.71,59.89,3.57,56.49
Zone04,2024-01-06T07:00:00,25.25,59.35,2.0,44.77
Zone05,2024-01-06T07:00:00,28.14,64.51,1.62,46.24
Zone06,2024-01-06T07:00:00,28.19,70.45,2.73,57.19
Zone07,2024-01-06T07:00:00,24.34,54.64,2.17,48.86
Zone08,2024-01-06T07:00:00,29.11,70.5,4.49,61.53
Zone09,2024-01-06T07:00:00,26.46,70.85,-0.34,56.45
Zone10,2024-01-06T07:00:00,32.43,60.39,4.48,50.05
Zone11,2024-01-06T07:00:00,24.26,57.47,4.31,54.17
Zone12,2024-01-06T07:00:00,23.28,68.37,3.62,36.63
Zone01,2024-01-06T07:30:00,21.35,66.67,3.01,42.24
Zone02,2024-01-06T07:30:00,25.28,67.16,0.39,44.66
Zone03,2024-01-06T07:30:00,26.36,74.25,2.94,74.91
Zone04,2024-01-06T07:30:00,30.59,65.51,2.86,70.32
Zone05,2024-01-06T07:30:00,31.03,61.64,3.53,45.23
Zone06,2024-01-06T07:30:00,27.28,46.65,3.82,45.42
Zone07,2024-01-06T07:30:00,29.22,44.58,2.77,37.09
Zone08,2024-01-06T07:30:00,26.96,43.13,3.16,56.82
Zone09,2024-01-06T07:30:00,25.52,64.76,3.41,49.05
Zone10,2024-01-06T07:30:00,29.37,55.68,3.34,37.27
Zone11,2024-01-06T07:30:00,24.36,80.21,2.48,44.28
Zone12,2024-01-06T07:30:00,22.97,56.88,3.01,60.39
Zone01,2024-01-06T08:00:00,25.13,43.3,2.08,59.01
Zone02,2024-01-06T08:00:00,24.47,41.13,2.75,41.15
Zone03,2024-01-06T08:00:00,29.29,57.11,1.88,58.88
Zone04,2024-01-06T08:00:00,29.29,49.46,4.21,65.06
Zone05,2024-01-06T08:00:00,24.28,73.42,3.38,57.12
Zone06,2024-01-06T08:00:00,22.19,65.22,3.03,46.25
Zone07,2024-01-06T08:00:00,25.62,54.0,2.94,38.29
Zone08,2024-01-06T08:00:00,21.87,70.76,2.48,66.42
Zone09,2024-01-06T08:00:00,23.95,69.39,1.77,42.52
Zone10,2024-01-06T08:00:00,27.89,57.72,2.13,36.05
Zone11,2024-01-06T08:00:00,27.14,64.01,3.27,58.28
Zone12,2024-01-06T08:00:00,25.12,78.41,3.96,53.12
Zone01,2024-01-06T08:30:00,20.0,45.8,4.29,39.07
Zone02,2024-01-06T08:30:00,24.81,61.58,3.03,31.23
Zone03,2024-01-06T08:30:00,27.03,53.63,3.79,47.33
Zone04,2024-01-06T08:30:00,26.75,69.08,2.57,67.03
Zone05,2024-01-06T08:30:00,28.66,63.36,1.97,71.17
Zone06,2024-01-06T08:30:00,27.28,52.88,3.66,44.69
Zone07,2024-01-06T08:30:00,23.8,57.3,2.16,10.93
Zone08,2024-01-06T08:30:00,25.03,51.31,4.02,37.96
Zone09,2024-01-06T08:30:00,26.83,80.34,3.23,36.83
Zone10,2024-01-06T08:30:00,23.75,72.3,2.22,40.48
Zone11,2024-01-06T08:30:00,30.43,57.29,4.0,37.29
Zone12,2024-01-06T08:30:00,23.83,61.91,4.28,60.86
Zone01,2024-01-06T09:00:00,24.65,51.17,3.44,80.35
Zone02,2024-01-06T09:00:00,24.23,81.2,3.03,66.86
Zone03,2024-01-06T09:00:00,25.16,53.74,1.48,46.33
Zone04,2024-01-06T09:00:00,28.54,48.13,2.42,58.18
Zone05,2024-01-06T09:00:00,25.61,61.91,3.09,52.25
Zone06,2024-01-06T09:00:00,19.83,56.03,3.81,64.29
Zone07,2024-01-06T09:00:00,25.29,56.49,3.94,22.01
Zone08,2024-01-06T09:00:00,25.6,74.09,4.13,87.73
Zone09,2024-01-06T09:00:00,24.19,68.49,2.45,60.16
Zone10,2024-01-06T09:00:00,27.0,56.4,2.05,43.25
Zone11,2024-01-06T09:00:00,26.83,68.9,2.97,71.52
Zone12,2024-01-06T09:00:00,23.35,80.98,2.42,76.69
Zone01,2024-01-06T09:30:00,27.57,51.48,3.89,34.76
Zone02,2024-01-06T09:30:00,27.77,57.45,2.92,60.21
Zone03,2024-01-06T09:30:00,24.15,66.2,3.07,84.82
Zone04,2024-01-06T09:30:00,19.68,67.76,2.84,50.9
Zone05,2024-01-06T09:30:00,22.86,71.01,2.07,53.74
Zone06,2024-01-06T09:30:00,25.13,59.73,3.25,82.68
Zone07,2024-01-06T09:30:00,23.27,49.81,3.29,45.71
Zone08,2024-01-06T09:30:00,23.98,75.12,3.37,57.36
Zone09,2024-01-06T09:30:00,24.35,53.05,3.33,79.37
Zone10,2024-01-06T09:30:00,25.4,68.44,2.87,71.24
Zone11,2024-01-06T09:30:00,23.68,53.39,3.61,64.36
Zone12,2024-01-06T09:30:00,24.57,62.54,1.74,57.34
Zone01,2024-01-06T10:00:00,23.7,65.71,3.63,26.1
Zone02,2024-01-06T10:00:00,23.23,73.86,3.69,68.33
Zone03,2024-01-06T10:00:00,28.74,67.44,2.41,64.96
Zone04,2024-01-06T10:00:00,28.83,65.94,4.19,60.52
Zone05,2024-01-06T10:00:00,26.47,69.72,5.12,61.58
Zone06,2024-01-06T10:00:00,26.89,65.6,4.04,38.96
Zone07,2024-01-06T10:00:00,21.86,49.95,1.2,41.72
Zone08,2024-01-06T10:00:00,26.62,75.06,0.23,63.2
Zone09,2024-01-06T10:00:00,22.96,45.78,3.06,36.05
Zone10,2024-01-06T10:00:00,25.11,56.2,2.13,39.56
Zone11,2024-01-06T10:00:00,31.43,51.95,4.54,75.58
Zone12,2024-01-06T10:00:00,25.39,70.25,2.47,45.8
Zone01,2024-01-06T10:30:00,21.17,62.53,3.67,45.95
Zone02,2024-01-06T10:30:00,25.59,44.09,5.14,38.69
Zone03,2024-01-06T10:30:00,19.69,83.66,2.68,46.18
Zone04,2024-01-06T10:30:00,26.34,50.49,2.35,61.25
Zone05,2024-01-06T10:30:00,16.78,71.04,4.03,55.14
Zone06,2024-01-06T10:30:00,22.84,67.15,2.98,60.61
Zone07,2024-01-06T10:30:00,23.66,54.11,1.36,41.97
Zone08,2024-01-06T10:30:00,35.27,61.29,2.58,36.28
Zone09,2024-01-06T10:30:00,25.9,59.88,4.09,37.12
Zone10,2024-01-06T10:30:00,28.44,56.42,3.96,67.78
Zone11,2024-01-06T10:30:00,23.91,70.81,2.76,32.65
Zone12,2024-01-06T10:30:00,29.11,48.47,3.72,76.05
Zone01,2024-01-06T11:00:00,25.27,53.02,2.49,32.79
Zone02,2024-01-06T11:00:00,25.41,52.61,2.95,63.11
Zone03,2024-01-06T11:00:00,15.92,42.84,2.4,51.67
Zone04,2024-01-06T11:00:00,32.24,60.08,3.41,13.4
Zone05,2024-01-06T11:00:00,18.83,46.44,3.7,42.18
Zone06,2024-01-06T11:00:00,26.54,37.37,3.48,57.99
Zone07,2024-01-06T11:00:00,28.94,51.41,1.72,52.4
Zone08,2024-01-06T11:00:00,21.82,69.33,1.92,43.15
Zone09,2024-01-06T11:00:00,20.24,58.15,2.53,34.8
Zone10,2024-01-06T11:00:00,25.26,49.69,3.24,58.73
Zone11,2024-01-06T11:00:00,25.15,56.62,3.83,63.32
Zone12,2024-01-06T11:00:00,25.07,52.98,3.16,42.61
Zone01,2024-01-06T11:30:00,29.79,85.11,3.21,51.72
Zone02,2024-01-06T11:30:00,23.91,60.66,2.65,43.09
Zone03,2024-01-06T11:30:00,26.39,54.43,3.37,39.19
Zone04,2024-01-06T11:30:00,28.23,66.63,4.16,44.55
Zone05,2024-01-06T11:30:00,23.23,47.65,3.31,62.27
Zone06,2024-01-06T11:30:00,19.77,41.19,2.54,28.61
Zone07,2024-01-06T11:30:00,28.33,62.28,5.47,63.39
Zone08,2024-01-06T11:30:00,22.4,68.98,1.49,54.14
Zone09,2024-01-06T11:30:00,25.06,68.1,2.89,45.31
Zone10,2024-01-06T11:30:00,19.69,55.6,1.87,53.29
Zone11,2024-01-06T11:30:00,26.51,62.43,2.84,57.38
Zone12,2024-01-06T11:30:00,24.38,57.35,2.7,62.16
Zone01,2024-01-06T12:00:00,27.27,57.68,3.24,58.07
Zone02,2024-01-06T12:00:00,20.95,73.8,1.8,55.32
Zone03,2024-01-06T12:00:00,30.2,67.7,3.53,65.64
Zone04,2024-01-06T12:00:00,21.52,77.6,3.37,48.48
Zone05,2024-01-06T12:00:00,27.11,42.61,2.96,37.11
Zone06,2024-01-06T12:00:00,26.03,70.05,4.09,52.57
Zone07,2024-01-06T12:00:00,23.9,48.59,1.53,60.39
Zone08,2024-01-06T12:00:00,18.6,39.96,4.5,46.41
Zone09,2024-01-06T12:00:00,22.96,59.66,2.33,25.98
Zone10,2024-01-06T12:00:00,23.11,53.43,3.68,69.74
Zone11,2024-01-06T12:00:00,24.07,51.7,2.64,63.42
Zone12,2024-01-06T12:00:00,28.29,65.74,3.04,60.65
Zone01,2024-01-06T12:30:00,21.37,57.22,4.09,44.76
Zone02,2024-01-06T12:30:00,22.64,60.9,0.49,62.39
Zone03,2024-01-06T12:30:00,27.02,64.56,3.11,69.2
Zone04,2024-01-06T12:30:00,26.33,61.48,5.82,31.99
Zone05,2024-01-06T12:30:00,21.03,58.43,4.18,47.62
Zone06,2024-01-06T12:30:00,24.51,42.82,0.97,74.45
Zone07,2024-01-06T12:30:00,32.12,59.48,2.32,35.46
Zone08,2024-01-06T12:30:00,27.82,54.95,2.97,40.78
Zone09,2024-01-06T12:30:00,23.99,65.38,4.71,60.23
Zone10,2024-01-06T12:30:00,26.1,56.3,2.04,36.44
Zone11,2024-01-06T12:30:00,22.8,54.55,3.09,81.34
Zone12,2024-01-06T12:30:00,19.87,53.74,3.79,43.69
Zone01,2024-01-06T13:00:00,30.67,75.09,3.98,51.65
Zone02,2024-01-06T13:00:00,21.46,70.6,4.51,22.63
Zone03,2024-01-06T13:00:00,21.06,50.79,3.26,63.11
Zone04,2024-01-06T13:00:00,25.58,64.51,3.04,57.5
Zone05,2024-01-06T13:00:00,26.54,51.27,2.29,75.08
Zone06,2024-01-06T13:00:00,25.29,48.81,4.24,36.96
Zone07,2024-01-06T13:00:00,26.0,64.2,3.53,59.84
Zone08,2024-01-06T13:00:00,27.26,56.67,2.53,37.76
Zone09,2024-01-06T13:00:00,24.53,63.31,3.33,36.51
Zone10,2024-01-06T13:00:00,18.64,64.08,2.63,59.0
Zone11,2024-01-06T13:00:00,26.14,71.32,4.3,27.09
Zone12,2024-01-06T13:00:00,29.07,38.71,2.2,62.11
Zone01,2024-01-06T13:30:00,31.38,49.55,4.14,46.62
Zone02,2024-01-06T13:30:00,28.7,59.32,4.53,40.33
Zone03,2024-01-06T13:30:00,27.83,64.87,3.37,59.22
Zone04,2024-01-06T13:30:00,27.35,60.42,2.86,66.63
Zone05,2024-01-06T13:30:00,31.25,59.43,2.95,61.02
Zone06,2024-01-06T13:30:00,25.93,48.1,1.87,45.83
Zone07,2024-01-06T13:30:00,19.88,61.11,3.82,45.74
Zone08,2024-01-06T13:30:00,22.0,64.96,2.53,48.62
Zone09,2024-01-06T13:30:00,26.14,58.95,3.16,69.57
Zone10,2024-01-06T13:30:00,20.04,56.31,1.28,18.39
Zone11,2024-01-06T13:30:00,20.25,63.55,3.34,41.51
Zone12,2024-01-06T13:30:00,22.27,59.85,2.92,66.87
Zone01,2024-01-06T14:00:00,24.21,48.31,4.99,75.04
Zone02,2024-01-06T14:00:00,19.64,49.4,4.69,45.32
Zone03,2024-01-06T14:00:00,27.23,68.87,0.22,38.67
Zone04,2024-01-06T14:00:00,24.11,43.32,2.65,34.22
Zone05,2024-01-06T14:00:00,25.39,56.43,2.68,52.63
Zone06,2024-01-06T14:00:00,21.91,62.26,2.44,62.07
Zone07,2024-01-06T14:00:00,25.17,51.76,3.06,57.88
Zone08,2024-01-06T14:00:00,25.78,59.72,4.23,62.4
Zone09,2024-01-06T14:00:00,25.16,67.21,3.04,76.29
Zone10,2024-01-06T14:00:00,22.72,50.84,2.38,29.07
Zone11,2024-01-06T14:00:00,26.26,67.26,1.65,51.4
Zone12,2024-01-06T14:00:00,24.83,77.44,3.15,53.43
Zone01,2024-01-06T14:30:00,24.34,57.26,1.21,64.68
Zone02,2024-01-06T14:30:00,24.12,55.67,2.94,42.28
Zone03,2024-01-06T14:30:00,22.13,48.0,3.92,37.31
Zone04,2024-01-06T14:30:00,27.17,34.68,3.36,53.51
Zone05,2024-01-06T14:30:00,27.38,73.79,3.76,63.86
Zone06,2024-01-06T14:30:00,20.93,55.69,2.92,21.31
Zone07,2024-01-06T14:30:00,23.5,57.81,3.33,40.6
Zone08,2024-01-06T14:30:00,23.68,71.8,2.75,40.37
Zone09,2024-01-06T14:30:00,20.0,66.6,2.84,17.57
Zone10,2024-01-06T14:30:00,25.89,54.67,2.85,62.62
Zone11,2024-01-06T14:30:00,26.62,66.52,4.25,47.71
Zone12,2024-01-06T14:30:00,28.87,56.92,2.15,58.99
Zone01,2024-01-06T15:00:00,23.14,57.47,0.7,47.95
Zone02,2024-01-06T15:00:00,22.29,56.78,3.86,68.84
Zone03,2024-01-06T15:00:00,21.59,66.43,3.78,26.64
Zone04,2024-01-06T15:00:00,27.09,39.31,3.56,67.47
Zone05,2024-01-06T15:00:00,27.01,54.28,3.0,77.82
Zone06,2024-01-06T15:00:00,27.33,49.72,3.64,33.3
Zone07,2024-01-06T15:00:00,28.31,70.6,4.33,85.27
Zone08,2024-01-06T15:00:00,28.83,68.69,3.14,59.0
Zone09,2024-01-06T15:00:00,27.82,64.29,2.37,68.53
Zone10,2024-01-06T15:00:00,24.92,53.56,2.23,33.53
Zone11,2024-01-06T15:00:00,21.91,48.82,2.6,49.92
Zone12,2024-01-06T15:00:00,26.79,48.88,3.26,47.35
Zone01,2024-01-06T15:30:00,25.06,58.53,2.69,43.03
Zone02,2024-01-06T15:30:00,24.83,53.89,1.37,70.44
Zone03,2024-01-06T15:30:00,22.95,50.03,3.89,60.41
Zone04,2024-01-06T15:30:00,23.45,50.5,2.54,56.88
Zone05,2024-01-06T15:30:00,32.36,64.75,3.86,30.21
Zone06,2024-01-06T15:30:00,28.22,51.92,1.94,61.02
Zone07,2024-01-06T15:30:00,24.09,66.18,4.71,55.3
Zone08,2024-01-06T15:30:00,23.67,50.48,3.86,37.8
Zone09,2024-01-06T15:30:00,27.12,57.96,3.76,61.74
Zone10,2024-01-06T15:30:00,27.19,42.57,2.49,46.45
Zone11,2024-01-06T15:30:00,20.0,63.07,1.86,45.77
Zone12,2024-01-06T15:30:00,30.45,46.92,3.01,64.58
Zone01,2024-01-06T16:00:00,25.48,63.11,1.93,59.95
Zone02,2024-01-06T16:00:00,26.99,54.2,2.22,53.23
Zone03,2024-01-06T16:00:00,23.69,57.77,4.3,47.76
Zone04,2024-01-06T16:00:00,28.82,68.96,3.04,33.57
Zone05,2024-01-06T16:00:00,30.51,90.31,3.49,51.01
Zone06,2024-01-06T16:00:00,24.71,67.1,1.78,39.94
Zone07,2024-01-06T16:00:00,29.47,63.85,1.83,47.1
Zone08,2024-01-06T16:00:00,29.1,64.05,2.21,58.44
Zone09,2024-01-06T16:00:00,26.81,61.88,3.95,35.25
Zone10,2024-01-06T16:00:00,22.13,46.63,1.24,60.93
Zone11,2024-01-06T16:00:00,21.3,63.91,3.31,62.1
Zone12,2024-01-06T16:00:00,27.03,79.18,3.73,56.76
Zone01,2024-01-06T16:30:00,22.19,77.66,3.67,54.37
Zone02,2024-01-06T16:30:00,27.45,59.42,2.72,51.83
Zone03,2024-01-06T16:30:00,25.94,50.22,2.85,50.04
Zone04,2024-01-06T16:30:00,27.73,53.57,2.4,60.63
Zone05,2024-01-06T16:30:00,24.32,58.62,2.08,51.48
Zone06,2024-01-06T16:30:00,26.86,53.98,2.78,46.59
Zone07,2024-01-06T16:30:00,24.5,54.12,1.3,25.95
Zone08,2024-01-06T16:30:00,28.35,60.47,4.05,48.87
Zone09,2024-01-06T16:30:00,23.17,62.74,2.33,42.9
Zone10,2024-01-06T16:30:00,28.1,64.71,3.0,56.65
Zone11,2024-01-06T16:30:00,22.16,40.5,2.75,42.44
Zone12,2024-01-06T16:30:00,24.89,55.61,2.93,75.9
Zone01,2024-01-06T17:00:00,15.48,68.2,3.17,51.12
Zone02,2024-01-06T17:00:00,26.29,50.73,2.48,57.71
Zone03,2024-01-06T17:00:00,20.56,49.65,2.67,76.57
Zone04,2024-01-06T17:00:00,21.79,41.88,2.9,50.29
Zone05,2024-01-06T17:00:00,19.83,62.18,2.81,60.63
Zone06,2024-01-06T17:00:00,25.43,63.72,2.4,24.95
Zone07,2024-01-06T17:00:00,24.4,63.94,1.74,26.51
Zone08,2024-01-06T17:00:00,21.33,62.12,2.76,66.04
Zone09,2024-01-06T17:00:00,26.51,82.8,3.79,52.29
Zone10,2024-01-06T17:00:00,26.37,53.58,2.67,61.99
Zone11,2024-01-06T17:00:00,22.93,52.69,2.06,72.53
Zone12,2024-01-06T17:00:00,25.22,55.21,3.04,68.86
Zone01,2024-01-06T17:30:00,23.1,56.13,1.69,41.51
Zone02,2024-01-06T17:30:00,23.45,61.68,1.24,40.1
Zone03,2024-01-06T17:30:00,29.75,57.15,3.88,56.93
Zone04,2024-01-06T17:30:00,29.68,73.37,4.07,83.41
Zone05,2024-01-06T17:30:00,19.73,62.64,2.57,48.79
Zone06,2024-01-06T17:30:00,23.02,76.79,3.71,63.27
Zone07,2024-01-06T17:30:00,26.96,54.18,3.31,25.3
Zone08,2024-01-06T17:30:00,20.12,46.25,3.15,38.68
Zone09,2024-01-06T17:30:00,27.55,76.83,2.25,31.87
Zone10,2024-01-06T17:30:00,25.71,62.51,2.88,64.76
Zone11,2024-01-06T17:30:00,24.26,43.53,2.36,38.92
Zone12,2024-01-06T17:30:00,29.62,69.22,3.81,37.39
Zone01,2024-01-06T18:00:00,21.39,60.11,2.05,44.72
Zone02,2024-01-06T18:00:00,21.82,50.04,2.97,52.54
Zone03,2024-01-06T18:00:00,32.8,78.2,3.32,50.74
Zone04,2024-01-06T18:00:00,25.8,53.15,3.56,68.71
Zone05,2024-01-06T18:00:00,31.33,44.23,3.35,69.58
Zone06,2024-01-06T18:00:00,20.14,41.82,3.41,28.58
Zone07,2024-01-06T18:00:00,25.16,52.22,2.74,19.53
Zone08,2024-01-06T18:00:00,17.97,67.08,2.56,57.28
Zone09,2024-01-06T18:00:00,26.3,63.44,3.45,39.02
Zone10,2024-01-06T18:00:00,30.53,54.85,2.07,41.45
Zone11,2024-01-06T18:00:00,20.5,62.92,2.02,49.89
Zone12,2024-01-06T18:00:00,23.49,71.43,2.38,54.91
Zone01,2024-01-06T18:30:00,21.9,70.79,1.49,29.43
Zone02,2024-01-06T18:30:00,25.59,65.14,3.41,20.69
Zone03,2024-01-06T18:30:00,24.93,59.91,2.23,61.1
Zone04,2024-01-06T18:30:00,26.19,65.71,3.49,42.61
Zone05,2024-01-06T18:30:00,22.38,77.08,1.83,53.01
Zone06,2024-01-06T18:30:00,34.16,75.84,3.19,25.34
Zone07,2024-01-06T18:30:00,26.27,61.26,3.82,41.82
Zone08,2024-01-06T18:30:00,28.97,60.87,2.52,60.31
Zone09,2024-01-06T18:30:00,22.97,55.58,4.14,64.32
Zone10,2024-01-06T18:30:00,24.65,65.01,2.8,34.02
Zone11,2024-01-06T18:30:00,27.35,60.75,3.09,62.14
Zone12,2024-01-06T18:30:00,25.78,53.25,2.68,41.78
Zone01,2024-01-06T19:00:00,21.27,76.38,3.61,32.85
Zone02,2024-01-06T19:00:00,23.71,66.69,2.78,34.62
Zone03,2024-01-06T19:00:00,21.68,56.64,2.97,52.63
Zone04,2024-01-06T19:00:00,19.67,51.76,4.21,43.83
Zone05,2024-01-06T19:00:00,21.53,45.44,3.34,51.9
Zone06,2024-01-06T19:00:00,26.44,55.95,2.16,34.64
Zone07,2024-01-06T19:00:00,25.29,46.6,3.33,65.47
Zone08,2024-01-06T19:00:00,22.63,56.85,1.64,59.05
Zone09,2024-01-06T19:00:00,25.1,73.62,2.58,57.67
Zone10,2024-01-06T19:00:00,23.41,59.17,2.45,69.5
Zone11,2024-01-06T19:00:00,26.98,47.24,3.51,56.54
Zone12,2024-01-06T19:00:00,24.71,59.06,2.77,45.75
Zone01,2024-01-06T19:30:00,31.24,57.01,1.68,9.63
Zone02,2024-01-06T19:30:00,26.92,56.94,2.51,51.03
Zone03,2024-01-06T19:30:00,28.04,50.85,3.81,48.9
Zone04,2024-01-06T19:30:00,30.62,57.43,2.52,52.1
Zone05,2024-01-06T19:30:00,25.01,37.8,1.87,81.01
Zone06,2024-01-06T19:30:00,21.98,60.92,2.29,49.1
Zone07,2024-01-06T19:30:00,26.29,52.14,4.12,43.58
Zone08,2024-01-06T19:30:00,24.04,60.76,1.83,36.24
Zone09,2024-01-06T19:30:00,25.25,51.65,3.25,80.02
Zone10,2024-01-06T19:30:00,24.88,82.7,0.46,44.28
Zone11,2024-01-06T19:30:00,22.56,60.74,2.13,18.16
Zone12,2024-01-06T19:30:00,17.64,42.79,1.97,80.16
Zone01,2024-01-06T20:00:00,28.17,62.62,2.0,58.3
Zone02,2024-01-06T20:00:00,25.96,48.34,3.02,55.23
Zone03,2024-01-06T20:00:00,29.63,60.68,1.96,87.19
Zone04,2024-01-06T20:00:00,26.62,59.5,3.04,81.09
Zone05,2024-01-06T20:00:00,31.1,67.89,1.11,41.2
Zone06,2024-01-06T20:00:00,27.47,69.66,3.67,27.08
Zone07,2024-01-06T20:00:00,26.9,74.55,2.17,34.33
Zone08,2024-01-06T20:00:00,28.02,53.57,3.46,48.31
Zone09,2024-01-06T20:00:00,24.9,63.01,1.58,53.6
Zone10,2024-01-06T20:00:00,20.67,62.17,3.48,73.4
Zone11,2024-01-06T20:00:00,24.54,47.17,4.93,49.84
Zone12,2024-01-06T20:00:00,22.55,51.88,3.17,78.43
Zone01,2024-01-06T20:30:00,20.33,70.52,2.68,53.62
Zone02,2024-01-06T20:30:00,25.21,45.01,4.17,37.97
Zone03,2024-01-06T20:30:00,28.66,59.94,5.05,68.59
Zone04,2024-01-06T20:30:00,20.83,44.99,3.05,43.42
Zone05,2024-01-06T20:30:00,23.99,59.31,0.52,39.98
Zone06,2024-01-06T20:30:00,26.62,69.18,2.51,58.92
Zone07,2024-01-06T20:30:00,25.92,61.28,4.24,47.52
Zone08,2024-01-06T20:30:00,21.9,58.88,4.73,30.77
Zone09,2024-01-06T20:30:00,28.56,59.97,5.48,48.46
Zone10,2024-01-06T20:30:00,22.88,54.43,2.3,42.43
Zone11,2024-01-06T20:30:00,25.5,88.39,1.35,74.26
Zone12,2024-01-06T20:30:00,26.95,64.95,2.45,62.12
Zone01,2024-01-06T21:00:00,26.06,42.5,2.07,62.27
Zone02,2024-01-06T21:00:00,26.66,78.74,2.56,42.24
Zone03,2024-01-06T21:00:00,26.6,57.73,2.73,55.45
Zone04,2024-01-06T21:00:00,24.05,71.74,1.79,37.79
Zone05,2024-01-06T21:00:00,24.24,78.14,3.04,54.51
Zone06,2024-01-06T21:00:00,20.16,48.04,1.84,56.76
Zone07,2024-01-06T21:00:00,28.11,61.38,2.22,64.19
Zone08,2024-01-06T21:00:00,26.09,81.24,1.7,29.5
Zone09,2024-01-06T21:00:00,26.79,70.0,1.64,47.6
Zone10,2024-01-06T21:00:00,29.45,74.78,3.24,48.42
Zone11,2024-01-06T21:00:00,24.37,46.29,2.33,62.56
Zone12,2024-01-06T21:00:00,25.58,52.88,1.92,36.26
Zone01,2024-01-06T21:30:00,28.15,37.68,2.72,60.27
Zone02,2024-01-06T21:30:00,22.64,62.74,3.15,75.79
Zone03,2024-01-06T21:30:00,21.78,60.65,3.7,56.08
Zone04,2024-01-06T21:30:00,25.12,73.6,3.35,31.07
Zone05,2024-01-06T21:30:00,25.15,76.09,2.04,58.06
Zone06,2024-01-06T21:30:00,23.38,46.6,2.41,48.48
Zone07,2024-01-06T21:30:00,24.95,65.26,4.58,46.96
Zone08,2024-01-06T21:30:00,29.28,66.91,3.37,59.48
Zone09,2024-01-06T21:30:00,28.86,56.04,2.79,48.5
Zone10,2024-01-06T21:30:00,18.04,66.55,2.65,56.96
Zone11,2024-01-06T21:30:00,22.23,68.74,3.88,31.54
Zone12,2024-01-06T21:30:00,21.24,56.83,3.03,47.89
Zone01,2024-01-06T22:00:00,25.58,51.51,3.34,60.87
Zone02,2024-01-06T22:00:00,22.6,59.02,1.08,26.91
Zone03,2024-01-06T22:00:00,21.99,80.11,3.34,63.22
Zone04,2024-01-06T22:00:00,27.59,50.71,3.0,45.73
Zone05,2024-01-06T22:00:00,26.28,51.51,0.82,35.6
Zone06,2024-01-06T22:00:00,26.21,61.72,3.96,50.29
Zone07,2024-01-06T22:00:00,22.7,67.55,3.39,59.45
Zone08,2024-01-06T22:00:00,25.26,47.41,4.71,71.06
Zone09,2024-01-06T22:00:00,28.46,63.0,2.27,44.84
Zone10,2024-01-06T22:00:00,25.22,68.97,3.86,57.09
Zone11,2024-01-06T22:00:00,20.54,74.33,2.27,41.94
Zone12,2024-01-06T22:00:00,21.53,64.5,2.78,31.39
Zone01,2024-01-06T22:30:00,29.11,62.82,2.52,54.52
Zone02,2024-01-06T22:30:00,26.67,49.79,3.36,44.98
Zone03,2024-01-06T22:30:00,21.82,78.75,2.02,49.96
Zone04,2024-01-06T22:30:00,24.36,63.86,2.74,52.88
Zone05,2024-01-06T22:30:00,25.88,72.09,2.82,62.47
Zone06,2024-01-06T22:30:00,23.71,72.0,2.95,44.79
Zone07,2024-01-06T22:30:00,20.57,47.44,2.37,49.1
Zone08,2024-01-06T22:30:00,22.91,64.08,3.01,68.33
Zone09,2024-01-06T22:30:00,27.25,58.26,3.28,61.09
Zone10,2024-01-06T22:30:00,28.15,53.01,2.02,53.43
Zone11,2024-01-06T22:30:00,23.8,53.77,2.54,50.98
Zone12,2024-01-06T22:30:00,24.13,63.28,3.5,56.27
Zone01,2024-01-06T23:00:00,20.9,47.9,3.31,34.5
Zone02,2024-01-06T23:00:00,28.11,45.57,2.47,47.35
Zone03,2024-01-06T23:00:00,19.13,58.49,2.6,59.34
Zone04,2024-01-06T23:00:00,25.1,53.2,4.9,72.98
Zone05,2024-01-06T23:00:00,21.78,67.96,2.36,51.3
Zone06,2024-01-06T23:00:00,23.59,27.82,1.82,55.09
Zone07,2024-01-06T23:00:00,21.27,62.96,3.32,32.26
Zone08,2024-01-06T23:00:00,28.28,44.2,3.34,74.84
Zone09,2024-01-06T23:00:00,24.47,65.89,4.06,65.45
Zone10,2024-01-06T23:00:00,26.22,52.51,3.8,45.76
Zone11,2024-01-06T23:00:00,23.32,68.6,3.46,42.78
Zone12,2024-01-06T23:00:00,25.27,51.81,3.27,71.57
Zone01,2024-01-06T23:30:00,24.84,58.91,2.71,53.45
Zone02,2024-01-06T23:30:00,28.19,49.35,2.71,64.08
Zone03,2024-01-06T23:30:00,28.21,56.85,3.67,45.92
Zone04,2024-01-06T23:30:00,22.45,68.08,2.49,60.86
Zone05,2024-01-06T23:30:00,22.94,53.1,2.94,54.85
Zone06,2024-01-06T23:30:00,24.99,51.16,4.26,41.01
Zone07,2024-01-06T23:30:00,27.07,70.3,3.44,63.7
Zone08,2024-01-06T23:30:00,27.23,52.93,3.99,48.12
Zone09,2024-01-06T23:30:00,24.64,46.21,3.56,36.93
Zone10,2024-01-06T23:30:00,25.62,68.63,2.1,59.8
Zone11,2024-01-06T23:30:00,31.67,65.11,1.94,38.05
Zone12,2024-01-06T23:30:00,23.03,56.52,2.81,77.93
Zone01,2024-01-07T00:00:00,23.28,48.47,4.44,40.23
Zone02,2024-01-07T00:00:00,23.15,57.54,2.12,42.15
Zone03,2024-01-07T00:00:00,23.33,76.38,3.65,40.5
Zone04,2024-01-07T00:00:00,26.98,64.39,2.87,28.49
Zone05,2024-01-07T00:00:00,23.76,55.55,2.92,75.0
Zone06,2024-01-07T00:00:00,29.18,55.27,1.91,51.3
Zone07,2024-01-07T00:00:00,25.47,59.25,2.77,61.86
Zone08,2024-01-07T00:00:00,27.51,48.62,2.6,32.7
Zone09,2024-01-07T00:00:00,23.98,62.78,2.92,35.44
Zone10,2024-01-07T00:00:00,25.93,70.83,4.82,42.4
Zone11,2024-01-07T00:00:00,26.99,82.71,3.57,38.97
Zone12,2024-01-07T00:00:00,23.51,70.74,4.24,73.01
Zone01,2024-01-07T00:30:00,25.32,70.75,4.73,51.29
Zone02,2024-01-07T00:30:00,28.84,60.72,3.7,38.16
Zone03,2024-01-07T00:30:00,27.54,26.53,2.78,52.82
Zone04,2024-01-07T00:30:00,22.87,46.89,4.28,11.2
Zone05,2024-01-07T00:30:00,28.54,49.54,2.53,21.42
Zone06,2024-01-07T00:30:00,28.22,73.58,4.58,42.93
Zone07,2024-01-07T00:30:00,22.32,42.22,3.93,55.66
Zone08,2024-01-07T00:30:00,23.54,52.5,3.96,62.78
Zone09,2024-01-07T00:30:00,29.28,53.73,3.51,58.02
Zone10,2024-01-07T00:30:00,20.41,41.06,3.47,36.16
Zone11,2024-01-07T00:30:00,28.69,61.02,3.19,55.32
Zone12,2024-01-07T00:30:00,26.58,68.03,2.39,41.9
Zone01,2024-01-07T01:00:00,18.14,81.24,4.17,51.14
Zone02,2024-01-07T01:00:00,21.36,49.44,2.24,63.28
Zone03,2024-01-07T01:00:00,26.2,54.75,3.36,51.35
Zone04,2024-01-07T01:00:00,24.25,53.05,4.37,56.54
Zone05,2024-01-07T01:00:00,22.34,63.58,2.37,71.08
Zone06,2024-01-07T01:00:00,25.65,54.8,2.4,33.82
Zone07,2024-01-07T01:00:00,24.49,48.83,3.9,32.33
Zone08,2024-01-07T01:00:00,26.69,60.35,4.3,61.83
Zone09,2024-01-07T01:00:00,23.39,49.75,1.28,38.38
Zone10,2024-01-07T01:00:00,25.27,48.45,4.42,60.99
Zone11,2024-01-07T01:00:00,23.79,75.92,4.27,34.51
Zone12,2024-01-07T01:00:00,25.95,65.8,4.14,60.78
Zone01,2024-01-07T01:30:00,23.83,58.04,3.44,67.96
Zone02,2024-01-07T01:30:00,22.23,79.78,1.06,71.82
Zone03,2024-01-07T01:30:00,20.74,43.23,3.09,40.22
Zone04,2024-01-07T01:30:00,30.59,60.4,2.29,36.52
Zone05,2024-01-07T01:30:00,25.1,47.21,3.6,30.83
Zone06,2024-01-07T01:30:00,21.58,54.43,2.13,24.13
Zone07,2024-01-07T01:30:00,24.94,73.78,4.5,37.53
Zone08,2024-01-07T01:30:00,27.83,76.4,4.66,71.78
Zone09,2024-01-07T01:30:00,23.56,60.82,3.28,23.0
Zone10,2024-01-07T01:30:00,25.26,70.9,3.86,73.49
Zone11,2024-01-07T01:30:00,22.79,60.14,4.01,31.43
Zone12,2024-01-07T01:30:00,27.44,87.04,2.97,28.91
Zone01,2024-01-07T02:00:00,26.71,50.1,2.84,47.01
Zone02,2024-01-07T02:00:00,27.48,64.35,1.67,22.22
Zone03,2024-01-07T02:00:00,23.51,68.8,3.52,81.33
Zone04,2024-01-07T02:00:00,21.53,56.56,4.3,64.95
Zone05,2024-01-07T02:00:00,22.02,76.53,2.96,59.94
Zone06,2024-01-07T02:00:00,26.01,53.35,3.91,31.47
Zone07,2024-01-07T02:00:00,23.99,47.66,4.76,58.75
Zone08,2024-01-07T02:00:00,30.55,64.74,2.21,27.84
Zone09,2024-01-07T02:00:00,27.02,66.71,3.42,73.58
Zone10,2024-01-07T02:00:00,24.78,53.63,2.87,48.41
Zone11,2024-01-07T02:00:00,24.6,68.48,3.88,55.61
Zone12,2024-01-07T02:00:00,19.88,46.11,3.4,51.63
Zone01,2024-01-07T02:30:00,24.55,44.5,2.67,54.95
Zone02,2024-01-07T02:30:00,26.68,47.6,1.54,44.44
Zone03,2024-01-07T02:30:00,24.37,42.36,1.62,32.07
Zone04,2024-01-07T02:30:00,23.39,51.69,1.62,64.18
Zone05,2024-01-07T02:30:00,23.33,53.34,1.93,53.43
Zone06,2024-01-07T02:30:00,22.26,60.61,2.27,58.98
Zone07,2024-01-07T02:30:00,23.72,58.43,2.64,30.56
Zone08,2024-01-07T02:30:00,29.89,57.25,2.73,43.95
Zone09,2024-01-07T02:30:00,21.57,59.91,3.53,33.37
Zone10,2024-01-07T02:30:00,26.31,62.05,4.3,36.25
Zone11,2024-01-07T02:30:00,27.26,48.38,4.25,35.5
Zone12,2024-01-07T02:30:00,23.93,67.29,3.54,42.56
Zone01,2024-01-07T03:00:00,26.34,58.02,1.67,49.17
Zone02,2024-01-07T03:00:00,24.87,57.36,4.73,41.44
Zone03,2024-01-07T03:00:00,24.06,57.79,2.19,67.34
Zone04,2024-01-07T03:00:00,29.27,74.53,2.93,39.28
Zone05,2024-01-07T03:00:00,28.44,54.7,4.75,54.12
Zone06,2024-01-07T03:00:00,25.11,72.67,3.52,24.01
Zone07,2024-01-07T03:00:00,26.71,68.78,2.41,68.95
Zone08,2024-01-07T03:00:00,23.16,63.71,3.43,49.32
Zone09,2024-01-07T03:00:00,26.66,66.17,3.1,66.06
Zone10,2024-01-07T03:00:00,26.95,59.94,2.47,30.55
Zone11,2024-01-07T03:00:00,23.48,77.4,3.73,38.47
Zone12,2024-01-07T03:00:00,26.33,55.83,3.51,51.62
Zone01,2024-01-07T03:30:00,27.94,75.31,2.64,48.47
Zone02,2024-01-07T03:30:00,26.7,47.08,4.14,62.47
Zone03,2024-01-07T03:30:00,25.75,69.59,1.9,48.06
Zone04,2024-01-07T03:30:00,23.03,55.7,-0.22,57.89
Zone05,2024-01-07T03:30:00,20.55,39.06,2.72,41.19
Zone06,2024-01-07T03:30:00,24.74,32.86,2.71,38.9
Zone07,2024-01-07T03:30:00,26.45,66.04,3.32,41.52
Zone08,2024-01-07T03:30:00,25.5,46.95,1.91,47.44
Zone09,2024-01-07T03:30:00,26.18,47.71,2.64,60.65
Zone10,2024-01-07T03:30:00,21.4,53.18,2.1,59.39
Zone11,2024-01-07T03:30:00,26.07,48.94,1.54,67.02
Zone12,2024-01-07T03:30:00,26.62,45.65,2.37,54.98
Zone01,2024-01-07T04:00:00,28.02,75.36,4.46,38.41
Zone02,2024-01-07T04:00:00,26.91,66.19,3.78,28.82
Zone03,2024-01-07T04:00:00,20.73,44.08,2.67,71.77
Zone04,2024-01-07T04:00:00,28.81,63.98,3.18,54.58
Zone05,2024-01-07T04:00:00,21.37,37.94,1.24,61.34
Zone06,2024-01-07T04:00:00,34.44,44.18,3.31,72.6
Zone07,2024-01-07T04:00:00,29.1,66.94,3.42,60.27
Zone08,2024-01-07T04:00:00,23.42,67.72,2.18,56.46
Zone09,2024-01-07T04:00:00,20.86,49.44,4.1,60.93
Zone10,2024-01-07T04:00:00,26.46,60.35,1.65,81.6
Zone11,2024-01-07T04:00:00,27.51,57.58,4.29,56.91
Zone12,2024-01-07T04:00:00,27.64,69.02,2.12,56.82
Zone01,2024-01-07T04:30:00,26.86,50.1,2.0,64.84
Zone02,2024-01-07T04:30:00,28.38,63.06,3.63,52.71
Zone03,2024-01-07T04:30:00,18.07,60.67,2.31,57.19
Zone04,2024-01-07T04:30:00,26.63,50.35,4.14,55.12
Zone05,2024-01-07T04:30:00,26.74,59.18,3.23,65.6
Zone06,2024-01-07T04:30:00,24.04,56.16,3.43,54.06
Zone07,2024-01-07T04:30:00,23.67,55.03,2.23,56.59
Zone08,2024-01-07T04:30:00,28.44,74.84,3.79,32.33
Zone09,2024-01-07T04:30:00,26.84,71.15,1.83,39.16
Zone10,2024-01-07T04:30:00,23.49,74.67,3.28,25.49
Zone11,2024-01-07T04:30:00,19.69,71.87,4.78,57.14
Zone12,2024-01-07T04:30:00,22.07,50.6,3.15,37.53
Zone01,2024-01-07T05:00:00,28.73,53.67,3.43,36.99
Zone02,2024-01-07T05:00:00,26.95,58.14,2.46,48.52
Zone03,2024-01-07T05:00:00,23.75,52.75,2.73,58.37
Zone04,2024-01-07T05:00:00,24.67,58.1,3.14,51.64
Zone05,2024-01-07T05:00:00,29.06,71.97,3.25,60.16
Zone06,2024-01-07T05:00:00,21.67,48.82,2.32,43.27
Zone07,2024-01-07T05:00:00,23.34,75.45,5.23,52.15
Zone08,2024-01-07T05:00:00,21.2,87.27,3.43,63.14
Zone09,2024-01-07T05:00:00,24.89,65.08,3.06,58.35
Zone10,2024-01-07T05:00:00,29.08,57.6,3.5,47.49
Zone11,2024-01-07T05:00:00,22.79,62.06,4.05,43.24
Zone12,2024-01-07T05:00:00,28.83,48.58,2.17,39.3
Zone01,2024-01-07T05:30:00,26.62,56.86,2.73,64.86
Zone02,2024-01-07T05:30:00,28.17,62.14,4.11,69.53
Zone03,2024-01-07T05:30:00,21.92,62.63,3.73,50.11
Zone04,2024-01-07T05:30:00,24.87,39.23,3.62,66.66
Zone05,2024-01-07T05:30:00,24.57,78.19,4.52,45.52
Zone06,2024-01-07T05:30:00,25.6,63.55,2.93,40.23
Zone07,2024-01-07T05:30:00,20.24,57.42,3.56,34.81
Zone08,2024-01-07T05:30:00,25.36,58.77,3.66,58.83
Zone09,2024-01-07T05:30:00,28.03,50.74,2.52,42.64
Zone10,2024-01-07T05:30:00,33.55,63.15,2.96,61.25
Zone11,2024-01-07T05:30:00,30.09,61.93,0.98,76.44
Zone12,2024-01-07T05:30:00,28.1,65.7,3.24,31.27
Zone01,2024-01-07T06:00:00,26.97,65.32,4.0,70.83
Zone02,2024-01-07T06:00:00,27.01,72.14,3.88,23.27
Zone03,2024-01-07T06:00:00,20.83,53.27,2.2,45.77
Zone04,2024-01-07T06:00:00,25.36,76.92,2.37,35.56
Zone05,2024-01-07T06:00:00,26.64,59.93,3.06,9.89
Zone06,2024-01-07T06:00:00,23.42,57.8,2.88,54.46
Zone07,2024-01-07T06:00:00,30.11,61.35,3.18,73.07
Zone08,2024-01-07T06:00:00,22.67,62.01,3.22,38.99
Zone09,2024-01-07T06:00:00,26.1,52.27,1.47,53.92
Zone10,2024-01-07T06:00:00,27.78,71.62,3.1,56.45
Zone11,2024-01-07T06:00:00,24.44,73.89,3.95,82.42
Zone12,2024-01-07T06:00:00,22.61,51.02,2.91,62.31
Zone01,2024-01-07T06:30:00,22.56,57.19,2.67,34.77
Zone02,2024-01-07T06:30:00,32.16,58.62,2.72,69.33
Zone03,2024-01-07T06:30:00,21.22,63.67,1.8,66.42
Zone04,2024-01-07T06:30:00,27.48,57.61,3.02,46.02
Zone05,2024-01-07T06:30:00,20.83,77.28,3.65,69.33
Zone06,2024-01-07T06:30:00,22.37,43.99,2.22,39.55
Zone07,2024-01-07T06:30:00,27.46,69.67,3.92,59.2
Zone08,2024-01-07T06:30:00,25.12,50.71,3.66,54.68
Zone09,2024-01-07T06:30:00,24.83,42.75,2.93,62.33
Zone10,2024-01-07T06:30:00,26.4,67.44,4.69,17.6
Zone11,2024-01-07T06:30:00,14.67,49.64,3.5,55.49
Zone12,2024-01-07T06:30:00,25.49,40.4,2.52,69.59
Zone01,2024-01-07T07:00:00,24.86,74.94,3.79,46.93
Zone02,2024-01-07T07:00:00,26.41,74.8,2.85,51.07
Zone03,2024-01-07T07:00:00,20.76,72.77,1.87,62.66
Zone04,2024-01-07T07:00:00,22.19,66.77,4.14,46.18
Zone05,2024-01-07T07:00:00,29.71,39.34,3.61,43.98
Zone06,2024-01-07T07:00:00,21.59,59.81,3.44,59.96
Zone07,2024-01-07T07:00:00,31.63,51.51,4.8,68.02
Zone08,2024-01-07T07:00:00,25.79,68.47,3.79,17.57
Zone09,2024-01-07T07:00:00,26.67,60.86,2.51,57.54
Zone10,2024-01-07T07:00:00,18.93,70.15,3.77,28.83
Zone11,2024-01-07T07:00:00,30.39,63.59,3.59,45.68
Zone12,2024-01-07T07:00:00,24.69,49.8,4.76,31.44
Zone01,2024-01-07T07:30:00,31.7,72.17,3.55,67.66
Zone02,2024-01-07T07:30:00,26.69,79.61,2.85,36.55
Zone03,2024-01-07T07:30:00,18.99,50.53,2.74,71.18
Zone04,2024-01-07T07:30:00,27.01,70.27,2.85,41.05
Zone05,2024-01-07T07:30:00,21.44,78.89,2.8,58.99
Zone06,2024-01-07T07:30:00,22.84,69.47,3.08,27.13
Zone07,2024-01-07T07:30:00,28.23,57.09,3.58,48.98
Zone08,2024-01-07T07:30:00,25.01,60.53,4.6,61.37
Zone09,2024-01-07T07:30:00,21.63,79.61,3.4,74.51
Zone10,2024-01-07T07:30:00,23.11,54.84,1.68,36.87
Zone11,2024-01-07T07:30:00,24.11,54.99,3.9,28.29
Zone12,2024-01-07T07:30:00,26.8,79.48,3.32,47.32
Zone01,2024-01-07T08:00:00,21.33,71.19,2.5,63.91
Zone02,2024-01-07T08:00:00,30.47,51.97,3.47,58.66
Zone03,2024-01-07T08:00:00,22.21,58.79,3.47,57.86
Zone04,2024-01-07T08:00:00,28.76,64.74,2.3,42.98
Zone05,2024-01-07T08:00:00,28.17,68.63,1.93,50.4
Zone06,2024-01-07T08:00:00,25.43,63.71,1.96,72.56
Zone07,2024-01-07T08:00:00,28.83,59.87,3.27,29.07
Zone08,2024-01-07T08:00:00,27.12,50.69,3.29,33.65
Zone09,2024-01-07T08:00:00,26.16,53.56,1.05,63.12
Zone10,2024-01-07T08:00:00,27.41,52.63,2.32,46.63
Zone11,2024-01-07T08:00:00,23.65,80.4,3.17,57.31
Zone12,2024-01-07T08:00:00,25.26,46.85,1.61,61.36
Zone01,2024-01-07T08:30:00,28.12,66.93,5.11,36.4
Zone02,2024-01-07T08:30:00,26.44,56.48,3.49,43.72
Zone03,2024-01-07T08:30:00,22.35,58.98,4.11,67.94
Zone04,2024-01-07T08:30:00,22.23,58.55,3.78,42.15
Zone05,2024-01-07T08:30:00,22.95,70.25,2.73,53.37
Zone06,2024-01-07T08:30:00,26.27,56.22,4.27,54.03
Zone07,2024-01-07T08:30:00,30.16,70.65,3.52,46.3
Zone08,2024-01-07T08:30:00,25.58,45.63,3.84,64.47
Zone09,2024-01-07T08:30:00,24.25,54.31,4.01,69.96
Zone10,2024-01-07T08:30:00,26.85,51.93,1.44,53.74
Zone11,2024-01-07T08:30:00,29.91,49.34,1.7,47.08
Zone12,2024-01-07T08:30:00,23.11,64.69,2.97,53.66
Zone01,2024-01-07T09:00:00,19.59,54.09,3.34,72.08
Zone02,2024-01-07T09:00:00,21.76,65.37,4.16,63.06
Zone03,2024-01-07T09:00:00,24.61,67.41,3.92,56.45
Zone04,2024-01-07T09:00:00,27.58,78.79,2.65,61.26
Zone05,2024-01-07T09:00:00,26.37,57.63,2.72,75.68
Zone06,2024-01-07T09:00:00,26.87,61.38,2.47,70.31
Zone07,2024-01-07T09:00:00,19.39,61.61,2.35,47.31
Zone08,2024-01-07T09:00:00,19.62,69.36,4.18,46.59
Zone09,2024-01-07T09:00:00,23.2,35.26,2.74,60.32
Zone10,2024-01-07T09:00:00,26.24,67.84,4.26,41.62
Zone11,2024-01-07T09:00:00,24.38,46.73,3.64,46.41
Zone12,2024-01-07T09:00:00,29.61,62.72,4.98,39.01
Zone01,2024-01-07T09:30:00,27.05,65.37,2.96,30.6
Zone02,2024-01-07T09:30:00,23.58,51.49,1.11,59.19
Zone03,2024-01-07T09:30:00,23.35,66.51,2.99,67.56
Zone04,2024-01-07T09:30:00,23.38,61.33,1.98,41.29
Zone05,2024-01-07T09:30:00,28.54,66.41,3.38,33.14
Zone06,2024-01-07T09:30:00,26.02,51.22,3.12,47.96
Zone07,2024-01-07T09:30:00,28.27,67.01,3.83,40.08
Zone08,2024-01-07T09:30:00,28.08,57.25,3.71,47.02
Zone09,2024-01-07T09:30:00,25.57,51.29,2.15,28.5
Zone10,2024-01-07T09:30:00,22.53,61.18,2.26,46.65
Zone11,2024-01-07T09:30:00,27.31,47.98,3.08,34.22
Zone12,2024-01-07T09:30:00,27.69,70.03,2.96,38.36
Zone01,2024-01-07T10:00:00,22.19,57.78,2.24,33.19
Zone02,2024-01-07T10:00:00,21.26,45.57,2.85,61.6
Zone03,2024-01-07T10:00:00,23.78,58.99,2.81,40.9
Zone04,2024-01-07T10:00:00,23.33,69.34,4.51,62.64
Zone05,2024-01-07T10:00:00,25.5,56.47,4.29,72.34
Zone06,2024-01-07T10:00:00,18.15,55.03,1.65,45.61
Zone07,2024-01-07T10:00:00,21.84,69.16,3.82,55.68
Zone08,2024-01-07T10:00:00,25.37,66.57,2.59,59.34
Zone09,2024-01-07T10:00:00,25.65,52.88,1.21,48.26
Zone10,2024-01-07T10:00:00,23.39,54.58,1.13,38.17
Zone11,2024-01-07T10:00:00,29.26,63.23,3.43,84.05
Zone12,2024-01-07T10:00:00,26.04,62.24,2.05,80.8
Zone01,2024-01-07T10:30:00,22.67,59.11,1.65,31.68
Zone02,2024-01-07T10:30:00,25.75,62.32,5.03,37.37
Zone03,2024-01-07T10:30:00,24.6,49.21,1.89,49.16
Zone04,2024-01-07T10:30:00,22.79,59.09,3.2,49.14
Zone05,2024-01-07T10:30:00,26.82,63.38,1.94,35.87
Zone06,2024-01-07T10:30:00,21.23,54.65,3.36,11.47
Zone07,2024-01-07T10:30:00,21.8,38.8,3.12,51.5
Zone08,2024-01-07T10:30:00,26.8,63.15,1.8,29.7
Zone09,2024-01-07T10:30:00,24.44,62.86,3.56,34.69
Zone10,2024-01-07T10:30:00,23.27,51.74,2.17,47.13
Zone11,2024-01-07T10:30:00,28.24,64.97,3.47,66.16
Zone12,2024-01-07T10:30:00,18.56,56.83,3.03,43.91
Zone01,2024-01-07T11:00:00,26.22,48.67,3.12,36.78
Zone02,2024-01-07T11:00:00,25.37,74.84,3.4,32.73
Zone03,2024-01-07T11:00:00,27.84,61.75,1.44,17.1
Zone04,2024-01-07T11:00:00,24.75,62.79,1.47,58.85
Zone05,2024-01-07T11:00:00,27.99,40.0,3.55,26.25
Zone06,2024-01-07T11:00:00,24.83,54.44,3.94,29.91
Zone07,2024-01-07T11:00:00,25.29,78.85,2.27,65.72
Zone08,2024-01-07T11:00:00,26.77,40.4,1.07,42.38
Zone09,2024-01-07T11:00:00,22.85,64.67,3.1,35.58
Zone10,2024-01-07T11:00:00,25.74,61.31,3.62,52.69
Zone11,2024-01-07T11:00:00,32.29,65.94,3.59,66.14
Zone12,2024-01-07T11:00:00,33.12,76.32,0.89,57.48
Zone01,2024-01-07T11:30:00,30.27,51.34,3.29,66.47
Zone02,2024-01-07T11:30:00,28.15,57.61,3.92,56.78
Zone03,2024-01-07T11:30:00,28.25,56.62,2.85,60.75
Zone04,2024-01-07T11:30:00,20.54,78.74,1.07,44.3
Zone05,2024-01-07T11:30:00,31.52,66.13,4.31,77.83
Zone06,2024-01-07T11:30:00,27.57,56.25,2.16,62.97
Zone07,2024-01-07T11:30:00,26.94,62.24,3.64,56.78
Zone08,2024-01-07T11:30:00,29.09,39.25,2.13,39.67
Zone09,2024-01-07T11:30:00,25.33,79.53,1.07,52.28
Zone10,2024-01-07T11:30:00,25.47,50.79,6.17,66.4
Zone11,2024-01-07T11:30:00,26.98,57.42,4.04,48.06
Zone12,2024-01-07T11:30:00,25.57,56.07,0.96,15.51
Zone01,2024-01-07T12:00:00,25.66,74.61,1.32,33.91
Zone02,2024-01-07T12:00:00,23.53,59.94,2.58,29.31
Zone03,2024-01-07T12:00:00,24.24,64.17,3.48,50.81
Zone04,2024-01-07T12:00:00,22.22,40.8,2.61,73.22
Zone05,2024-01-07T12:00:00,23.79,60.87,2.06,58.22
Zone06,2024-01-07T12:00:00,20.85,60.04,2.78,69.52
Zone07,2024-01-07T12:00:00,24.99,60.19,3.12,64.26
Zone08,2024-01-07T12:00:00,23.78,60.97,4.53,51.26
Zone09,2024-01-07T12:00:00,20.68,59.46,3.42,53.8
Zone10,2024-01-07T12:00:00,19.0,71.07,3.02,85.23
Zone11,2024-01-07T12:00:00,25.54,72.57,3.48,46.01
Zone12,2024-01-07T12:00:00,30.02,71.25,4.34,35.13
Zone01,2024-01-07T12:30:00,24.49,50.88,2.39,17.78
Zone02,2024-01-07T12:30:00,22.6,59.92,3.1,63.86
Zone03,2024-01-07T12:30:00,19.43,45.09,2.25,46.35
Zone04,2024-01-07T12:30:00,21.5,61.48,2.32,58.11
Zone05,2024-01-07T12:30:00,26.08,53.08,3.66,81.52
Zone06,2024-01-07T12:30:00,23.78,59.09,2.35,53.8
Zone07,2024-01-07T12:30:00,24.83,45.82,2.82,62.24
Zone08,2024-01-07T12:30:00,26.06,73.05,2.72,57.77
Zone09,2024-01-07T12:30:00,24.81,46.29,4.36,54.07
Zone10,2024-01-07T12:30:00,26.13,62.87,1.98,40.57
Zone11,2024-01-07T12:30:00,24.84,51.96,2.13,36.1
Zone12,2024-01-07T12:30:00,26.01,72.28,3.61,60.38
Zone01,2024-01-07T13:00:00,27.36,57.34,1.46,31.38
Zone02,2024-01-07T13:00:00,28.39,42.89,1.54,37.57
Zone03,2024-01-07T13:00:00,29.81,64.75,2.95,29.57
Zone04,2024-01-07T13:00:00,22.5,61.66,2.6,68.28
Zone05,2024-01-07T13:00:00,22.43,66.48,3.0,22.89
Zone06,2024-01-07T13:00:00,31.64,45.46,2.89,59.1
Zone07,2024-01-07T13:00:00,23.92,43.64,2.97,79.55
Zone08,2024-01-07T13:00:00,21.48,75.93,3.27,56.53
Zone09,2024-01-07T13:00:00,27.75,61.22,3.12,62.02
Zone10,2024-01-07T13:00:00,18.82,55.51,2.54,52.06
Zone11,2024-01-07T13:00:00,25.72,72.86,2.94,16.29
Zone12,2024-01-07T13:00:00,29.03,58.85,3.17,74.76
Zone01,2024-01-07T13:30:00,28.47,72.1,3.58,44.87
Zone02,2024-01-07T13:30:00,28.74,65.83,3.49,35.39
Zone03,2024-01-07T13:30:00,25.69,64.14,6.17,68.27
Zone04,2024-01-07T13:30:00,24.4,53.4,2.36,53.11
Zone05,2024-01-07T13:30:00,24.59,66.08,1.85,63.81
Zone06,2024-01-07T13:30:00,25.69,63.44,4.1,63.6
Zone07,2024-01-07T13:30:00,27.25,49.3,3.45,38.77
Zone08,2024-01-07T13:30:00,29.06,56.57,3.03,52.67
Zone09,2024-01-07T13:30:00,28.74,70.26,2.26,85.06
Zone10,2024-01-07T13:30:00,23.94,64.53,2.83,43.0
Zone11,2024-01-07T13:30:00,27.71,59.97,3.08,60.22
Zone12,2024-01-07T13:30:00,24.22,68.98,4.03,19.11
Zone01,2024-01-07T14:00:00,24.46,54.2,4.94,54.69
Zone02,2024-01-07T14:00:00,23.93,63.46,3.99,34.39
Zone03,2024-01-07T14:00:00,25.63,55.1,4.68,48.24
Zone04,2024-01-07T14:00:00,21.07,60.69,4.08,29.19
Zone05,2024-01-07T14:00:00,24.7,48.87,4.89,67.34
Zone06,2024-01-07T14:00:00,28.65,64.83,2.9,86.34
Zone07,2024-01-07T14:00:00,25.73,59.61,3.62,26.14
Zone08,2024-01-07T14:00:00,21.12,71.65,2.35,42.72
Zone09,2024-01-07T14:00:00,25.92,54.49,3.4,40.37
Zone10,2024-01-07T14:00:00,26.53,66.39,3.0,62.11
Zone11,2024-01-07T14:00:00,21.04,45.16,2.23,13.95
Zone12,2024-01-07T14:00:00,25.72,68.52,2.19,56.48
Zone01,2024-01-07T14:30:00,24.0,63.14,3.19,52.81
Zone02,2024-01-07T14:30:00,23.37,60.34,3.35,37.29
Zone03,2024-01-07T14:30:00,30.55,71.24,4.62,39.81
Zone04,2024-01-07T14:30:00,25.63,75.55,3.42,66.95
Zone05,2024-01-07T14:30:00,24.44,67.3,3.66,82.39
Zone06,2024-01-07T14:30:00,25.66,76.71,4.35,31.51
Zone07,2024-01-07T14:30:00,29.39,48.28,1.49,47.93
Zone08,2024-01-07T14:30:00,24.6,58.83,3.1,39.91
Zone09,2024-01-07T14:30:00,24.21,55.29,2.87,31.01
Zone10,2024-01-07T14:30:00,24.99,64.71,4.57,51.09
Zone11,2024-01-07T14:30:00,23.5,57.71,5.85,38.37
Zone12,2024-01-07T14:30:00,18.79,47.97,3.24,40.07
Zone01,2024-01-07T15:00:00,26.39,61.16,2.37,60.17
Zone02,2024-01-07T15:00:00,21.63,49.24,2.6,38.73
Zone03,2024-01-07T15:00:00,23.4,81.74,1.64,78.18
Zone04,2024-01-07T15:00:00,23.4,59.24,2.9,83.31
Zone05,2024-01-07T15:00:00,21.87,41.58,2.31,32.37
Zone06,2024-01-07T15:00:00,28.33,66.91,1.59,62.2
Zone07,2024-01-07T15:00:00,26.97,47.56,4.88,27.01
Zone08,2024-01-07T15:00:00,27.65,38.66,3.46,31.95
Zone09,2024-01-07T15:00:00,28.31,75.3,3.01,40.95
Zone10,2024-01-07T15:00:00,27.46,70.77,3.61,56.9
Zone11,2024-01-07T15:00:00,22.6,41.73,3.27,30.86
Zone12,2024-01-07T15:00:00,30.25,74.2,3.63,43.9
Zone01,2024-01-07T15:30:00,32.26,64.16,2.51,16.86
Zone02,2024-01-07T15:30:00,26.85,57.7,3.13,51.43
Zone03,2024-01-07T15:30:00,31.24,47.87,3.05,47.39
Zone04,2024-01-07T15:30:00,29.78,56.86,5.16,39.44
Zone05,2024-01-07T15:30:00,28.45,52.64,2.46,15.86
Zone06,2024-01-07T15:30:00,22.01,53.78,1.65,57.64
Zone07,2024-01-07T15:30:00,20.24,65.21,1.95,51.07
Zone08,2024-01-07T15:30:00,25.81,77.22,3.78,39.98
Zone09,2024-01-07T15:30:00,27.31,61.49,1.92,18.61
Zone10,2024-01-07T15:30:00,30.4,62.83,1.79,48.09
Zone11,2024-01-07T15:30:00,24.2,49.69,2.39,31.32
Zone12,2024-01-07T15:30:00,23.34,57.91,3.31,54.15
Zone01,2024-01-07T16:00:00,25.57,50.88,3.12,47.53
Zone02,2024-01-07T16:00:00,23.48,52.28,2.92,50.42
Zone03,2024-01-07T16:00:00,24.78,59.51,1.3,43.94
Zone04,2024-01-07T16:00:00,32.96,63.74,4.56,42.75
Zone05,2024-01-07T16:00:00,23.73,35.84,2.93,40.41
Zone06,2024-01-07T16:00:00,24.3,59.33,1.31,66.02
Zone07,2024-01-07T16:00:00,25.41,61.65,3.18,61.27
Zone08,2024-01-07T16:00:00,25.52,61.71,2.7,38.05
Zone09,2024-01-07T16:00:00,29.54,67.57,5.0,19.51
Zone10,2024-01-07T16:00:00,19.45,65.01,2.27,56.38
Zone11,2024-01-07T16:00:00,23.93,56.09,3.06,39.97
Zone12,2024-01-07T16:00:00,23.48,50.23,3.44,51.13
Zone01,2024-01-07T16:30:00,26.52,67.1,2.82,80.28
Zone02,2024-01-07T16:30:00,22.39,75.01,3.33,65.25
Zone03,2024-01-07T16:30:00,26.46,64.35,2.87,65.11
Zone04,2024-01-07T16:30:00,27.21,54.26,3.53,35.06
Zone05,2024-01-07T16:30:00,26.39,55.16,1.76,62.64
Zone06,2024-01-07T16:30:00,25.65,57.02,2.85,43.47
Zone07,2024-01-07T16:30:00,28.34,47.27,1.72,68.52
Zone08,2024-01-07T16:30:00,25.61,55.98,1.54,37.89
Zone09,2024-01-07T16:30:00,21.59,42.93,1.74,63.76
Zone10,2024-01-07T16:30:00,25.16,55.89,3.1,49.36
Zone11,2024-01-07T16:30:00,24.65,43.75,1.43,35.95
Zone12,2024-01-07T16:30:00,27.41,63.19,4.56,51.34
Zone01,2024-01-07T17:00:00,23.04,61.58,4.01,86.73
Zone02,2024-01-07T17:00:00,25.37,50.08,2.74,27.49
Zone03,2024-01-07T17:00:00,23.47,70.18,2.79,24.5
Zone04,2024-01-07T17:00:00,26.66,69.69,2.69,53.69
Zone05,2024-01-07T17:00:00,28.6,69.51,2.92,33.07
Zone06,2024-01-07T17:00:00,29.39,48.43,2.71,61.53
Zone07,2024-01-07T17:00:00,25.41,45.35,3.52,29.8
Zone08,2024-01-07T17:00:00,27.52,55.93,2.89,67.47
Zone09,2024-01-07T17:00:00,22.75,51.11,1.82,64.11
Zone10,2024-01-07T17:00:00,26.37,65.57,3.15,22.29
Zone11,2024-01-07T17:00:00,24.73,58.35,4.22,46.54
Zone12,2024-01-07T17:00:00,25.52,66.58,3.82,58.95
Zone01,2024-01-07T17:30:00,22.86,76.07,2.89,56.63
Zone02,2024-01-07T17:30:00,28.7,64.89,3.1,73.37
Zone03,2024-01-07T17:30:00,25.66,65.19,2.06,55.69
Zone04,2024-01-07T17:30:00,25.42,33.68,3.62,58.09
Zone05,2024-01-07T17:30:00,25.78,61.73,2.99,40.7
Zone06,2024-01-07T17:30:00,21.76,71.11,2.87,79.56
Zone07,2024-01-07T17:30:00,22.26,59.55,6.06,73.5
Zone08,2024-01-07T17:30:00,25.26,57.86,4.61,47.51
Zone09,2024-01-07T17:30:00,21.86,64.62,4.05,50.32
Zone10,2024-01-07T17:30:00,25.1,58.77,3.52,16.67
Zone11,2024-01-07T17:30:00,26.15,58.41,1.46,75.47
Zone12,2024-01-07T17:30:00,22.68,61.83,1.26,40.42
Zone01,2024-01-07T18:00:00,22.56,73.02,2.0,53.98
Zone02,2024-01-07T18:00:00,22.72,49.36,4.78,44.62
Zone03,2024-01-07T18:00:00,24.6,47.64,4.2,71.73
Zone04,2024-01-07T18:00:00,24.26,60.95,4.37,27.56
Zone05,2024-01-07T18:00:00,27.79,59.79,2.44,70.7
Zone06,2024-01-07T18:00:00,21.94,64.3,2.53,59.31
Zone07,2024-01-07T18:00:00,23.79,73.53,3.11,55.54
Zone08,2024-01-07T18:00:00,24.39,75.48,2.53,61.49
Zone09,2024-01-07T18:00:00,21.24,73.86,2.94,41.62
Zone10,2024-01-07T18:00:00,27.2,74.87,2.72,43.55
Zone11,2024-01-07T18:00:00,22.61,66.47,1.96,30.87
Zone12,2024-01-07T18:00:00,26.7,73.93,1.46,58.39
Zone01,2024-01-07T18:30:00,23.96,54.54,3.0,61.09
Zone02,2024-01-07T18:30:00,25.08,58.82,1.68,20.28
Zone03,2024-01-07T18:30:00,28.75,47.38,2.63,47.62
Zone04,2024-01-07T18:30:00,25.67,52.25,2.06,55.56
Zone05,2024-01-07T18:30:00,28.27,69.74,3.43,53.35
Zone06,2024-01-07T18:30:00,32.07,71.61,2.34,44.75
Zone07,2024-01-07T18:30:00,22.85,46.08,3.4,18.6
Zone08,2024-01-07T18:30:00,22.31,71.02,3.25,50.23
Zone09,2024-01-07T18:30:00,26.53,56.79,3.84,48.45
Zone10,2024-01-07T18:30:00,24.24,73.63,2.01,59.94
Zone11,2024-01-07T18:30:00,27.65,40.59,1.47,40.01
Zone12,2024-01-07T18:30:00,27.29,61.34,2.08,57.24
Zone01,2024-01-07T19:00:00,21.24,62.71,3.24,53.31
Zone02,2024-01-07T19:00:00,24.25,58.53,3.26,74.72
Zone03,2024-01-07T19:00:00,22.91,72.52,3.79,45.39
Zone04,2024-01-07T19:00:00,22.3,57.36,0.81,67.28
Zone05,2024-01-07T19:00:00,23.33,68.8,0.93,68.75
Zone06,2024-01-07T19:00:00,26.95,55.94,1.34,38.15
Zone07,2024-01-07T19:00:00,26.48,65.85,3.38,34.57
Zone08,2024-01-07T19:00:00,23.91,65.68,4.05,47.2
Zone09,2024-01-07T19:00:00,27.49,77.74,2.99,46.79
Zone10,2024-01-07T19:00:00,24.34,63.95,4.22,37.5
Zone11,2024-01-07T19:00:00,24.02,68.61,2.94,14.37
Zone12,2024-01-07T19:00:00,28.67,74.3,2.59,72.9
Zone01,2024-01-07T19:30:00,24.22,55.81,2.36,45.58
Zone02,2024-01-07T19:30:00,29.32,60.32,3.46,34.73
Zone03,2024-01-07T19:30:00,26.12,59.75,0.76,88.75
Zone04,2024-01-07T19:30:00,22.47,52.44,3.86,51.86
Zone05,2024-01-07T19:30:00,24.48,41.62,3.04,52.42
Zone06,2024-01-07T19:30:00,18.75,58.9,1.42,36.75
Zone07,2024-01-07T19:30:00,18.91,72.24,3.04,74.24
Zone08,2024-01-07T19:30:00,29.8,56.76,4.42,94.09
Zone09,2024-01-07T19:30:00,24.69,70.17,1.33,63.1
Zone10,2024-01-07T19:30:00,20.06,67.31,3.4,54.22
Zone11,2024-01-07T19:30:00,25.9,63.53,2.91,57.15
Zone12,2024-01-07T19:30:00,27.33,60.57,3.85,50.12
Zone01,2024-01-07T20:00:00,24.53,54.47,4.02,50.69
Zone02,2024-01-07T20:00:00,26.95,51.17,1.25,52.31
Zone03,2024-01-07T20:00:00,22.97,54.39,3.22,63.34
Zone04,2024-01-07T20:00:00,26.55,78.83,3.24,52.74
Zone05,2024-01-07T20:00:00,27.5,57.33,3.36,26.95
Zone06,2024-01-07T20:00:00,29.92,54.12,3.32,67.65
Zone07,2024-01-07T20:00:00,20.29,62.31,2.33,67.97
Zone08,2024-01-07T20:00:00,27.67,51.24,4.1,57.05
Zone09,2024-01-07T20:00:00,21.9,63.23,1.37,54.28
Zone10,2024-01-07T20:00:00,25.49,77.24,4.45,63.28
Zone11,2024-01-07T20:00:00,28.91,57.64,3.79,5.18
Zone12,2024-01-07T20:00:00,25.8,54.8,3.28,56.19
Zone01,2024-01-07T20:30:00,26.24,68.09,1.55,19.89
Zone02,2024-01-07T20:30:00,26.69,60.4,2.41,35.14
Zone03,2024-01-07T20:30:00,20.51,54.33,2.76,32.22
Zone04,2024-01-07T20:30:00,20.11,38.43,3.46,82.72
Zone05,2024-01-07T20:30:00,26.72,47.07,1.58,38.29
Zone06,2024-01-07T20:30:00,25.76,38.92,3.15,24.47
Zone07,2024-01-07T20:30:00,28.69,71.38,4.96,51.75
Zone08,2024-01-07T20:30:00,25.04,58.19,3.52,52.95
Zone09,2024-01-07T20:30:00,24.29,72.49,4.01,28.19
Zone10,2024-01-07T20:30:00,26.28,69.95,2.47,45.7
Zone11,2024-01-07T20:30:00,26.57,61.71,3.21,59.36
Zone12,2024-01-07T20:30:00,25.27,56.67,2.75,37.86
Zone01,2024-01-07T21:00:00,22.83,53.22,0.49,56.69
Zone02,2024-01-07T21:00:00,30.99,55.72,2.89,41.72
Zone03,2024-01-07T21:00:00,30.17,81.85,2.6,68.76
Zone04,2024-01-07T21:00:00,22.15,41.89,1.93,26.56
Zone05,2024-01-07T21:00:00,26.54,65.29,2.03,49.62
Zone06,2024-01-07T21:00:00,27.48,45.94,3.04,30.72
Zone07,2024-01-07T21:00:00,30.19,68.22,2.2,32.1
Zone08,2024-01-07T21:00:00,30.57,74.03,3.36,33.99
Zone09,2024-01-07T21:00:00,21.87,64.21,5.08,43.31
Zone10,2024-01-07T21:00:00,26.5,59.71,4.44,65.98
Zone11,2024-01-07T21:00:00,26.87,50.53,2.47,29.9
Zone12,2024-01-07T21:00:00,25.18,67.85,2.12,44.43
Zone01,2024-01-07T21:30:00,27.59,63.33,3.79,50.15
Zone02,2024-01-07T21:30:00,25.78,51.12,3.9,26.94
Zone03,2024-01-07T21:30:00,24.85,65.16,3.34,31.34
Zone04,2024-01-07T21:30:00,25.95,61.65,4.61,56.04
Zone05,2024-01-07T21:30:00,31.99,60.09,3.17,77.79
Zone06,2024-01-07T21:30:00,28.4,57.72,2.7,44.33
Zone07,2024-01-07T21:30:00,22.23,69.67,3.64,31.57
Zone08,2024-01-07T21:30:00,21.17,55.68,3.58,51.03
Zone09,2024-01-07T21:30:00,24.97,46.72,2.64,59.63
Zone10,2024-01-07T21:30:00,27.95,63.3,1.36,31.16
Zone11,2024-01-07T21:30:00,23.61,62.65,4.27,46.34
Zone12,2024-01-07T21:30:00,24.09,61.6,5.06,79.99
Zone01,2024-01-07T22:00:00,31.04,66.12,2.83,46.25
Zone02,2024-01-07T22:00:00,20.55,51.96,3.7,50.15
Zone03,2024-01-07T22:00:00,28.5,50.32,2.64,39.29
Zone04,2024-01-07T22:00:00,19.94,63.19,2.4,58.81
Zone05,2024-01-07T22:00:00,23.63,54.46,4.63,44.66
Zone06,2024-01-07T22:00:00,19.84,70.15,1.86,42.26
Zone07,2024-01-07T22:00:00,24.29,56.47,3.95,55.04
Zone08,2024-01-07T22:00:00,24.27,58.15,4.42,65.38
Zone09,2024-01-07T22:00:00,25.19,63.15,2.54,32.16
Zone10,2024-01-07T22:00:00,23.86,70.81,3.08,42.64
Zone11,2024-01-07T22:00:00,24.33,64.83,5.18,29.32
Zone12,2024-01-07T22:00:00,25.7,61.68,3.84,37.14
Zone01,2024-01-07T22:30:00,20.4,74.55,4.45,44.66
Zone02,2024-01-07T22:30:00,19.28,63.32,3.15,49.8
Zone03,2024-01-07T22:30:00,24.85,54.18,3.35,81.19
Zone04,2024-01-07T22:30:00,21.52,61.62,2.63,47.44
Zone05,2024-01-07T22:30:00,26.1,48.79,2.62,17.17
Zone06,2024-01-07T22:30:00,26.3,45.53,2.98,48.85
Zone07,2024-01-07T22:30:00,24.52,69.5,4.26,66.03
Zone08,2024-01-07T22:30:00,24.76,45.4,2.68,36.71
Zone09,2024-01-07T22:30:00,28.57,77.71,3.57,40.36
Zone10,2024-01-07T22:30:00,27.7,67.5,3.91,55.04
Zone11,2024-01-07T22:30:00,23.17,70.7,0.77,26.25
Zone12,2024-01-07T22:30:00,22.39,47.25,1.9,34.37
Zone01,2024-01-07T23:00:00,28.73,61.22,4.92,48.54
Zone02,2024-01-07T23:00:00,23.85,62.09,1.69,69.98
Zone03,2024-01-07T23:00:00,25.36,50.24,1.2,50.59
Zone04,2024-01-07T23:00:00,25.46,59.31,2.46,62.9
Zone05,2024-01-07T23:00:00,15.67,65.67,2.61,65.03
Zone06,2024-01-07T23:00:00,23.51,59.3,3.0,36.97
Zone07,2024-01-07T23:00:00,23.77,69.1,5.96,50.39
Zone08,2024-01-07T23:00:00,24.66,58.87,3.55,68.51
Zone09,2024-01-07T23:00:00,22.69,45.35,1.81,42.8
Zone10,2024-01-07T23:00:00,27.4,47.16,1.79,78.5
Zone11,2024-01-07T23:00:00,22.86,68.96,2.77,61.28
Zone12,2024-01-07T23:00:00,21.23,41.58,4.53,27.61
Zone01,2024-01-07T23:30:00,22.79,70.02,2.9,57.84
Zone02,2024-01-07T23:30:00,30.78,65.79,3.11,29.29
Zone03,2024-01-07T23:30:00,27.3,41.53,2.79,36.65
Zone04,2024-01-07T23:30:00,24.08,49.49,3.63,41.51
Zone05,2024-01-07T23:30:00,29.41,52.3,3.67,56.15
Zone06,2024-01-07T23:30:00,25.87,59.44,0.88,53.15
Zone07,2024-01-07T23:30:00,29.07,66.19,1.01,59.44
Zone08,2024-01-07T23:30:00,20.84,66.96,4.42,35.38
Zone09,2024-01-07T23:30:00,25.46,66.24,4.93,62.39
Zone10,2024-01-07T23:30:00,27.45,72.92,5.66,24.81
Zone11,2024-01-07T23:30:00,32.69,67.16,2.99,66.29
Zone12,2024-01-07T23:30:00,26.32,59.68,2.8,45.89
