task_id,timestamp,progress,progress_rate,progress_accel,quality_score
1,2024-12-14T00:00:00,0.0,0.0672,0.0008,0.8944
1,2024-12-21T00:00:00,0.6364,0.1265,0.003,0.8915
1,2024-12-25T00:00:00,1.0,0.135,0.0017,0.9039
2,2024-04-12T00:00:00,0.0,0.0389,-0.0042,0.9205
2,2024-04-19T00:00:00,0.7778,0.1388,-0.0018,0.871
2,2024-04-21T00:00:00,1.0,0.1334,0.0019,0.8598
3,2024-04-09T00:00:00,0.0,0.0948,-0.0021,0.7787
3,2024-04-16T00:00:00,0.5833,0.1077,-0.0004,0.9556
3,2024-04-21T00:00:00,1.0,0.1558,-0.0042,0.8857
4,2024-11-04T00:00:00,0.0,0.0565,-0.0108,0.9669
4,2024-11-11T00:00:00,0.7,0.1034,0.0071,0.9196
4,2024-11-14T00:00:00,1.0,0.1626,0.0057,0.9287
5,2024-07-10T00:00:00,0.0,0.0635,-0.0008,0.9186
5,2024-07-17T00:00:00,0.7,0.1083,-0.0017,0.9982
5,2024-07-20T00:00:00,1.0,0.1338,0.0008,0.9057
6,2024-01-22T00:00:00,0.0,0.0438,0.0026,0.9295
6,2024-01-29T00:00:00,0.5,0.0815,0.0005,0.8459
6,2024-02-05T00:00:00,1.0,0.1658,0.0009,0.9041
7,2024-07-06T00:00:00,0.0,0.0632,-0.0014,0.9457
7,2024-07-13T00:00:00,0.5,0.081,0.0071,0.8725
7,2024-07-20T00:00:00,1.0,0.1161,-0.0016,0.8779
8,2024-08-31T00:00:00,0.0,0.0433,0.0012,0.9549
8,2024-09-07T00:00:00,0.6364,0.1098,-0.0035,0.8437
8,2024-09-11T00:00:00,1.0,0.1406,-0.0094,0.8637
9,2024-11-02T00:00:00,0.0,0.0749,-0.0041,0.9314
9,2024-11-09T00:00:00,0.7778,0.1032,0.0089,0.9919
9,2024-11-11T00:00:00,1.0,0.1618,0.01,0.9178
10,2024-09-30T00:00:00,0.0,0.0654,0.0063,0.909
10,2024-10-07T00:00:00,0.6364,0.0826,0.0039,0.8764
10,2024-10-11T00:00:00,1.0,0.142,0.0015,0.9283
11,2024-09-21T00:00:00,0.0,0.053,0.0032,0.8647
11,2024-09-27T00:00:00,1.0,0.1491,0.0042,0.9886
12,2024-04-01T00:00:00,0.0,0.0925,0.0022,0.942
12,2024-04-08T00:00:00,0.875,0.1771,-0.0034,0.9315
12,2024-04-09T00:00:00,1.0,0.1654,0.0072,0.8431
13,2024-02-04T00:00:00,0.0,0.0312,0.0001,0.9189
13,2024-02-11T00:00:00,0.5833,0.1308,0.0026,0.8924
13,2024-02-16T00:00:00,1.0,0.1583,0.0015,0.9873
14,2024-12-25T00:00:00,0.0,0.0533,-0.0019,0.9225
14,2024-12-31T00:00:00,1.0,0.154,-0.0079,0.8992
15,2024-11-05T00:00:00,0.0,0.048,-0.0027,0.9518
15,2024-11-12T00:00:00,0.875,0.1218,0.0023,0.8926
15,2024-11-13T00:00:00,1.0,0.1522,0.0021,0.8346
16,2024-07-20T00:00:00,0.0,0.0538,0.0114,0.8222
16,2024-07-26T00:00:00,1.0,0.1488,0.0056,0.9151
17,2024-07-08T00:00:00,0.0,0.0638,-0.0119,0.9299
17,2024-07-15T00:00:00,0.5385,0.0886,0.0015,0.8985
17,2024-07-21T00:00:00,1.0,0.1956,0.0027,0.8944
18,2024-02-22T00:00:00,0.0,0.0198,0.0006,0.9412
18,2024-02-28T00:00:00,1.0,0.1484,-0.0025,0.8714
19,2024-06-05T00:00:00,0.0,0.0607,0.0038,0.9681
19,2024-06-12T00:00:00,0.5385,0.0839,0.0026,0.8939
19,2024-06-18T00:00:00,1.0,0.1482,0.002,0.9204
20,2024-01-09T00:00:00,0.0,0.0606,-0.0053,0.8625
20,2024-01-16T00:00:00,0.6364,0.1434,-0.0011,0.9153
20,2024-01-20T00:00:00,1.0,0.1711,0.0023,0.9273
21,2024-03-03T00:00:00,0.0,0.0679,-0.0106,0.8755
21,2024-03-10T00:00:00,0.5833,0.1177,0.0069,0.9033
21,2024-03-15T00:00:00,1.0,0.1331,-0.0041,0.9442
22,2024-06-11T00:00:00,0.0,0.0456,-0.0,0.9308
22,2024-06-18T00:00:00,0.5833,0.0503,0.01,0.8634
22,2024-06-23T00:00:00,1.0,0.1548,-0.0085,0.8789
23,2024-08-18T00:00:00,0.0,0.0749,-0.0096,0.9563
23,2024-08-25T00:00:00,0.7778,0.1223,0.0024,0.9329
23,2024-08-27T00:00:00,1.0,0.1588,-0.0043,0.8818
24,2024-07-19T00:00:00,0.0,0.0208,0.0025,0.9851
24,2024-07-26T00:00:00,0.6364,0.0771,-0.0038,0.8909
24,2024-07-30T00:00:00,1.0,0.1535,0.0044,0.8924
25,2024-03-02T00:00:00,0.0,0.0437,0.0055,0.9331
25,2024-03-09T00:00:00,0.6364,0.1244,0.0006,0.9492
25,2024-03-13T00:00:00,1.0,0.1369,-0.004,0.9373
26,2024-08-01T00:00:00,0.0,0.0175,0.0005,0.8842
26,2024-08-08T00:00:00,0.5833,0.0802,-0.0047,0.8946
26,2024-08-13T00:00:00,1.0,0.1707,-0.0033,0.9607
27,2024-04-10T00:00:00,0.0,0.0513,0.0066,0.8698
27,2024-04-17T00:00:00,1.0,0.149,0.0018,0.891
28,2024-08-05T00:00:00,0.0,0.0691,-0.011,1.0
28,2024-08-12T00:00:00,0.7778,0.1449,-0.0009,0.8724
28,2024-08-14T00:00:00,1.0,0.1327,0.0032,0.9497
29,2024-07-25T00:00:00,0.0,0.0467,0.0055,0.8546
29,2024-08-01T00:00:00,0.5385,0.0822,0.0091,0.9296
29,2024-08-07T00:00:00,1.0,0.1779,-0.0043,0.8538
30,2024-04-05T00:00:00,0.0,0.0428,-0.0041,0.9353
30,2024-04-12T00:00:00,0.875,0.1225,-0.0059,0.9071
30,2024-04-13T00:00:00,1.0,0.1242,-0.009,0.9067
31,2024-01-13T00:00:00,0.0,0.015,0.0039,0.8302
31,2024-01-20T00:00:00,0.875,0.0927,-0.0015,0.9072
31,2024-01-21T00:00:00,1.0,0.1598,0.0009,0.847
32,2024-03-26T00:00:00,0.0,0.0643,0.0048,0.8397
32,2024-04-02T00:00:00,1.0,0.1464,-0.0014,0.911
33,2024-05-13T00:00:00,0.0,0.0459,-0.0003,0.9321
33,2024-05-20T00:00:00,0.5385,0.0816,0.0037,0.9571
33,2024-05-26T00:00:00,1.0,0.1827,-0.0107,0.8909
34,2024-12-13T00:00:00,0.0,0.0107,-0.0122,0.9072
34,2024-12-20T00:00:00,0.5,0.092,0.0015,0.9243
34,2024-12-27T00:00:00,1.0,0.175,0.0003,1.0
35,2024-10-09T00:00:00,0.0,0.0561,0.0092,0.7834
35,2024-10-14T00:00:00,1.0,0.177,-0.0009,0.8026
36,2024-09-15T00:00:00,0.0,0.0584,-0.0015,0.929
36,2024-09-22T00:00:00,0.5385,0.1241,-0.0074,0.9507
36,2024-09-28T00:00:00,1.0,0.1501,0.0068,0.8897
37,2024-11-13T00:00:00,0.0,0.0406,0.0001,0.9051
37,2024-11-20T00:00:00,0.5385,0.0906,-0.0025,0.8387
37,2024-11-26T00:00:00,1.0,0.1413,0.0034,0.8931
38,2024-06-20T00:00:00,0.0,0.0702,-0.0009,0.8284
38,2024-06-27T00:00:00,0.5,0.1119,-0.0034,0.8883
38,2024-07-04T00:00:00,1.0,0.1748,-0.0058,0.9082
39,2024-04-22T00:00:00,0.0,0.0492,0.0035,0.9428
39,2024-04-29T00:00:00,0.875,0.1428,-0.0018,0.9237
39,2024-04-30T00:00:00,1.0,0.1767,-0.0001,0.8866
40,2024-09-24T00:00:00,0.0,0.0578,0.0002,0.8331
40,2024-10-01T00:00:00,0.875,0.1423,-0.0067,0.9187
40,2024-10-02T00:00:00,1.0,0.1341,0.0002,0.9195
41,2024-04-22T00:00:00,0.0,0.0991,0.0037,0.9682
41,2024-04-29T00:00:00,1.0,0.1874,0.0024,0.9143
42,2024-01-02T00:00:00,0.0,0.0287,-0.0006,0.8638
42,2024-01-07T00:00:00,1.0,0.142,0.0094,0.9057
43,2024-05-05T00:00:00,0.0,0.0325,0.0069,0.9478
43,2024-05-10T00:00:00,1.0,0.1702,-0.01,0.9974
44,2024-06-08T00:00:00,0.0,0.0388,0.0039,1.0
44,2024-06-15T00:00:00,0.5,0.1431,-0.0049,0.8278
44,2024-06-22T00:00:00,1.0,0.1786,0.0007,0.875
45,2024-07-21T00:00:00,0.0,0.0624,-0.0008,0.9351
45,2024-07-28T00:00:00,0.6364,0.115,0.0036,0.8553
45,2024-08-01T00:00:00,1.0,0.1785,0.0035,0.9323
46,2024-04-07T00:00:00,0.0,0.0276,0.0085,0.8993
46,2024-04-14T00:00:00,0.875,0.1521,-0.0016,0.913
46,2024-04-15T00:00:00,1.0,0.1559,-0.0141,0.9291
47,2024-07-19T00:00:00,0.0,0.0893,0.0027,0.8521
47,2024-07-24T00:00:00,1.0,0.163,0.0053,0.9256
48,2024-05-27T00:00:00,0.0,0.0485,-0.0012,0.8877
48,2024-06-03T00:00:00,1.0,0.164,-0.007,0.8814
49,2024-05-26T00:00:00,0.0,0.0819,0.0082,0.8261
49,2024-06-02T00:00:00,0.5,0.0774,-0.0014,0.9446
49,2024-06-09T00:00:00,1.0,0.1135,-0.0003,0.8763
50,2024-05-07T00:00:00,0.0,0.0765,-0.0084,0.9046
50,2024-05-14T00:00:00,0.5385,0.096,0.0073,0.9299
50,2024-05-20T00:00:00,1.0,0.1383,0.0043,0.8806
51,2024-05-30T00:00:00,0.0,0.07,-0.0012,0.9527
51,2024-06-06T00:00:00,0.5385,0.1126,0.0163,0.8974
51,2024-06-12T00:00:00,1.0,0.1577,-0.0024,0.9001
52,2024-04-21T00:00:00,0.0,-0.004,0.0023,0.9671
52,2024-04-28T00:00:00,0.5,0.1079,-0.0066,0.8599
52,2024-05-05T00:00:00,1.0,0.1014,0.0049,0.8497
53,2024-01-02T00:00:00,0.0,0.0494,-0.0008,0.9744
53,2024-01-07T00:00:00,1.0,0.1517,0.004,0.9273
54,2024-01-09T00:00:00,0.0,0.0772,-0.0012,0.9935
54,2024-01-16T00:00:00,0.6364,0.0739,0.0043,0.8567
54,2024-01-20T00:00:00,1.0,0.1401,0.0028,0.9281
55,2024-05-31T00:00:00,0.0,0.0621,-0.0069,0.9725
55,2024-06-07T00:00:00,1.0,0.132,-0.0038,0.9319
56,2024-04-25T00:00:00,0.0,0.0443,0.0015,0.7922
56,2024-05-02T00:00:00,0.5833,0.114,0.0011,0.8745
56,2024-05-07T00:00:00,1.0,0.1085,-0.0011,0.8981
57,2024-04-13T00:00:00,0.0,0.0427,-0.0092,0.9797
57,2024-04-20T00:00:00,0.7,0.1072,-0.0011,0.7795
57,2024-04-23T00:00:00,1.0,0.1819,-0.0023,0.9049
58,2024-06-01T00:00:00,0.0,0.0724,-0.0034,0.9482
58,2024-06-08T00:00:00,1.0,0.1088,0.0028,0.9786
59,2024-11-05T00:00:00,0.0,0.0384,0.0056,0.9917
59,2024-11-11T00:00:00,1.0,0.1449,-0.0017,0.8551
60,2024-03-08T00:00:00,0.0,0.0398,-0.0041,0.855
60,2024-03-13T00:00:00,1.0,0.174,-0.0039,0.9129
61,2024-05-14T00:00:00,0.0,0.0508,0.0075,0.8748
61,2024-05-21T00:00:00,0.5833,0.116,0.004,0.9745
61,2024-05-26T00:00:00,1.0,0.1396,-0.0031,0.8469
62,2024-01-22T00:00:00,0.0,0.0947,0.0069,0.8979
62,2024-01-29T00:00:00,1.0,0.1886,-0.0005,0.9362
63,2024-09-20T00:00:00,0.0,0.0502,0.002,0.9146
63,2024-09-27T00:00:00,1.0,0.1415,0.0055,0.9358
64,2024-10-10T00:00:00,0.0,0.0706,0.0016,0.8547
64,2024-10-15T00:00:00,1.0,0.1842,-0.0013,0.9182
65,2024-01-04T00:00:00,0.0,0.0627,0.0018,0.9458
65,2024-01-11T00:00:00,1.0,0.1715,-0.0011,0.9813
66,2024-01-06T00:00:00,0.0,0.0447,0.0017,0.8806
66,2024-01-13T00:00:00,0.7778,0.1143,0.0052,1.0
66,2024-01-15T00:00:00,1.0,0.1428,0.0061,0.8837
67,2024-12-14T00:00:00,0.0,0.0498,0.0088,0.8463
67,2024-12-21T00:00:00,0.5833,0.0816,-0.0004,0.9332
67,2024-12-26T00:00:00,1.0,0.1593,0.0018,0.9017
68,2024-04-25T00:00:00,0.0,0.0657,-0.0146,0.8625
68,2024-04-30T00:00:00,1.0,0.1481,0.0035,0.9745
69,2024-05-07T00:00:00,0.0,0.0323,0.0073,0.8774
69,2024-05-14T00:00:00,1.0,0.1474,0.0029,0.8898
70,2024-02-27T00:00:00,0.0,0.0722,-0.002,0.8805
70,2024-03-05T00:00:00,0.7,0.141,-0.0038,0.9124
70,2024-03-08T00:00:00,1.0,0.1168,0.0091,0.9603
71,2024-05-30T00:00:00,0.0,0.105,0.0067,0.8435
71,2024-06-06T00:00:00,0.7,0.1334,-0.0046,0.9789
71,2024-06-09T00:00:00,1.0,0.128,-0.0057,0.8195
72,2024-04-13T00:00:00,0.0,0.0402,-0.0034,0.8369
72,2024-04-18T00:00:00,1.0,0.1898,0.0026,0.9206
73,2024-06-24T00:00:00,0.0,0.0818,0.0013,0.8626
73,2024-07-01T00:00:00,0.7,0.086,-0.004,0.9753
73,2024-07-04T00:00:00,1.0,0.1249,0.0018,0.9517
74,2024-11-01T00:00:00,0.0,0.0557,0.002,0.9328
74,2024-11-08T00:00:00,1.0,0.1576,0.008,0.848
75,2024-11-08T00:00:00,0.0,0.0548,-0.0091,0.7963
75,2024-11-15T00:00:00,0.5,0.0984,0.0027,0.9815
75,2024-11-22T00:00:00,1.0,0.1984,0.0066,0.9364
76,2024-05-21T00:00:00,0.0,0.0532,-0.0077,0.8927
76,2024-05-28T00:00:00,0.5833,0.1341,0.0045,0.8357
76,2024-06-02T00:00:00,1.0,0.1623,0.0026,0.9175
77,2024-11-17T00:00:00,0.0,0.0494,0.0033,0.9349
77,2024-11-23T00:00:00,1.0,0.1372,0.0023,0.8905
78,2024-07-04T00:00:00,0.0,0.0203,-0.0028,0.8218
78,2024-07-11T00:00:00,0.5385,0.1234,0.0018,0.8822
78,2024-07-17T00:00:00,1.0,0.1784,0.0003,0.8284
79,2024-12-07T00:00:00,0.0,0.0412,0.0082,0.8665
79,2024-12-14T00:00:00,0.5,0.1055,0.0037,0.9295
79,2024-12-21T00:00:00,1.0,0.199,-0.0059,0.8462
80,2024-09-27T00:00:00,0.0,0.0268,-0.0015,0.955
80,2024-10-04T00:00:00,0.7,0.0994,0.0056,0.9018
80,2024-10-07T00:00:00,1.0,0.1278,-0.0088,0.8236
81,2024-02-22T00:00:00,0.0,0.0367,-0.0008,0.9673
81,2024-02-29T00:00:00,0.5833,0.1243,-0.0042,0.9204
81,2024-03-05T00:00:00,1.0,0.183,0.0094,0.8843
82,2024-12-15T00:00:00,0.0,0.0692,0.0069,0.8246
82,2024-12-22T00:00:00,0.7,0.1098,0.0111,0.8849
82,2024-12-25T00:00:00,1.0,0.0914,-0.0006,0.9562
83,2024-05-03T00:00:00,0.0,0.0501,0.0036,0.9469
83,2024-05-09T00:00:00,1.0,0.1429,-0.0026,0.9077
84,2024-11-14T00:00:00,0.0,0.0536,0.0003,0.9048
84,2024-11-21T00:00:00,0.5833,0.0934,0.0038,0.93
84,2024-11-26T00:00:00,1.0,0.1233,-0.0019,0.9047
85,2024-04-26T00:00:00,0.0,0.0393,0.0032,0.8967
85,2024-05-03T00:00:00,0.7778,0.1312,-0.002,0.8003
85,2024-05-05T00:00:00,1.0,0.109,0.0029,0.9133
86,2024-05-08T00:00:00,0.0,0.0588,0.0007,0.9107
86,2024-05-15T00:00:00,0.7778,0.1472,0.0022,0.952
86,2024-05-17T00:00:00,1.0,0.1534,-0.0015,0.9097
87,2024-02-17T00:00:00,0.0,0.0333,-0.0019,0.9089
87,2024-02-24T00:00:00,0.7,0.1233,-0.0005,0.8306
87,2024-02-27T00:00:00,1.0,0.1627,0.0042,0.9822
88,2024-09-28T00:00:00,0.0,0.0588,0.0,0.8493
88,2024-10-05T00:00:00,0.7778,0.1576,0.0012,0.9097
88,2024-10-07T00:00:00,1.0,0.1449,-0.0016,0.9344
89,2024-12-14T00:00:00,0.0,0.0296,0.0081,0.9704
89,2024-12-21T00:00:00,0.7,0.1129,-0.0043,0.7992
89,2024-12-24T00:00:00,1.0,0.125,0.0036,0.9158
90,2024-05-23T00:00:00,0.0,0.0599,-0.0092,0.8802
90,2024-05-30T00:00:00,0.5,0.1273,-0.0005,0.8364
90,2024-06-06T00:00:00,1.0,0.1478,-0.0039,0.9167
91,2024-02-16T00:00:00,0.0,0.0504,0.0027,0.8391
91,2024-02-23T00:00:00,0.7778,0.1188,0.0055,0.8323
91,2024-02-25T00:00:00,1.0,0.1299,0.001,0.9143
92,2024-12-06T00:00:00,0.0,0.0402,-0.0014,0.9267
92,2024-12-13T00:00:00,0.5,0.117,-0.0053,0.9182
92,2024-12-20T00:00:00,1.0,0.1802,-0.0006,0.846
93,2024-01-23T00:00:00,0.0,0.0275,-0.0008,0.9518
93,2024-01-30T00:00:00,0.7778,0.127,0.0009,0.8502
93,2024-02-01T00:00:00,1.0,0.1697,-0.0057,0.8748
94,2024-10-16T00:00:00,0.0,0.0626,-0.0102,0.9087
94,2024-10-23T00:00:00,0.875,0.1167,0.0001,0.8824
94,2024-10-24T00:00:00,1.0,0.1921,-0.002,0.9921
95,2024-11-20T00:00:00,0.0,0.0617,-0.004,0.9165
95,2024-11-25T00:00:00,1.0,0.1439,0.0012,0.8643
96,2024-06-08T00:00:00,0.0,0.0838,0.0046,0.9016
96,2024-06-13T00:00:00,1.0,0.1846,0.0004,0.9549
97,2024-06-11T00:00:00,0.0,0.0508,0.002,0.8959
97,2024-06-17T00:00:00,1.0,0.1519,0.0009,0.8665
98,2024-04-10T00:00:00,0.0,0.042,-0.0011,0.9115
98,2024-04-17T00:00:00,1.0,0.1494,0.0059,0.9424
99,2024-06-16T00:00:00,0.0,0.0461,0.0069,0.9937
99,2024-06-21T00:00:00,1.0,0.1091,0.0047,0.8654
100,2024-08-29T00:00:00,0.0,0.066,0.0062,0.8562
100,2024-09-05T00:00:00,1.0,0.113,0.0042,0.9068
101,2024-09-20T00:00:00,0.0,0.0166,0.0126,0.9312
101,2024-09-27T00:00:00,0.5,0.1134,0.0068,0.871
101,2024-10-04T00:00:00,1.0,0.1526,-0.0066,0.8696
102,2024-07-14T00:00:00,0.0,0.0577,-0.0083,0.8682
102,2024-07-21T00:00:00,0.5385,0.0853,0.0007,0.9287
102,2024-07-27T00:00:00,1.0,0.1648,0.005,0.9686
103,2024-08-04T00:00:00,0.0,0.0621,0.0094,0.906
103,2024-08-11T00:00:00,0.5833,0.1049,0.003,0.8892
103,2024-08-16T00:00:00,1.0,0.1871,0.0057,0.9375
104,2024-07-10T00:00:00,0.0,0.0526,-0.002,0.9351
104,2024-07-17T00:00:00,0.5,0.0775,0.0077,0.8911
104,2024-07-24T00:00:00,1.0,0.1561,-0.0045,0.9361
105,2024-04-05T00:00:00,0.0,0.0409,0.0032,0.9379
105,2024-04-12T00:00:00,0.875,0.1245,-0.0056,0.9766
105,2024-04-13T00:00:00,1.0,0.1462,0.0011,0.9243
106,2024-07-01T00:00:00,0.0,0.0249,0.0023,0.905
106,2024-07-06T00:00:00,1.0,0.1371,-0.0058,0.9303
107,2024-10-12T00:00:00,0.0,0.0726,0.0009,0.8283
107,2024-10-19T00:00:00,1.0,0.1289,-0.0022,0.9782
108,2024-12-07T00:00:00,0.0,0.0451,-0.0023,0.8163
108,2024-12-14T00:00:00,0.5385,0.0907,-0.0062,0.8498
108,2024-12-20T00:00:00,1.0,0.1524,-0.002,0.985
109,2024-08-20T00:00:00,0.0,0.0716,-0.003,0.8542
109,2024-08-27T00:00:00,0.875,0.1652,0.0083,0.7903
109,2024-08-28T00:00:00,1.0,0.1519,-0.0013,0.9325
110,2024-12-04T00:00:00,0.0,0.0889,-0.0024,0.797
110,2024-12-11T00:00:00,0.875,0.1491,0.0069,0.8848
110,2024-12-12T00:00:00,1.0,0.1359,-0.0022,0.9425
111,2024-01-25T00:00:00,0.0,0.0409,0.0016,0.9014
111,2024-02-01T00:00:00,1.0,0.1485,0.0035,0.8761
112,2024-05-30T00:00:00,0.0,0.0414,0.004,0.8507
112,2024-06-06T00:00:00,0.7778,0.1102,-0.0063,0.9425
112,2024-06-08T00:00:00,1.0,0.1479,-0.0066,0.9427
113,2024-02-11T00:00:00,0.0,0.0389,-0.0044,0.8902
113,2024-02-18T00:00:00,0.7778,0.1574,-0.002,0.9288
113,2024-02-20T00:00:00,1.0,0.1645,0.0022,0.9636
114,2024-06-11T00:00:00,0.0,0.0359,-0.0052,0.8469
114,2024-06-18T00:00:00,0.7778,0.1249,-0.0047,0.9074
114,2024-06-20T00:00:00,1.0,0.1515,0.0051,0.9146
115,2024-03-14T00:00:00,0.0,0.0417,0.0021,0.8485
115,2024-03-21T00:00:00,0.5385,0.1031,0.0016,0.9065
115,2024-03-27T00:00:00,1.0,0.1583,-0.0032,0.9576
116,2024-01-07T00:00:00,0.0,0.0864,-0.008,0.8392
116,2024-01-14T00:00:00,0.7,0.1209,-0.0013,0.9948
116,2024-01-17T00:00:00,1.0,0.1544,0.007,0.7975
117,2024-10-09T00:00:00,0.0,0.0663,-0.0036,0.8634
117,2024-10-16T00:00:00,0.5385,0.0989,-0.0071,0.9221
117,2024-10-22T00:00:00,1.0,0.1538,0.0013,0.9444
118,2024-12-04T00:00:00,0.0,0.0803,-0.0018,0.9239
118,2024-12-11T00:00:00,0.7778,0.1336,0.0019,0.9196
118,2024-12-13T00:00:00,1.0,0.1818,-0.0023,0.8237
119,2024-11-22T00:00:00,0.0,0.036,0.0038,0.9012
119,2024-11-27T00:00:00,1.0,0.1406,-0.0054,0.9111
120,2024-09-08T00:00:00,0.0,0.0629,0.0015,0.8873
120,2024-09-15T00:00:00,0.7,0.1229,0.0007,0.9095
120,2024-09-18T00:00:00,1.0,0.1263,0.001,0.878
121,2024-06-15T00:00:00,0.0,0.0708,0.0007,0.9418
121,2024-06-22T00:00:00,0.7,0.114,-0.0013,0.9747
121,2024-06-25T00:00:00,1.0,0.1587,-0.0036,0.9448
122,2024-08-07T00:00:00,0.0,0.0393,0.0011,0.9918
122,2024-08-13T00:00:00,1.0,0.1214,-0.0009,0.9204
123,2024-11-12T00:00:00,0.0,0.0653,-0.0062,0.8232
123,2024-11-19T00:00:00,0.5833,0.1301,-0.0036,0.8619
123,2024-11-24T00:00:00,1.0,0.181,0.0003,0.9038
124,2024-12-13T00:00:00,0.0,0.0464,-0.0061,0.9338
124,2024-12-20T00:00:00,1.0,0.1582,0.0008,0.8942
125,2024-11-07T00:00:00,0.0,0.0442,0.0046,0.8929
125,2024-11-12T00:00:00,1.0,0.1487,0.0026,0.9104
126,2024-02-27T00:00:00,0.0,0.0828,-0.0088,0.915
126,2024-03-05T00:00:00,0.7,0.1059,-0.0047,0.8771
126,2024-03-08T00:00:00,1.0,0.1511,0.0005,0.8241
127,2024-06-12T00:00:00,0.0,0.0392,0.0014,0.8562
127,2024-06-19T00:00:00,0.7778,0.1055,-0.0113,0.8668
127,2024-06-21T00:00:00,1.0,0.127,-0.0049,0.8864
128,2024-02-16T00:00:00,0.0,0.038,-0.0058,0.7942
128,2024-02-23T00:00:00,0.5385,0.1099,0.0038,0.8802
128,2024-02-29T00:00:00,1.0,0.1447,0.0,0.9789
129,2024-02-23T00:00:00,0.0,0.0186,-0.0021,0.8139
129,2024-03-01T00:00:00,0.7778,0.135,-0.0007,0.9101
129,2024-03-03T00:00:00,1.0,0.1531,0.005,0.9269
130,2024-08-11T00:00:00,0.0,0.0666,-0.0053,0.9597
130,2024-08-18T00:00:00,0.5,0.0856,-0.0033,0.9135
130,2024-08-25T00:00:00,1.0,0.156,-0.0054,0.8913
131,2024-06-04T00:00:00,0.0,0.0798,-0.0073,0.9743
131,2024-06-11T00:00:00,0.5833,0.1035,-0.0117,0.8317
131,2024-06-16T00:00:00,1.0,0.1307,-0.0031,0.8948
132,2024-03-30T00:00:00,0.0,-0.0041,0.0009,0.8472
132,2024-04-06T00:00:00,0.875,0.1653,-0.0014,0.9471
132,2024-04-07T00:00:00,1.0,0.1722,0.0054,0.8717
133,2024-02-10T00:00:00,0.0,0.0384,-0.0011,0.9318
133,2024-02-17T00:00:00,0.7778,0.1176,-0.0006,0.9137
133,2024-02-19T00:00:00,1.0,0.1319,-0.0048,0.8921
134,2024-07-30T00:00:00,0.0,0.0495,0.0022,0.9336
134,2024-08-06T00:00:00,0.5385,0.0819,-0.0041,0.8515
134,2024-08-12T00:00:00,1.0,0.1782,-0.0006,0.9008
135,2024-03-22T00:00:00,0.0,0.0512,-0.0036,0.9782
135,2024-03-29T00:00:00,0.7,0.1282,0.0002,0.8447
135,2024-04-01T00:00:00,1.0,0.1268,-0.0015,0.865
136,2024-01-10T00:00:00,0.0,0.0287,-0.0019,0.8892
136,2024-01-16T00:00:00,1.0,0.1528,-0.0025,0.8496
137,2024-04-28T00:00:00,0.0,0.0305,0.0061,0.8374
137,2024-05-05T00:00:00,0.7778,0.135,0.0026,0.8939
137,2024-05-07T00:00:00,1.0,0.1854,0.0025,0.9921
138,2024-08-11T00:00:00,0.0,0.037,-0.0032,0.9264
138,2024-08-17T00:00:00,1.0,0.1448,0.0084,0.9171
139,2024-10-08T00:00:00,0.0,0.0291,-0.0087,0.8961
139,2024-10-15T00:00:00,0.7778,0.126,0.0016,0.9605
139,2024-10-17T00:00:00,1.0,0.1716,-0.0029,0.8353
140,2024-04-07T00:00:00,0.0,0.0253,-0.0037,0.8817
140,2024-04-12T00:00:00,1.0,0.1561,-0.004,0.914
141,2024-11-06T00:00:00,0.0,0.0572,0.0007,0.8436
141,2024-11-13T00:00:00,0.7778,0.1371,0.0104,0.9123
141,2024-11-15T00:00:00,1.0,0.0909,0.0062,0.8649
142,2024-09-15T00:00:00,0.0,0.0953,0.0006,0.8158
142,2024-09-22T00:00:00,0.7778,0.0865,0.0077,0.9553
142,2024-09-24T00:00:00,1.0,0.1945,0.0001,0.8972
143,2024-06-13T00:00:00,0.0,0.0423,-0.0033,0.8804
143,2024-06-20T00:00:00,0.7778,0.1321,-0.0042,0.8165
143,2024-06-22T00:00:00,1.0,0.1532,-0.0043,0.738
144,2024-03-18T00:00:00,0.0,0.0611,-0.0055,0.9331
144,2024-03-25T00:00:00,0.7778,0.1405,0.0014,1.0
144,2024-03-27T00:00:00,1.0,0.1472,-0.0014,0.9342
145,2024-10-14T00:00:00,0.0,0.0489,0.0058,0.8366
145,2024-10-21T00:00:00,0.875,0.1125,0.0038,0.8418
145,2024-10-22T00:00:00,1.0,0.1622,0.0019,0.8653
146,2024-06-10T00:00:00,0.0,0.0573,-0.0062,0.85
146,2024-06-17T00:00:00,0.5,0.0953,0.0004,0.8848
146,2024-06-24T00:00:00,1.0,0.1587,0.0019,0.9765
147,2024-09-24T00:00:00,0.0,0.0481,0.006,0.946
147,2024-09-30T00:00:00,1.0,0.1959,-0.0006,0.879
148,2024-08-09T00:00:00,0.0,0.0752,0.0019,0.9641
148,2024-08-16T00:00:00,0.7778,0.1421,-0.0105,0.9188
148,2024-08-18T00:00:00,1.0,0.1562,0.0007,0.8934
149,2024-07-25T00:00:00,0.0,0.0182,0.0044,0.9187
149,2024-08-01T00:00:00,0.6364,0.1357,-0.0077,0.9254
149,2024-08-05T00:00:00,1.0,0.1453,0.0007,0.8888
150,2024-04-12T00:00:00,0.0,0.0609,-0.0008,0.8474
150,2024-04-19T00:00:00,1.0,0.1517,-0.0011,0.8958
151,2024-12-03T00:00:00,0.0,-0.0138,0.0034,0.8843
151,2024-12-09T00:00:00,1.0,0.123,0.0046,0.9318
152,2024-09-05T00:00:00,0.0,0.0435,-0.0058,0.9089
152,2024-09-12T00:00:00,0.875,0.14,0.0046,0.8778
152,2024-09-13T00:00:00,1.0,0.1739,-0.0027,0.8327
153,2024-04-15T00:00:00,0.0,0.0274,-0.0003,0.8967
153,2024-04-22T00:00:00,0.6364,0.1202,-0.0005,0.9489
153,2024-04-26T00:00:00,1.0,0.1448,-0.01,0.8939
154,2024-05-17T00:00:00,0.0,0.0099,0.0014,0.9529
154,2024-05-24T00:00:00,0.875,0.1178,0.0071,0.9421
154,2024-05-25T00:00:00,1.0,0.1741,0.0009,0.8504
155,2024-12-05T00:00:00,0.0,0.0656,-0.0031,0.9059
155,2024-12-10T00:00:00,1.0,0.1466,0.0056,0.9365
156,2024-02-22T00:00:00,0.0,0.0484,-0.0098,0.8682
156,2024-02-29T00:00:00,0.7,0.1341,0.0014,0.8248
156,2024-03-03T00:00:00,1.0,0.1139,0.001,0.8471
157,2024-07-01T00:00:00,0.0,0.0308,0.0034,0.9601
157,2024-07-08T00:00:00,0.4375,0.0787,-0.0002,0.8963
157,2024-07-15T00:00:00,0.875,0.1342,0.0002,0.9378
157,2024-07-17T00:00:00,1.0,0.1365,-0.0076,0.9845
158,2024-07-02T00:00:00,0.0,0.0718,-0.0055,0.9068
158,2024-07-09T00:00:00,0.5385,0.1241,0.0037,0.9231
158,2024-07-15T00:00:00,1.0,0.1466,0.0086,0.911
159,2024-04-02T00:00:00,0.0,0.0397,0.0044,0.9048
159,2024-04-09T00:00:00,0.35,0.092,0.001,0.9248
159,2024-04-16T00:00:00,0.7,0.1004,-0.0073,0.9717
159,2024-04-22T00:00:00,1.0,0.155,0.0039,0.812
160,2024-10-03T00:00:00,0.0,0.0713,-0.0026,0.8597
160,2024-10-10T00:00:00,0.5833,0.1071,-0.0049,0.8999
160,2024-10-15T00:00:00,1.0,0.1473,0.0053,0.9757
161,2024-01-22T00:00:00,0.0,0.0796,-0.0113,0.8532
161,2024-01-29T00:00:00,0.3182,0.0363,-0.006,0.8675
161,2024-02-05T00:00:00,0.6364,0.1218,-0.0026,0.8754
161,2024-02-12T00:00:00,0.9545,0.1491,-0.0085,0.8581
161,2024-02-13T00:00:00,1.0,0.1399,-0.001,0.9038
162,2024-08-20T00:00:00,0.0,0.08,0.0045,0.8615
162,2024-08-27T00:00:00,0.5,0.0948,-0.0016,0.8743
162,2024-09-03T00:00:00,1.0,0.1555,-0.0093,0.944
163,2024-08-05T00:00:00,0.0,0.0839,-0.0013,0.8855
163,2024-08-12T00:00:00,0.3043,0.0836,0.0051,0.8838
163,2024-08-19T00:00:00,0.6087,0.1295,0.0024,1.0
163,2024-08-26T00:00:00,0.913,0.1347,-0.0099,0.8284
163,2024-08-28T00:00:00,1.0,0.1502,0.0051,0.8674
164,2024-02-16T00:00:00,0.0,0.0454,0.0034,0.8517
164,2024-02-23T00:00:00,0.3889,0.0767,-0.0058,0.9589
164,2024-03-01T00:00:00,0.7778,0.1586,-0.0079,0.8929
164,2024-03-05T00:00:00,1.0,0.1781,0.002,0.8755
165,2024-04-16T00:00:00,0.0,0.0191,0.0058,0.918
165,2024-04-23T00:00:00,0.3043,0.051,0.0059,0.82
165,2024-04-30T00:00:00,0.6087,0.1065,-0.0013,0.9809
165,2024-05-07T00:00:00,0.913,0.1361,-0.0013,0.8318
165,2024-05-09T00:00:00,1.0,0.1372,-0.0041,0.8617
166,2024-09-13T00:00:00,0.0,0.0501,-0.0122,0.8245
166,2024-09-20T00:00:00,0.5385,0.1016,0.0006,0.8883
166,2024-09-26T00:00:00,1.0,0.1492,-0.002,0.8991
167,2024-06-28T00:00:00,0.0,0.0587,0.0021,0.8656
167,2024-07-05T00:00:00,0.3182,0.1001,0.0008,0.9616
167,2024-07-12T00:00:00,0.6364,0.1423,-0.0072,0.857
167,2024-07-19T00:00:00,0.9545,0.1617,-0.0083,0.971
167,2024-07-20T00:00:00,1.0,0.1431,0.0029,0.8942
168,2024-01-28T00:00:00,0.0,0.0222,0.0053,1.0
168,2024-02-04T00:00:00,0.3043,0.0701,-0.0016,0.7675
168,2024-02-11T00:00:00,0.6087,0.1379,0.0046,0.8133
168,2024-02-18T00:00:00,0.913,0.1,-0.0097,0.9323
168,2024-02-20T00:00:00,1.0,0.1649,-0.0046,0.925
169,2024-06-02T00:00:00,0.0,0.0532,-0.0018,0.9485
169,2024-06-09T00:00:00,0.3182,0.0577,0.0057,0.8636
169,2024-06-16T00:00:00,0.6364,0.1493,-0.005,0.8824
169,2024-06-23T00:00:00,0.9545,0.1466,0.0003,0.9245
169,2024-06-24T00:00:00,1.0,0.1243,-0.0002,0.9069
170,2024-01-03T00:00:00,0.0,0.0394,0.002,0.8327
170,2024-01-10T00:00:00,0.4375,0.0872,-0.0038,0.8838
170,2024-01-17T00:00:00,0.875,0.1664,0.0073,0.9635
170,2024-01-19T00:00:00,1.0,0.1408,0.0045,0.9056
171,2024-10-20T00:00:00,0.0,0.0509,-0.0004,0.9879
171,2024-10-27T00:00:00,0.3684,0.1142,0.0037,0.8915
171,2024-11-03T00:00:00,0.7368,0.1245,0.0027,0.8739
171,2024-11-08T00:00:00,1.0,0.1688,-0.0046,0.9196
172,2024-01-28T00:00:00,0.0,0.0042,-0.0028,1.0
172,2024-02-04T00:00:00,0.4375,0.1145,0.0077,0.8666
172,2024-02-11T00:00:00,0.875,0.1396,0.0064,0.9317
172,2024-02-13T00:00:00,1.0,0.1602,0.0082,0.848
173,2024-08-18T00:00:00,0.0,0.0463,-0.0088,0.8452
173,2024-08-25T00:00:00,0.7,0.1415,-0.0046,0.9368
173,2024-08-28T00:00:00,1.0,0.1832,-0.0009,0.926
174,2024-07-30T00:00:00,0.0,0.0649,-0.0061,0.8692
174,2024-08-06T00:00:00,0.3182,0.0617,-0.0027,0.9358
174,2024-08-13T00:00:00,0.6364,0.1017,-0.0002,0.8479
174,2024-08-20T00:00:00,0.9545,0.17,-0.0027,0.9761
174,2024-08-21T00:00:00,1.0,0.1512,-0.007,0.8914
175,2024-08-20T00:00:00,0.0,0.0287,0.0029,0.8869
175,2024-08-27T00:00:00,0.5833,0.1116,-0.0018,0.8722
175,2024-09-01T00:00:00,1.0,0.1305,0.0042,0.8913
176,2024-02-03T00:00:00,0.0,0.0437,-0.001,0.8661
176,2024-02-10T00:00:00,0.2917,0.0729,0.001,0.8483
176,2024-02-17T00:00:00,0.5833,0.0905,0.0069,0.8819
176,2024-02-24T00:00:00,0.875,0.1265,-0.0067,0.9425
176,2024-02-27T00:00:00,1.0,0.1289,-0.0001,0.8146
177,2024-08-23T00:00:00,0.0,0.0664,0.0059,0.9242
177,2024-08-30T00:00:00,0.7,0.0893,0.0042,0.8586
177,2024-09-02T00:00:00,1.0,0.1266,-0.0019,0.8798
178,2024-06-28T00:00:00,0.0,0.0399,0.0064,1.0
178,2024-07-05T00:00:00,0.4667,0.0693,-0.0034,0.9071
178,2024-07-12T00:00:00,0.9333,0.1356,0.002,0.9458
178,2024-07-13T00:00:00,1.0,0.165,0.003,0.983
179,2024-08-16T00:00:00,0.0,0.0182,0.0074,0.8794
179,2024-08-23T00:00:00,0.35,0.1007,-0.0051,0.8546
179,2024-08-30T00:00:00,0.7,0.1332,-0.0096,0.9495
179,2024-09-05T00:00:00,1.0,0.1752,0.0009,0.9071
180,2024-10-03T00:00:00,0.0,0.0333,0.0034,0.9174
180,2024-10-10T00:00:00,0.4667,0.0782,-0.002,0.892
180,2024-10-17T00:00:00,0.9333,0.1355,-0.0068,0.935
180,2024-10-18T00:00:00,1.0,0.1451,0.0001,0.8711
181,2024-12-15T00:00:00,0.0,0.0595,0.001,0.9606
181,2024-12-22T00:00:00,0.5385,0.1135,-0.001,0.863
181,2024-12-28T00:00:00,1.0,0.1673,-0.0014,0.8914
182,2024-09-03T00:00:00,0.0,0.0466,-0.002,0.8923
182,2024-09-10T00:00:00,0.3889,0.1274,-0.0052,0.8593
182,2024-09-17T00:00:00,0.7778,0.1555,-0.0019,0.8775
182,2024-09-21T00:00:00,1.0,0.1707,-0.0071,0.9411
183,2024-02-05T00:00:00,0.0,0.0509,0.0023,0.9223
183,2024-02-12T00:00:00,0.5,0.0874,0.0053,0.8725
183,2024-02-19T00:00:00,1.0,0.1582,0.0062,0.9689
184,2024-08-07T00:00:00,0.0,0.0447,0.0023,0.882
184,2024-08-14T00:00:00,0.5385,0.1539,0.0039,0.9042
184,2024-08-20T00:00:00,1.0,0.1563,0.002,0.9218
185,2024-04-03T00:00:00,0.0,0.0452,-0.002,0.8924
185,2024-04-10T00:00:00,0.4667,0.0739,0.0036,0.8599
185,2024-04-17T00:00:00,0.9333,0.1221,-0.0001,0.8935
185,2024-04-18T00:00:00,1.0,0.155,-0.0028,0.8804
186,2024-07-12T00:00:00,0.0,0.0638,0.0032,0.9295
186,2024-07-19T00:00:00,0.3043,0.0811,0.0008,0.9115
186,2024-07-26T00:00:00,0.6087,0.0977,0.0074,0.9666
186,2024-08-02T00:00:00,0.913,0.1572,-0.0021,0.927
186,2024-08-04T00:00:00,1.0,0.1696,-0.0061,0.9847
187,2024-06-21T00:00:00,0.0,0.0152,0.0035,0.9727
187,2024-06-28T00:00:00,0.5833,0.1061,-0.0008,0.9334
187,2024-07-03T00:00:00,1.0,0.187,-0.0014,0.861
188,2024-04-27T00:00:00,0.0,0.0415,-0.0078,0.9449
188,2024-05-04T00:00:00,0.3684,0.0766,-0.001,0.9455
188,2024-05-11T00:00:00,0.7368,0.1161,0.0038,0.8481
188,2024-05-16T00:00:00,1.0,0.1692,0.0017,0.8956
189,2024-01-20T00:00:00,0.0,0.0526,-0.0064,0.9054
189,2024-01-27T00:00:00,0.7,0.1172,-0.0063,0.8664
189,2024-01-30T00:00:00,1.0,0.1474,-0.003,0.7794
190,2024-11-15T00:00:00,0.0,0.0715,-0.0007,0.7863
190,2024-11-22T00:00:00,0.3043,0.1231,0.0062,0.8826
190,2024-11-29T00:00:00,0.6087,0.094,0.002,0.9101
190,2024-12-06T00:00:00,0.913,0.1521,-0.0042,0.9549
190,2024-12-08T00:00:00,1.0,0.1405,0.0034,0.8602
191,2024-09-15T00:00:00,0.0,0.103,0.0035,1.0
191,2024-09-22T00:00:00,0.3182,0.0984,-0.0028,0.9415
191,2024-09-29T00:00:00,0.6364,0.1316,0.0019,0.9315
191,2024-10-06T00:00:00,0.9545,0.1607,-0.005,0.8468
191,2024-10-07T00:00:00,1.0,0.1341,0.0006,0.8888
192,2024-01-10T00:00:00,0.0,0.0305,0.0039,0.9142
192,2024-01-17T00:00:00,0.4118,0.0946,-0.0013,0.8811
192,2024-01-24T00:00:00,0.8235,0.1155,0.0047,0.8648
192,2024-01-27T00:00:00,1.0,0.1542,0.0083,0.8834
193,2024-01-13T00:00:00,0.0,0.0692,0.0028,0.9156
193,2024-01-20T00:00:00,0.3333,0.0919,-0.0005,0.9017
193,2024-01-27T00:00:00,0.6667,0.1057,0.0002,0.8707
193,2024-02-03T00:00:00,1.0,0.1701,-0.0085,0.9241
194,2024-11-14T00:00:00,0.0,0.0567,0.0012,0.9512
194,2024-11-21T00:00:00,0.7,0.1143,0.0013,0.8142
194,2024-11-24T00:00:00,1.0,0.1417,0.0043,0.833
195,2024-02-07T00:00:00,0.0,0.0532,-0.0034,0.8945
195,2024-02-14T00:00:00,0.3889,0.0765,-0.0062,0.9193
195,2024-02-21T00:00:00,0.7778,0.1268,0.0031,0.9397
195,2024-02-25T00:00:00,1.0,0.1745,0.0007,0.9634
196,2024-11-13T00:00:00,0.0,0.0305,0.0045,0.923
196,2024-11-20T00:00:00,0.5,0.1047,0.0022,0.852
196,2024-11-27T00:00:00,1.0,0.1261,0.0085,0.8916
197,2024-05-16T00:00:00,0.0,0.0463,-0.0055,0.8259
197,2024-05-23T00:00:00,0.4118,0.0894,-0.0017,0.9001
197,2024-05-30T00:00:00,0.8235,0.1341,0.0124,0.8831
197,2024-06-02T00:00:00,1.0,0.1816,0.0082,0.9377
198,2024-10-22T00:00:00,0.0,0.0453,-0.0068,0.9239
198,2024-10-29T00:00:00,0.7,0.1404,0.0087,0.8525
198,2024-11-01T00:00:00,1.0,0.1451,-0.0047,0.8683
199,2024-08-16T00:00:00,0.0,0.0633,-0.0034,0.8588
199,2024-08-23T00:00:00,0.35,0.1009,0.0023,0.9175
199,2024-08-30T00:00:00,0.7,0.1069,0.0065,0.9007
199,2024-09-05T00:00:00,1.0,0.1976,0.0008,0.7833
200,2024-01-05T00:00:00,0.0,0.0024,0.0031,0.965
200,2024-01-12T00:00:00,0.5,0.0843,0.0105,0.9831
200,2024-01-19T00:00:00,1.0,0.1542,0.0027,0.9447
201,2024-02-11T00:00:00,0.0,0.0878,0.0034,0.9094
201,2024-02-18T00:00:00,0.3182,0.0953,0.0027,0.9462
201,2024-02-25T00:00:00,0.6364,0.0822,0.0016,0.923
201,2024-03-03T00:00:00,0.9545,0.144,0.0039,0.9961
201,2024-03-04T00:00:00,1.0,0.1528,0.0035,0.9803
202,2024-10-21T00:00:00,0.0,0.0532,-0.0044,0.9308
202,2024-10-28T00:00:00,0.4118,0.0471,-0.0115,0.9167
202,2024-11-04T00:00:00,0.8235,0.0855,-0.0066,0.881
202,2024-11-07T00:00:00,1.0,0.1356,-0.0007,0.9556
203,2024-01-23T00:00:00,0.0,0.0548,-0.0042,0.9677
203,2024-01-30T00:00:00,0.7,0.0914,0.0011,0.823
203,2024-02-02T00:00:00,1.0,0.155,-0.0016,0.9541
204,2024-08-12T00:00:00,0.0,0.0644,-0.0029,0.8611
204,2024-08-19T00:00:00,0.7,0.1137,0.0094,0.981
204,2024-08-22T00:00:00,1.0,0.1306,0.004,0.8134
205,2024-11-04T00:00:00,0.0,0.0411,-0.0046,0.9535
205,2024-11-11T00:00:00,0.3043,0.0546,0.0021,0.9
205,2024-11-18T00:00:00,0.6087,0.1074,0.0084,0.988
205,2024-11-25T00:00:00,0.913,0.1384,-0.0017,0.8247
205,2024-11-27T00:00:00,1.0,0.1499,0.0098,0.8936
206,2024-07-16T00:00:00,0.0,0.0646,-0.007,0.8783
206,2024-07-23T00:00:00,0.4375,0.103,0.0005,0.9412
206,2024-07-30T00:00:00,0.875,0.1254,-0.0087,0.9561
206,2024-08-01T00:00:00,1.0,0.1313,0.0025,0.9225
207,2024-02-11T00:00:00,0.0,0.0167,0.0052,0.8717
207,2024-02-18T00:00:00,0.5833,0.1094,-0.0018,0.9811
207,2024-02-23T00:00:00,1.0,0.1769,-0.0091,1.0
208,2024-08-18T00:00:00,0.0,0.0364,0.0105,0.8872
208,2024-08-25T00:00:00,0.5385,0.097,-0.0012,0.88
208,2024-08-31T00:00:00,1.0,0.2005,-0.0004,0.8849
209,2024-04-06T00:00:00,0.0,0.0515,-0.0048,0.9799
209,2024-04-13T00:00:00,0.3889,0.0595,-0.0031,0.9468
209,2024-04-20T00:00:00,0.7778,0.1286,0.0027,0.9767
209,2024-04-24T00:00:00,1.0,0.1701,0.0007,1.0
210,2024-09-10T00:00:00,0.0,0.0374,-0.0005,0.8985
210,2024-09-17T00:00:00,0.7,0.118,-0.0053,0.8208
210,2024-09-20T00:00:00,1.0,0.1583,-0.0032,0.9954
211,2024-01-05T00:00:00,0.0,0.0485,-0.0013,0.9547
211,2024-01-12T00:00:00,0.3684,0.0949,-0.0009,0.868
211,2024-01-19T00:00:00,0.7368,0.1968,0.0018,0.9542
211,2024-01-24T00:00:00,1.0,0.1295,-0.0029,1.0
212,2024-06-07T00:00:00,0.0,0.0779,0.0023,0.8809
212,2024-06-14T00:00:00,0.4667,0.092,-0.0034,0.8422
212,2024-06-21T00:00:00,0.9333,0.1618,0.0027,0.9368
212,2024-06-22T00:00:00,1.0,0.1433,0.0013,0.8784
213,2024-07-02T00:00:00,0.0,0.0355,0.0083,0.9061
213,2024-07-09T00:00:00,0.5385,0.114,0.0042,0.9067
213,2024-07-15T00:00:00,1.0,0.1548,-0.0054,0.8552
214,2024-02-16T00:00:00,0.0,0.031,0.003,0.9035
214,2024-02-23T00:00:00,0.3182,0.0639,0.0029,0.9272
214,2024-03-01T00:00:00,0.6364,0.0997,-0.0001,0.9274
214,2024-03-08T00:00:00,0.9545,0.1283,0.0028,0.9151
214,2024-03-09T00:00:00,1.0,0.13,0.0011,0.9183
215,2024-10-18T00:00:00,0.0,0.0375,-0.0027,0.8496
215,2024-10-25T00:00:00,0.5833,0.0994,-0.0001,0.8728
215,2024-10-30T00:00:00,1.0,0.1203,-0.0034,0.8791
216,2024-09-10T00:00:00,0.0,0.0663,0.003,0.9418
216,2024-09-17T00:00:00,0.35,0.0702,0.0007,0.7788
216,2024-09-24T00:00:00,0.7,0.1286,0.0031,0.8824
216,2024-09-30T00:00:00,1.0,0.1559,-0.0076,0.8599
217,2024-07-18T00:00:00,0.0,0.0653,0.0026,0.8794
217,2024-07-25T00:00:00,0.4667,0.1129,0.0007,0.8748
217,2024-08-01T00:00:00,0.9333,0.1397,-0.0023,0.8408
217,2024-08-02T00:00:00,1.0,0.1751,-0.0028,0.8584
218,2024-04-20T00:00:00,0.0,0.0194,-0.0132,0.9351
218,2024-04-27T00:00:00,0.3889,0.1048,0.006,0.8925
218,2024-05-04T00:00:00,0.7778,0.1213,-0.0025,0.8792
218,2024-05-08T00:00:00,1.0,0.1724,-0.0001,0.9189
219,2024-10-19T00:00:00,0.0,0.0412,0.0066,0.8048
219,2024-10-26T00:00:00,0.5,0.0756,0.0019,0.9875
219,2024-11-02T00:00:00,1.0,0.1455,-0.0042,0.95
220,2024-02-20T00:00:00,0.0,0.0565,0.0065,0.8355
220,2024-02-27T00:00:00,0.3889,0.1131,-0.0077,0.8856
220,2024-03-05T00:00:00,0.7778,0.136,0.0009,0.953
220,2024-03-09T00:00:00,1.0,0.1135,0.0007,0.96
221,2024-09-23T00:00:00,0.0,0.0512,-0.0057,0.9504
221,2024-09-30T00:00:00,0.4667,0.0837,-0.0041,0.8525
221,2024-10-07T00:00:00,0.9333,0.1394,0.0009,0.8365
221,2024-10-08T00:00:00,1.0,0.1287,-0.0035,0.8523
222,2024-12-11T00:00:00,0.0,0.0507,0.0018,0.9112
222,2024-12-18T00:00:00,0.5,0.1045,0.0084,0.9212
222,2024-12-25T00:00:00,1.0,0.1657,-0.0021,0.9472
223,2024-11-08T00:00:00,0.0,0.0408,0.0021,0.8314
223,2024-11-15T00:00:00,0.4375,0.0971,-0.0049,0.9468
223,2024-11-22T00:00:00,0.875,0.155,-0.0023,1.0
223,2024-11-24T00:00:00,1.0,0.1443,-0.0081,0.861
224,2024-05-28T00:00:00,0.0,0.0291,0.0019,0.8382
224,2024-06-04T00:00:00,0.5833,0.0975,0.0016,0.9069
224,2024-06-09T00:00:00,1.0,0.1497,0.0006,0.8815
225,2024-07-20T00:00:00,0.0,0.0179,-0.002,0.9234
225,2024-07-27T00:00:00,0.3889,0.0862,0.002,0.8707
225,2024-08-03T00:00:00,0.7778,0.1477,-0.0128,0.9071
225,2024-08-07T00:00:00,1.0,0.177,0.0075,0.8884
226,2024-10-17T00:00:00,0.0,0.0235,0.0068,0.8974
226,2024-10-24T00:00:00,0.3684,0.0837,-0.0045,0.8375
226,2024-10-31T00:00:00,0.7368,0.135,0.0033,0.9101
226,2024-11-05T00:00:00,1.0,0.1347,-0.0053,0.8284
227,2024-03-15T00:00:00,0.0,0.0388,-0.005,0.8145
227,2024-03-22T00:00:00,0.3684,0.0999,-0.0066,0.9492
227,2024-03-29T00:00:00,0.7368,0.1316,0.0015,0.9833
227,2024-04-03T00:00:00,1.0,0.1243,0.0044,0.8851
228,2024-12-12T00:00:00,0.0,0.1014,-0.0019,0.8729
228,2024-12-19T00:00:00,0.6364,0.1221,-0.001,0.8621
228,2024-12-23T00:00:00,1.0,0.1306,0.0073,0.8418
229,2024-01-25T00:00:00,0.0,0.0545,0.0053,0.9552
229,2024-02-01T00:00:00,0.4118,0.0791,-0.001,0.88
229,2024-02-08T00:00:00,0.8235,0.1017,0.0027,0.9019
229,2024-02-11T00:00:00,1.0,0.1788,-0.0041,0.9544
230,2024-12-09T00:00:00,0.0,0.0732,0.0002,0.7915
230,2024-12-16T00:00:00,0.5,0.0897,0.0089,0.9149
230,2024-12-23T00:00:00,1.0,0.1639,-0.0004,0.8888
231,2024-06-04T00:00:00,0.0,0.0127,0.004,0.954
231,2024-06-11T00:00:00,0.3684,0.0678,-0.0009,0.8843
231,2024-06-18T00:00:00,0.7368,0.1321,-0.0027,0.9466
231,2024-06-23T00:00:00,1.0,0.1514,-0.0127,0.9221
232,2024-12-02T00:00:00,0.0,0.0699,-0.0058,0.9204
232,2024-12-09T00:00:00,0.4375,0.1303,0.0006,0.9571
232,2024-12-16T00:00:00,0.875,0.1287,-0.0001,0.8898
232,2024-12-18T00:00:00,1.0,0.1423,-0.0007,0.8185
233,2024-04-27T00:00:00,0.0,0.0434,0.0067,0.8518
233,2024-05-04T00:00:00,0.5385,0.0825,0.0003,0.9056
233,2024-05-10T00:00:00,1.0,0.1575,-0.0006,0.9036
234,2024-09-13T00:00:00,0.0,0.043,-0.0064,0.8964
234,2024-09-20T00:00:00,0.4375,0.1082,0.0026,0.8128
234,2024-09-27T00:00:00,0.875,0.1425,-0.0045,0.9696
234,2024-09-29T00:00:00,1.0,0.1565,0.0045,0.9011
235,2024-07-29T00:00:00,0.0,0.0487,0.0075,0.9486
235,2024-08-05T00:00:00,0.35,0.0874,-0.001,0.8146
235,2024-08-12T00:00:00,0.7,0.1265,-0.0006,0.9277
235,2024-08-18T00:00:00,1.0,0.1672,0.0062,0.9168
236,2024-01-18T00:00:00,0.0,0.0291,-0.0107,0.8588
236,2024-01-25T00:00:00,0.5833,0.135,0.0091,0.8881
236,2024-01-30T00:00:00,1.0,0.1208,-0.0032,0.9569
237,2024-04-22T00:00:00,0.0,0.0382,0.0029,0.9084
237,2024-04-29T00:00:00,0.6364,0.1278,0.0091,0.9295
237,2024-05-03T00:00:00,1.0,0.1529,0.0096,0.9175
238,2024-05-11T00:00:00,0.0,0.0341,0.0034,0.9224
238,2024-05-18T00:00:00,0.2917,0.073,-0.0026,0.8851
238,2024-05-25T00:00:00,0.5833,0.0977,-0.0013,0.8579
238,2024-06-01T00:00:00,0.875,0.1452,0.0016,0.9173
238,2024-06-04T00:00:00,1.0,0.1488,-0.0009,0.9721
239,2024-05-10T00:00:00,0.0,0.0513,0.0063,0.8502
239,2024-05-17T00:00:00,0.4375,0.1055,-0.0037,0.8722
239,2024-05-24T00:00:00,0.875,0.1293,-0.0024,0.8765
239,2024-05-26T00:00:00,1.0,0.1743,0.0002,0.9113
240,2024-03-27T00:00:00,0.0,0.0409,0.0043,0.9178
240,2024-04-03T00:00:00,0.3333,0.0772,-0.0079,0.9108
240,2024-04-10T00:00:00,0.6667,0.1282,-0.0049,0.8852
240,2024-04-17T00:00:00,1.0,0.1607,-0.0079,0.8676
241,2024-01-08T00:00:00,0.0,0.0575,0.0055,1.0
241,2024-01-15T00:00:00,0.3182,0.121,0.0007,0.8758
241,2024-01-22T00:00:00,0.6364,0.1321,-0.0027,0.8619
241,2024-01-29T00:00:00,0.9545,0.1393,-0.0022,0.9206
241,2024-01-30T00:00:00,1.0,0.138,0.0004,0.9797
242,2024-09-11T00:00:00,0.0,0.0524,0.0076,0.9601
242,2024-09-18T00:00:00,0.5833,0.1202,-0.0018,0.952
242,2024-09-23T00:00:00,1.0,0.145,-0.0,0.9165
243,2024-08-26T00:00:00,0.0,0.0499,-0.0036,0.8236
243,2024-09-02T00:00:00,0.3889,0.1081,0.0029,0.814
243,2024-09-09T00:00:00,0.7778,0.1128,0.0009,0.9221
243,2024-09-13T00:00:00,1.0,0.1196,-0.0004,0.927
244,2024-04-01T00:00:00,0.0,0.043,0.0013,0.8756
244,2024-04-08T00:00:00,0.7,0.1382,-0.004,0.8429
244,2024-04-11T00:00:00,1.0,0.1506,-0.0072,0.7947
245,2024-04-05T00:00:00,0.0,0.0717,-0.0049,0.8333
245,2024-04-12T00:00:00,0.5833,0.0921,-0.0043,0.8929
245,2024-04-17T00:00:00,1.0,0.1281,0.0025,0.9323
246,2024-06-13T00:00:00,0.0,0.0245,-0.0031,0.8738
246,2024-06-20T00:00:00,0.5385,0.1005,0.0054,0.957
246,2024-06-26T00:00:00,1.0,0.2,-0.0113,0.8538
247,2024-01-07T00:00:00,0.0,0.0863,-0.009,0.9896
247,2024-01-14T00:00:00,0.6364,0.1166,0.0009,0.836
247,2024-01-18T00:00:00,1.0,0.141,0.0087,0.8976
248,2024-03-25T00:00:00,0.0,0.0411,0.002,0.8904
248,2024-04-01T00:00:00,0.4375,0.1007,-0.0042,0.8961
248,2024-04-08T00:00:00,0.875,0.1247,-0.009,0.9241
248,2024-04-10T00:00:00,1.0,0.1253,-0.0008,0.9463
249,2024-07-06T00:00:00,0.0,0.02,0.003,0.885
249,2024-07-13T00:00:00,0.3182,0.0625,0.0101,0.9
249,2024-07-20T00:00:00,0.6364,0.1023,-0.0039,0.9441
249,2024-07-27T00:00:00,0.9545,0.1332,0.0038,0.8999
249,2024-07-28T00:00:00,1.0,0.1723,-0.0052,0.8548
250,2024-07-15T00:00:00,0.0,0.0444,-0.001,0.8823
250,2024-07-22T00:00:00,0.2917,0.1318,0.0103,0.915
250,2024-07-29T00:00:00,0.5833,0.1167,-0.0012,0.8475
250,2024-08-05T00:00:00,0.875,0.1339,0.0039,0.9653
250,2024-08-08T00:00:00,1.0,0.1699,-0.0075,0.8855
251,2024-04-28T00:00:00,0.0,0.0206,0.0058,0.8794
251,2024-05-05T00:00:00,0.4375,0.0928,0.0024,1.0
251,2024-05-12T00:00:00,0.875,0.1429,-0.0012,0.8379
251,2024-05-14T00:00:00,1.0,0.1792,-0.0009,0.9829
252,2024-09-12T00:00:00,0.0,0.0721,-0.0023,0.8304
252,2024-09-19T00:00:00,0.5,0.1055,-0.0031,0.902
252,2024-09-26T00:00:00,1.0,0.171,-0.0083,0.9132
253,2024-12-07T00:00:00,0.0,0.0652,0.004,0.8318
253,2024-12-14T00:00:00,0.5,0.1084,0.006,0.9172
253,2024-12-21T00:00:00,1.0,0.1477,0.0057,0.8653
254,2024-06-06T00:00:00,0.0,0.0194,-0.001,0.9268
254,2024-06-13T00:00:00,0.3684,0.1076,0.0027,0.9418
254,2024-06-20T00:00:00,0.7368,0.1446,-0.0017,0.8926
254,2024-06-25T00:00:00,1.0,0.1757,-0.0061,0.9215
255,2024-04-24T00:00:00,0.0,0.0357,0.0055,0.8991
255,2024-05-01T00:00:00,0.6364,0.1138,0.0086,0.8462
255,2024-05-05T00:00:00,1.0,0.1543,-0.0009,0.9266
256,2024-08-24T00:00:00,0.0,0.0886,-0.003,0.8401
256,2024-08-31T00:00:00,0.6364,0.0974,-0.0012,0.9032
256,2024-09-04T00:00:00,1.0,0.1523,0.009,0.9812
257,2024-10-04T00:00:00,0.0,0.0761,0.0126,0.9412
257,2024-10-11T00:00:00,0.4667,0.1188,0.004,0.932
257,2024-10-18T00:00:00,0.9333,0.1512,-0.002,0.8377
257,2024-10-19T00:00:00,1.0,0.1474,0.0028,0.9036
258,2024-01-29T00:00:00,0.0,0.0287,-0.0008,0.8891
258,2024-02-05T00:00:00,0.3684,0.0856,0.0025,0.9353
258,2024-02-12T00:00:00,0.7368,0.1137,0.0049,0.9566
258,2024-02-17T00:00:00,1.0,0.1564,0.0033,0.9492
259,2024-03-15T00:00:00,0.0,0.028,0.0053,0.8605
259,2024-03-22T00:00:00,0.5,0.0861,0.001,0.7928
259,2024-03-29T00:00:00,1.0,0.1535,0.0049,0.8177
260,2024-02-10T00:00:00,0.0,0.0718,-0.0035,0.9103
260,2024-02-17T00:00:00,0.3684,0.0758,0.0029,0.9512
260,2024-02-24T00:00:00,0.7368,0.1366,-0.0,0.8762
260,2024-02-29T00:00:00,1.0,0.1486,0.0033,0.9345
261,2024-06-01T00:00:00,0.0,0.061,-0.0064,0.8988
261,2024-06-08T00:00:00,0.5,0.0873,0.0033,0.8618
261,2024-06-15T00:00:00,1.0,0.159,-0.0014,0.806
262,2024-12-07T00:00:00,0.0,0.0686,-0.0001,0.9638
262,2024-12-14T00:00:00,0.3684,0.0535,-0.0015,0.8892
262,2024-12-21T00:00:00,0.7368,0.1291,-0.0066,0.9272
262,2024-12-26T00:00:00,1.0,0.1882,0.0024,0.9046
263,2024-06-16T00:00:00,0.0,0.0225,-0.0039,0.8972
263,2024-06-23T00:00:00,0.35,0.0744,0.0051,0.9267
263,2024-06-30T00:00:00,0.7,0.1738,-0.0049,0.9017
263,2024-07-06T00:00:00,1.0,0.1223,-0.0111,0.9361
264,2024-06-21T00:00:00,0.0,0.0599,-0.0043,0.9047
264,2024-06-28T00:00:00,0.4375,0.0812,-0.0025,0.884
264,2024-07-05T00:00:00,0.875,0.1196,-0.0036,0.8656
264,2024-07-07T00:00:00,1.0,0.1585,-0.0139,0.8886
265,2024-03-04T00:00:00,0.0,0.0282,-0.0053,0.8737
265,2024-03-11T00:00:00,0.3043,0.0801,-0.0011,0.8468
265,2024-03-18T00:00:00,0.6087,0.1253,-0.0045,0.8633
265,2024-03-25T00:00:00,0.913,0.147,0.0016,0.8694
265,2024-03-27T00:00:00,1.0,0.0913,-0.0044,0.9081
266,2024-06-29T00:00:00,0.0,0.0638,-0.0004,0.8761
266,2024-07-06T00:00:00,0.5833,0.1542,-0.0019,0.9306
266,2024-07-11T00:00:00,1.0,0.1233,-0.0055,0.9324
267,2024-05-28T00:00:00,0.0,0.0709,-0.0019,0.8076
267,2024-06-04T00:00:00,0.3182,0.0785,0.0009,0.9049
267,2024-06-11T00:00:00,0.6364,0.1024,-0.0008,0.8625
267,2024-06-18T00:00:00,0.9545,0.1232,0.0038,0.9049
267,2024-06-19T00:00:00,1.0,0.147,-0.0025,0.891
268,2024-07-05T00:00:00,0.0,0.0532,0.0086,0.9327
268,2024-07-12T00:00:00,0.7,0.1067,-0.0033,0.8594
268,2024-07-15T00:00:00,1.0,0.146,-0.0041,0.9237
269,2024-04-07T00:00:00,0.0,-0.0029,0.0027,0.9138
269,2024-04-14T00:00:00,0.4667,0.1219,0.0044,0.8658
269,2024-04-21T00:00:00,0.9333,0.1586,-0.0008,0.8033
269,2024-04-22T00:00:00,1.0,0.1532,-0.0031,0.9
270,2024-03-09T00:00:00,0.0,0.083,0.0011,0.8491
270,2024-03-16T00:00:00,0.4667,0.116,0.0018,0.8432
270,2024-03-23T00:00:00,0.9333,0.1112,-0.0049,0.9418
270,2024-03-24T00:00:00,1.0,0.144,0.0004,0.8331
271,2024-08-26T00:00:00,0.0,0.0673,-0.0101,0.8672
271,2024-09-02T00:00:00,0.5385,0.1122,-0.0056,0.9307
271,2024-09-08T00:00:00,1.0,0.1326,-0.0061,0.9643
272,2024-12-02T00:00:00,0.0,0.0531,0.0026,0.9509
272,2024-12-09T00:00:00,0.5385,0.0515,0.0032,0.8619
272,2024-12-15T00:00:00,1.0,0.1374,0.0022,0.8818
273,2024-03-13T00:00:00,0.0,0.0619,-0.0002,0.9084
273,2024-03-20T00:00:00,0.3684,0.077,-0.0053,0.863
273,2024-03-27T00:00:00,0.7368,0.1216,0.0092,0.9736
273,2024-04-01T00:00:00,1.0,0.1369,0.0003,0.8856
274,2024-08-04T00:00:00,0.0,0.0526,0.0013,0.9264
274,2024-08-11T00:00:00,0.7,0.062,0.0018,0.8801
274,2024-08-14T00:00:00,1.0,0.1359,0.004,0.9733
275,2024-02-08T00:00:00,0.0,0.0638,-0.0026,0.8462
275,2024-02-15T00:00:00,0.3889,0.0288,0.0009,0.929
275,2024-02-22T00:00:00,0.7778,0.1257,0.0047,0.834
275,2024-02-26T00:00:00,1.0,0.1466,-0.0013,0.8945
276,2024-04-17T00:00:00,0.0,0.0734,-0.0005,0.8853
276,2024-04-24T00:00:00,0.5,0.0813,0.0066,0.8284
276,2024-05-01T00:00:00,1.0,0.1389,0.0085,0.9234
277,2024-01-12T00:00:00,0.0,0.0496,0.0001,0.8527
277,2024-01-19T00:00:00,0.6364,0.1123,-0.0017,0.909
277,2024-01-23T00:00:00,1.0,0.1199,0.002,0.9508
278,2024-01-17T00:00:00,0.0,0.0459,0.0032,0.9155
278,2024-01-24T00:00:00,0.3182,0.0697,-0.0053,0.8541
278,2024-01-31T00:00:00,0.6364,0.1195,-0.0003,0.9638
278,2024-02-07T00:00:00,0.9545,0.1613,0.0039,0.9132
278,2024-02-08T00:00:00,1.0,0.1308,0.0016,0.9032
279,2024-10-29T00:00:00,0.0,0.0272,0.006,0.9551
279,2024-11-05T00:00:00,0.7,0.0971,-0.0032,0.8725
279,2024-11-08T00:00:00,1.0,0.1622,0.0025,0.9022
280,2024-05-28T00:00:00,0.0,0.0555,-0.0064,0.9191
280,2024-06-04T00:00:00,0.4118,0.0892,-0.0034,0.8234
280,2024-06-11T00:00:00,0.8235,0.1329,0.0018,0.8149
280,2024-06-14T00:00:00,1.0,0.1504,0.0006,0.8723
281,2024-07-16T00:00:00,0.0,0.0576,-0.0007,0.9142
281,2024-07-23T00:00:00,0.4667,0.1074,0.0027,0.9508
281,2024-07-30T00:00:00,0.9333,0.1501,-0.0024,0.8676
281,2024-07-31T00:00:00,1.0,0.1287,0.0008,0.9661
282,2024-09-24T00:00:00,0.0,0.0428,0.0022,0.8624
282,2024-10-01T00:00:00,0.3889,0.0928,0.0063,0.9343
282,2024-10-08T00:00:00,0.7778,0.0964,0.0029,0.9308
282,2024-10-12T00:00:00,1.0,0.1535,0.0033,0.8583
283,2024-10-14T00:00:00,0.0,0.0513,0.0056,0.951
283,2024-10-21T00:00:00,0.2917,0.0901,-0.0044,0.848
283,2024-10-28T00:00:00,0.5833,0.1106,0.0009,0.895
283,2024-11-04T00:00:00,0.875,0.1214,0.0022,0.9055
283,2024-11-07T00:00:00,1.0,0.1558,0.003,0.8863
284,2024-10-08T00:00:00,0.0,0.0402,0.0055,0.8621
284,2024-10-15T00:00:00,0.4375,0.0844,0.0062,0.8726
284,2024-10-22T00:00:00,0.875,0.1355,-0.0021,0.8108
284,2024-10-24T00:00:00,1.0,0.1475,-0.0051,0.9127
285,2024-09-26T00:00:00,0.0,0.0721,-0.0111,0.8797
285,2024-10-03T00:00:00,0.4375,0.1028,-0.0109,0.9668
285,2024-10-10T00:00:00,0.875,0.1451,0.0054,0.8718
285,2024-10-12T00:00:00,1.0,0.1411,-0.0008,1.0
286,2024-06-24T00:00:00,0.0,0.0764,0.0007,0.9127
286,2024-07-01T00:00:00,0.3889,0.1016,0.012,0.9191
286,2024-07-08T00:00:00,0.7778,0.1287,-0.0017,0.9117
286,2024-07-12T00:00:00,1.0,0.1383,0.0025,0.8284
287,2024-03-22T00:00:00,0.0,0.0448,0.0037,0.9185
287,2024-03-29T00:00:00,0.3182,0.0726,-0.0012,0.9518
287,2024-04-05T00:00:00,0.6364,0.0894,-0.006,0.8535
287,2024-04-12T00:00:00,0.9545,0.1452,-0.0068,0.9477
287,2024-04-13T00:00:00,1.0,0.1315,0.0011,0.871
288,2024-04-12T00:00:00,0.0,0.0487,-0.008,0.9501
288,2024-04-19T00:00:00,0.5833,0.0891,-0.0053,1.0
288,2024-04-24T00:00:00,1.0,0.1611,0.0048,0.9229
289,2024-07-06T00:00:00,0.0,0.041,-0.0065,0.8851
289,2024-07-13T00:00:00,0.3333,0.0638,-0.0046,0.8208
289,2024-07-20T00:00:00,0.6667,0.119,0.0079,0.9279
289,2024-07-27T00:00:00,1.0,0.1479,-0.0002,0.7476
290,2024-06-19T00:00:00,0.0,0.0415,-0.0071,0.9067
290,2024-06-26T00:00:00,0.5,0.0948,-0.0043,0.9056
290,2024-07-03T00:00:00,1.0,0.1521,0.0076,0.9343
291,2024-02-08T00:00:00,0.0,0.0543,-0.0047,0.8463
291,2024-02-15T00:00:00,0.3333,0.0953,-0.001,0.9125
291,2024-02-22T00:00:00,0.6667,0.1362,-0.0076,0.9699
291,2024-02-29T00:00:00,1.0,0.1694,-0.0103,1.0
292,2024-12-14T00:00:00,0.0,0.0564,-0.0024,0.926
292,2024-12-21T00:00:00,0.5385,0.0843,0.0027,0.8603
292,2024-12-27T00:00:00,1.0,0.1904,0.0003,0.9325
293,2024-01-16T00:00:00,0.0,0.0343,0.0041,0.8994
293,2024-01-23T00:00:00,0.7,0.0918,-0.0012,0.9966
293,2024-01-26T00:00:00,1.0,0.1672,-0.0019,0.8065
294,2024-06-18T00:00:00,0.0,0.0334,-0.007,0.8077
294,2024-06-25T00:00:00,0.5833,0.124,0.0003,0.9898
294,2024-06-30T00:00:00,1.0,0.13,-0.0,0.8303
295,2024-02-08T00:00:00,0.0,0.0381,-0.0011,0.8813
295,2024-02-15T00:00:00,0.5833,0.1094,0.0049,0.9433
295,2024-02-20T00:00:00,1.0,0.1346,-0.0002,0.9397
296,2024-11-13T00:00:00,0.0,0.0707,-0.0033,0.9354
296,2024-11-20T00:00:00,0.3182,0.0884,-0.0053,0.94
296,2024-11-27T00:00:00,0.6364,0.1167,-0.0087,0.8853
296,2024-12-04T00:00:00,0.9545,0.1463,-0.003,0.9614
296,2024-12-05T00:00:00,1.0,0.1753,-0.0019,0.8754
297,2024-08-26T00:00:00,0.0,0.0474,-0.001,0.8704
297,2024-09-02T00:00:00,0.3333,0.0092,0.0088,0.9
297,2024-09-09T00:00:00,0.6667,0.1131,0.0016,0.896
297,2024-09-16T00:00:00,1.0,0.1414,-0.005,0.8081
298,2024-03-05T00:00:00,0.0,0.0229,-0.0056,0.9325
298,2024-03-12T00:00:00,0.5385,0.1183,-0.0044,0.7668
298,2024-03-18T00:00:00,1.0,0.1502,-0.0021,0.8777
299,2024-05-21T00:00:00,0.0,0.0691,0.0007,0.8512
299,2024-05-28T00:00:00,0.3182,0.0577,-0.0013,0.8547
299,2024-06-04T00:00:00,0.6364,0.1122,0.0051,0.831
299,2024-06-11T00:00:00,0.9545,0.1472,0.0046,0.8957
299,2024-06-12T00:00:00,1.0,0.1644,-0.0014,0.9085
300,2024-10-19T00:00:00,0.0,0.0588,-0.0029,0.9995
300,2024-10-26T00:00:00,0.6364,0.1252,0.0065,0.9536
300,2024-10-30T00:00:00,1.0,0.1565,0.0069,0.9094
301,2024-03-13T00:00:00,0.0,0.0354,0.0001,0.8497
301,2024-03-20T00:00:00,0.3043,0.0384,-0.0043,0.9036
301,2024-03-27T00:00:00,0.6087,0.1321,-0.0043,0.9505
301,2024-04-03T00:00:00,0.913,0.1171,-0.0046,0.9725
301,2024-04-05T00:00:00,1.0,0.151,-0.0009,0.9118
302,2024-05-19T00:00:00,0.0,0.0259,-0.0017,0.9001
302,2024-05-26T00:00:00,0.4118,0.1158,-0.0084,0.9881
302,2024-06-02T00:00:00,0.8235,0.1299,-0.0056,0.8354
302,2024-06-05T00:00:00,1.0,0.1555,-0.0067,0.872
303,2024-07-16T00:00:00,0.0,0.045,0.0057,0.9509
303,2024-07-23T00:00:00,0.35,0.0721,-0.0011,0.8202
303,2024-07-30T00:00:00,0.7,0.0792,-0.0061,0.9562
303,2024-08-05T00:00:00,1.0,0.1656,0.0019,0.8271
304,2024-03-02T00:00:00,0.0,0.0358,-0.0043,0.8917
304,2024-03-09T00:00:00,0.35,0.0804,-0.005,0.9175
304,2024-03-16T00:00:00,0.7,0.1246,-0.0036,0.9152
304,2024-03-22T00:00:00,1.0,0.1725,0.0071,0.9245
305,2024-02-21T00:00:00,0.0,0.0592,-0.0012,0.9515
305,2024-02-28T00:00:00,0.4375,0.0723,0.0046,0.8856
305,2024-03-06T00:00:00,0.875,0.1673,0.0029,0.8966
305,2024-03-08T00:00:00,1.0,0.1453,0.0026,0.9239
306,2024-03-03T00:00:00,0.0,0.042,0.0005,0.9448
306,2024-03-10T00:00:00,0.3182,0.0546,0.0036,0.9261
306,2024-03-17T00:00:00,0.6364,0.1374,-0.0036,0.9003
306,2024-03-24T00:00:00,0.9545,0.1496,0.0037,0.9215
306,2024-03-25T00:00:00,1.0,0.1252,0.0015,1.0
307,2024-11-25T00:00:00,0.0,0.0622,0.0082,0.9522
307,2024-12-02T00:00:00,0.3182,0.1091,0.0015,0.9261
307,2024-12-09T00:00:00,0.6364,0.1187,0.0,0.9371
307,2024-12-16T00:00:00,0.9545,0.135,0.0094,0.8536
307,2024-12-17T00:00:00,1.0,0.1662,0.0069,0.8912
308,2024-08-28T00:00:00,0.0,0.0277,0.0058,0.9102
308,2024-09-04T00:00:00,0.3684,0.1031,-0.0005,0.9866
308,2024-09-11T00:00:00,0.7368,0.0813,0.0019,0.9671
308,2024-09-16T00:00:00,1.0,0.1521,0.0015,0.8783
309,2024-01-05T00:00:00,0.0,0.0504,-0.0084,0.8641
309,2024-01-12T00:00:00,0.4667,0.0809,0.0033,0.8714
309,2024-01-19T00:00:00,0.9333,0.1325,-0.0019,0.8626
309,2024-01-20T00:00:00,1.0,0.1554,0.0019,0.9413
310,2024-01-09T00:00:00,0.0,0.0631,0.0028,0.8836
310,2024-01-16T00:00:00,0.7,0.1121,-0.0044,0.8555
310,2024-01-19T00:00:00,1.0,0.1539,-0.0036,0.9734
311,2024-03-01T00:00:00,0.0,0.0492,0.0075,0.9286
311,2024-03-08T00:00:00,0.7,0.1045,-0.0003,0.8163
311,2024-03-11T00:00:00,1.0,0.1538,-0.0034,0.8443
312,2024-03-02T00:00:00,0.0,0.0804,0.0052,0.9502
312,2024-03-09T00:00:00,0.6364,0.1293,-0.0062,0.88
312,2024-03-13T00:00:00,1.0,0.1432,-0.0085,0.8721
313,2024-09-25T00:00:00,0.0,0.0391,0.0006,1.0
313,2024-10-02T00:00:00,0.5833,0.1079,0.0006,0.8875
313,2024-10-07T00:00:00,1.0,0.1648,-0.0054,0.9948
314,2024-04-07T00:00:00,0.0,0.0475,-0.002,0.9485
314,2024-04-14T00:00:00,0.5385,0.086,0.0036,0.9703
314,2024-04-20T00:00:00,1.0,0.1452,0.0103,0.9322
315,2024-05-02T00:00:00,0.0,0.0631,0.0068,0.9815
315,2024-05-09T00:00:00,0.5833,0.1136,0.004,0.9698
315,2024-05-14T00:00:00,1.0,0.1268,-0.0086,0.8971
316,2024-08-13T00:00:00,0.0,0.0149,-0.0016,0.9157
316,2024-08-20T00:00:00,0.3889,0.0834,-0.0007,0.8499
316,2024-08-27T00:00:00,0.7778,0.1435,-0.0053,0.7949
316,2024-08-31T00:00:00,1.0,0.1459,0.0046,0.904
317,2024-09-17T00:00:00,0.0,0.0267,0.0005,0.9219
317,2024-09-24T00:00:00,0.3889,0.0907,-0.0013,0.9243
317,2024-10-01T00:00:00,0.7778,0.093,-0.0045,0.8347
317,2024-10-05T00:00:00,1.0,0.177,0.0036,0.9093
318,2024-02-07T00:00:00,0.0,0.021,0.0037,0.9693
318,2024-02-14T00:00:00,0.3333,0.0948,-0.0002,0.9316
318,2024-02-21T00:00:00,0.6667,0.1221,0.0046,0.9452
318,2024-02-28T00:00:00,1.0,0.1456,-0.0033,0.88
319,2024-02-06T00:00:00,0.0,0.0607,-0.0017,0.8625
319,2024-02-13T00:00:00,0.6364,0.1136,0.0055,0.9068
319,2024-02-17T00:00:00,1.0,0.1445,0.0016,0.9042
320,2024-02-09T00:00:00,0.0,0.0113,0.0035,0.9204
320,2024-02-16T00:00:00,0.6364,0.114,0.0053,0.9606
320,2024-02-20T00:00:00,1.0,0.166,-0.0043,0.8592
321,2024-02-25T00:00:00,0.0,0.0723,-0.0094,0.8926
321,2024-03-03T00:00:00,0.5833,0.1171,-0.0088,0.9117
321,2024-03-08T00:00:00,1.0,0.1691,-0.0074,0.9829
322,2024-08-24T00:00:00,0.0,0.0298,0.0029,0.8958
322,2024-08-31T00:00:00,0.35,0.0864,-0.0064,0.963
322,2024-09-07T00:00:00,0.7,0.1265,0.0081,0.8371
322,2024-09-13T00:00:00,1.0,0.1464,0.001,0.903
323,2024-12-01T00:00:00,0.0,0.0633,-0.001,1.0
323,2024-12-08T00:00:00,0.5833,0.1091,-0.0144,0.9042
323,2024-12-13T00:00:00,1.0,0.1752,-0.0046,0.8507
324,2024-02-14T00:00:00,0.0,0.0332,-0.0054,0.876
324,2024-02-21T00:00:00,0.3182,0.1,0.0076,0.7788
324,2024-02-28T00:00:00,0.6364,0.1061,0.0015,0.9101
324,2024-03-06T00:00:00,0.9545,0.1835,-0.0101,0.7705
324,2024-03-07T00:00:00,1.0,0.1912,0.0038,0.8714
325,2024-07-09T00:00:00,0.0,0.0534,0.0012,0.8702
325,2024-07-16T00:00:00,0.5385,0.1067,0.0018,1.0
325,2024-07-22T00:00:00,1.0,0.1693,0.0087,0.8328
326,2024-08-22T00:00:00,0.0,0.0431,0.0012,0.8039
326,2024-08-29T00:00:00,0.5,0.1236,0.0032,0.8816
326,2024-09-05T00:00:00,1.0,0.1463,0.0063,0.8602
327,2024-01-23T00:00:00,0.0,0.0759,-0.0013,0.9378
327,2024-01-30T00:00:00,0.2917,0.0809,0.0112,0.8556
327,2024-02-06T00:00:00,0.5833,0.0969,-0.0075,0.8452
327,2024-02-13T00:00:00,0.875,0.1518,0.008,0.9413
327,2024-02-16T00:00:00,1.0,0.1499,-0.0045,0.9449
328,2024-03-22T00:00:00,0.0,0.031,-0.0067,0.8846
328,2024-03-29T00:00:00,0.2917,0.0385,-0.0069,0.9943
328,2024-04-05T00:00:00,0.5833,0.077,-0.0059,0.9036
328,2024-04-12T00:00:00,0.875,0.14,-0.0012,0.7998
328,2024-04-15T00:00:00,1.0,0.167,-0.0022,0.961
329,2024-08-11T00:00:00,0.0,0.0371,0.0049,0.9648
329,2024-08-18T00:00:00,0.6364,0.1043,0.0044,0.8336
329,2024-08-22T00:00:00,1.0,0.1553,0.0061,0.9259
330,2024-08-10T00:00:00,0.0,0.0981,0.0029,0.8817
330,2024-08-17T00:00:00,0.7,0.1768,0.0082,0.8199
330,2024-08-20T00:00:00,1.0,0.1343,-0.0052,0.9323
331,2024-03-14T00:00:00,0.0,0.0614,0.0028,0.8185
331,2024-03-21T00:00:00,0.4667,0.0839,-0.0007,0.8089
331,2024-03-28T00:00:00,0.9333,0.1259,0.0068,0.8223
331,2024-03-29T00:00:00,1.0,0.1791,0.0055,0.8855
332,2024-10-04T00:00:00,0.0,0.037,0.0042,0.8606
332,2024-10-11T00:00:00,0.3182,0.0671,-0.0001,0.7935
332,2024-10-18T00:00:00,0.6364,0.0846,-0.0016,0.9238
332,2024-10-25T00:00:00,0.9545,0.1294,-0.001,0.8193
332,2024-10-26T00:00:00,1.0,0.1686,0.0011,0.9154
333,2024-11-19T00:00:00,0.0,0.0598,0.0004,0.8758
333,2024-11-26T00:00:00,0.6364,0.1362,0.0008,0.8917
333,2024-11-30T00:00:00,1.0,0.1498,-0.0001,0.8912
334,2024-07-11T00:00:00,0.0,0.0589,-0.0047,0.8569
334,2024-07-18T00:00:00,0.7,0.1312,-0.0007,0.9486
334,2024-07-21T00:00:00,1.0,0.1582,-0.0028,0.9288
335,2024-09-26T00:00:00,0.0,0.0739,0.0022,0.9333
335,2024-10-03T00:00:00,0.6364,0.1102,0.005,0.871
335,2024-10-07T00:00:00,1.0,0.1568,0.0128,0.9269
336,2024-01-07T00:00:00,0.0,0.0416,-0.0021,0.8964
336,2024-01-14T00:00:00,0.5385,0.1209,0.0007,0.8676
336,2024-01-20T00:00:00,1.0,0.137,0.0008,0.9021
337,2024-03-19T00:00:00,0.0,0.0591,0.0046,1.0
337,2024-03-26T00:00:00,0.2917,0.0499,0.0034,0.9049
337,2024-04-02T00:00:00,0.5833,0.0714,0.0062,0.9211
337,2024-04-09T00:00:00,0.875,0.1535,-0.0085,0.889
337,2024-04-12T00:00:00,1.0,0.1284,0.0108,0.9572
338,2024-01-26T00:00:00,0.0,0.0364,-0.0077,0.9097
338,2024-02-02T00:00:00,0.4375,0.1156,-0.0087,0.8534
338,2024-02-09T00:00:00,0.875,0.1154,0.0043,0.8815
338,2024-02-11T00:00:00,1.0,0.1434,0.0009,0.8561
339,2024-04-08T00:00:00,0.0,0.0211,0.0068,0.9731
339,2024-04-15T00:00:00,0.7,0.1236,0.0013,0.9631
339,2024-04-18T00:00:00,1.0,0.1531,-0.0021,0.902
340,2024-10-11T00:00:00,0.0,0.0779,0.0003,0.8665
340,2024-10-18T00:00:00,0.2917,0.0821,0.0033,0.9268
340,2024-10-25T00:00:00,0.5833,0.1194,-0.0041,0.9385
340,2024-11-01T00:00:00,0.875,0.1381,-0.0036,0.9381
340,2024-11-04T00:00:00,1.0,0.1409,-0.0079,0.85
341,2024-03-24T00:00:00,0.0,0.0464,0.0029,0.8568
341,2024-03-31T00:00:00,0.2917,0.0744,-0.0061,0.9491
341,2024-04-07T00:00:00,0.5833,0.1427,0.008,0.9482
341,2024-04-14T00:00:00,0.875,0.1548,-0.0104,0.9089
341,2024-04-17T00:00:00,1.0,0.1401,0.0044,0.7731
342,2024-08-23T00:00:00,0.0,0.0539,-0.0011,0.9559
342,2024-08-30T00:00:00,0.3043,0.1114,-0.0046,0.8558
342,2024-09-06T00:00:00,0.6087,0.1155,0.0087,0.903
342,2024-09-13T00:00:00,0.913,0.1157,-0.003,0.9101
342,2024-09-15T00:00:00,1.0,0.1548,-0.0035,0.8687
343,2024-03-24T00:00:00,0.0,0.0304,0.0057,0.8583
343,2024-03-31T00:00:00,0.35,0.0757,-0.0025,0.8197
343,2024-04-07T00:00:00,0.7,0.1027,0.0061,0.8395
343,2024-04-13T00:00:00,1.0,0.1307,-0.0067,0.8955
344,2024-09-13T00:00:00,0.0,0.0877,-0.0007,0.9033
344,2024-09-20T00:00:00,0.5,0.0841,-0.0003,0.9615
344,2024-09-27T00:00:00,1.0,0.1529,0.0107,0.963
345,2024-06-11T00:00:00,0.0,0.0483,-0.0005,0.9815
345,2024-06-18T00:00:00,0.3182,0.0846,0.007,1.0
345,2024-06-25T00:00:00,0.6364,0.1096,0.0018,0.949
345,2024-07-02T00:00:00,0.9545,0.1608,0.0038,0.8333
345,2024-07-03T00:00:00,1.0,0.133,-0.0025,0.9607
346,2024-01-12T00:00:00,0.0,0.0253,0.0076,0.939
346,2024-01-19T00:00:00,0.4118,0.1143,-0.0046,0.9036
346,2024-01-26T00:00:00,0.8235,0.1383,0.0013,0.9148
346,2024-01-29T00:00:00,1.0,0.1445,0.0007,0.9517
347,2024-04-02T00:00:00,0.0,0.0267,0.0077,0.9491
347,2024-04-09T00:00:00,0.7,0.1007,0.0019,0.9451
347,2024-04-12T00:00:00,1.0,0.1253,0.0002,0.8961
348,2024-07-17T00:00:00,0.0,0.0371,0.0005,0.87
348,2024-07-24T00:00:00,0.5385,0.1313,-0.0031,0.9396
348,2024-07-30T00:00:00,1.0,0.1169,-0.0008,0.9006
349,2024-02-15T00:00:00,0.0,0.0461,-0.002,0.8666
349,2024-02-22T00:00:00,0.3333,0.0984,0.005,0.8959
349,2024-02-29T00:00:00,0.6667,0.0947,0.009,0.856
349,2024-03-07T00:00:00,1.0,0.1208,-0.0101,0.905
350,2024-08-23T00:00:00,0.0,0.0457,0.0052,0.9306
350,2024-08-30T00:00:00,0.7,0.1258,-0.0014,0.9555
350,2024-09-02T00:00:00,1.0,0.1873,0.005,0.8768
351,2024-11-14T00:00:00,0.0,0.0656,-0.002,0.8447
351,2024-11-21T00:00:00,0.4667,0.0787,-0.0018,0.9052
351,2024-11-28T00:00:00,0.9333,0.1845,-0.0044,0.9662
351,2024-11-29T00:00:00,1.0,0.1437,-0.0101,0.8747
352,2024-12-09T00:00:00,0.0,0.0735,0.0017,0.9202
352,2024-12-16T00:00:00,0.5,0.1266,-0.0052,0.8474
352,2024-12-23T00:00:00,1.0,0.1047,0.0044,0.9281
353,2024-09-30T00:00:00,0.0,0.0645,-0.0059,0.8198
353,2024-10-07T00:00:00,0.5,0.0736,-0.0046,0.9777
353,2024-10-14T00:00:00,1.0,0.17,-0.0023,0.915
354,2024-10-27T00:00:00,0.0,0.0364,0.0018,0.8431
354,2024-11-03T00:00:00,0.35,0.1,-0.0042,0.9403
354,2024-11-10T00:00:00,0.7,0.1115,-0.004,0.9806
354,2024-11-16T00:00:00,1.0,0.1535,-0.0016,0.9379
355,2024-09-23T00:00:00,0.0,0.0232,0.0055,0.893
355,2024-09-30T00:00:00,0.3889,0.1009,-0.0077,0.8809
355,2024-10-07T00:00:00,0.7778,0.1279,0.0052,0.934
355,2024-10-11T00:00:00,1.0,0.1422,0.0016,0.9628
356,2024-03-16T00:00:00,0.0,0.046,-0.0015,0.8055
356,2024-03-23T00:00:00,0.3889,0.0833,-0.0087,0.8943
356,2024-03-30T00:00:00,0.7778,0.1475,-0.0106,0.9617
356,2024-04-03T00:00:00,1.0,0.1434,-0.0001,0.8749
357,2024-05-27T00:00:00,0.0,0.0157,-0.0039,1.0
357,2024-06-03T00:00:00,0.3333,0.0614,-0.0079,0.9071
357,2024-06-10T00:00:00,0.6667,0.115,-0.0016,0.9007
357,2024-06-17T00:00:00,1.0,0.1629,-0.0029,0.9097
358,2024-01-02T00:00:00,0.0,0.0705,-0.005,0.7839
358,2024-01-09T00:00:00,0.3333,0.0967,0.0125,0.8996
358,2024-01-16T00:00:00,0.6667,0.1207,-0.0015,0.9794
358,2024-01-23T00:00:00,1.0,0.1484,-0.0009,0.9455
359,2024-03-17T00:00:00,0.0,0.0403,-0.0064,0.9441
359,2024-03-24T00:00:00,0.3182,0.07,-0.0049,1.0
359,2024-03-31T00:00:00,0.6364,0.1101,0.0025,0.9015
359,2024-04-07T00:00:00,0.9545,0.1277,0.0034,0.9157
359,2024-04-08T00:00:00,1.0,0.1368,0.0022,0.8743
360,2024-06-14T00:00:00,0.0,0.0279,-0.006,0.9135
360,2024-06-21T00:00:00,0.6364,0.106,0.0075,0.8979
360,2024-06-25T00:00:00,1.0,0.1343,0.0008,0.8353
361,2024-10-31T00:00:00,0.0,0.0483,0.0016,0.9098
361,2024-11-07T00:00:00,0.3684,0.1129,0.013,0.9336
361,2024-11-14T00:00:00,0.7368,0.1473,0.0127,0.8497
361,2024-11-19T00:00:00,1.0,0.1526,-0.0024,0.9421
362,2024-09-18T00:00:00,0.0,0.0554,-0.0041,0.9005
362,2024-09-25T00:00:00,0.3889,0.1098,-0.0065,0.8601
362,2024-10-02T00:00:00,0.7778,0.1088,0.0016,0.962
362,2024-10-06T00:00:00,1.0,0.1098,0.0005,0.8538
363,2024-07-22T00:00:00,0.0,0.0701,-0.0012,0.9065
363,2024-07-29T00:00:00,0.6364,0.1136,0.0056,1.0
363,2024-08-02T00:00:00,1.0,0.1273,-0.0048,0.9161
364,2024-11-13T00:00:00,0.0,0.0337,0.0047,0.9547
364,2024-11-20T00:00:00,0.3333,0.0724,-0.0038,0.8863
364,2024-11-27T00:00:00,0.6667,0.1187,0.0016,0.7874
364,2024-12-04T00:00:00,1.0,0.1307,-0.002,0.8602
365,2024-11-09T00:00:00,0.0,-0.0073,-0.0094,0.8347
365,2024-11-16T00:00:00,0.5385,0.1015,-0.0022,0.8684
365,2024-11-22T00:00:00,1.0,0.1659,0.004,0.9075
366,2024-01-14T00:00:00,0.0,0.0524,-0.0043,0.8632
366,2024-01-21T00:00:00,0.3333,0.0492,-0.0013,0.9393
366,2024-01-28T00:00:00,0.6667,0.1438,-0.0012,0.9246
366,2024-02-04T00:00:00,1.0,0.0929,-0.0022,0.8772
367,2024-03-27T00:00:00,0.0,0.0798,0.002,0.9247
367,2024-04-03T00:00:00,0.3333,0.0922,0.0002,0.9766
367,2024-04-10T00:00:00,0.6667,0.0706,0.0007,0.9565
367,2024-04-17T00:00:00,1.0,0.1122,0.0042,0.8619
368,2024-05-26T00:00:00,0.0,0.0522,-0.0039,0.948
368,2024-06-02T00:00:00,0.3684,0.0811,0.0042,0.9218
368,2024-06-09T00:00:00,0.7368,0.1078,0.0025,0.8668
368,2024-06-14T00:00:00,1.0,0.1513,-0.0015,0.945
369,2024-04-28T00:00:00,0.0,0.0608,-0.0002,0.8657
369,2024-05-05T00:00:00,0.3182,0.0564,0.0007,0.8684
369,2024-05-12T00:00:00,0.6364,0.0761,-0.0067,0.9813
369,2024-05-19T00:00:00,0.9545,0.1323,0.0054,0.8822
369,2024-05-20T00:00:00,1.0,0.1748,0.0058,0.8587
370,2024-03-22T00:00:00,0.0,0.0102,-0.0095,0.8596
370,2024-03-29T00:00:00,0.3333,0.1211,-0.0021,0.9073
370,2024-04-05T00:00:00,0.6667,0.1427,0.0006,0.9038
370,2024-04-12T00:00:00,1.0,0.1625,0.0014,0.895
371,2024-02-06T00:00:00,0.0,0.0356,0.0004,0.9547
371,2024-02-13T00:00:00,0.4667,0.1323,0.0015,0.9378
371,2024-02-20T00:00:00,0.9333,0.1487,-0.0004,0.9257
371,2024-02-21T00:00:00,1.0,0.1738,-0.0044,0.8274
372,2024-05-10T00:00:00,0.0,0.0393,0.0011,0.9435
372,2024-05-17T00:00:00,0.35,0.0652,-0.0124,0.8745
372,2024-05-24T00:00:00,0.7,0.1161,-0.0058,0.8622
372,2024-05-30T00:00:00,1.0,0.1673,0.0004,0.9173
373,2024-04-02T00:00:00,0.0,0.0429,-0.0038,0.8819
373,2024-04-09T00:00:00,0.3182,0.0918,-0.0075,0.9825
373,2024-04-16T00:00:00,0.6364,0.1251,-0.0027,0.9407
373,2024-04-23T00:00:00,0.9545,0.1699,-0.0017,0.8892
373,2024-04-24T00:00:00,1.0,0.1799,0.0106,0.9015
374,2024-10-31T00:00:00,0.0,0.0268,-0.0024,0.9517
374,2024-11-07T00:00:00,0.3333,0.0627,-0.001,0.9146
374,2024-11-14T00:00:00,0.6667,0.0982,0.0055,0.9347
374,2024-11-21T00:00:00,1.0,0.1902,0.0039,0.852
375,2024-01-24T00:00:00,0.0,0.0606,0.0049,0.952
375,2024-01-31T00:00:00,0.3182,0.0663,-0.0045,0.843
375,2024-02-07T00:00:00,0.6364,0.1457,0.0031,0.8589
375,2024-02-14T00:00:00,0.9545,0.148,-0.0006,0.8514
375,2024-02-15T00:00:00,1.0,0.1507,0.001,0.9966
376,2024-01-20T00:00:00,0.0,0.0369,-0.0085,0.8476
376,2024-01-27T00:00:00,0.3333,0.0655,-0.0021,0.8477
376,2024-02-03T00:00:00,0.6667,0.1331,-0.0056,0.901
376,2024-02-10T00:00:00,1.0,0.19,0.0028,0.9225
377,2024-04-05T00:00:00,0.0,0.0871,0.0062,0.9283
377,2024-04-12T00:00:00,0.7,0.1138,-0.0001,0.8964
377,2024-04-15T00:00:00,1.0,0.142,0.0011,0.9175
378,2024-08-15T00:00:00,0.0,0.0251,0.0082,0.9205
378,2024-08-22T00:00:00,0.5,0.0947,0.0011,0.9465
378,2024-08-29T00:00:00,1.0,0.1207,-0.0005,0.8407
379,2024-10-21T00:00:00,0.0,0.1031,0.0007,0.8411
379,2024-10-28T00:00:00,0.4667,0.1687,-0.0027,0.8895
379,2024-11-04T00:00:00,0.9333,0.1406,-0.0042,0.9124
379,2024-11-05T00:00:00,1.0,0.1058,0.0054,0.8436
380,2024-09-02T00:00:00,0.0,0.0417,0.0038,0.8898
380,2024-09-09T00:00:00,0.3684,0.0836,-0.0051,1.0
380,2024-09-16T00:00:00,0.7368,0.1343,-0.0054,0.9089
380,2024-09-21T00:00:00,1.0,0.1269,0.0086,0.91
381,2024-01-21T00:00:00,0.0,0.0305,0.0035,0.8861
381,2024-01-28T00:00:00,0.4118,0.0654,0.0019,0.9176
381,2024-02-04T00:00:00,0.8235,0.1551,0.0003,0.9054
381,2024-02-07T00:00:00,1.0,0.1532,0.008,0.8845
382,2024-01-08T00:00:00,0.0,0.0594,0.0031,0.9175
382,2024-01-15T00:00:00,0.3684,0.0799,0.0006,0.8953
382,2024-01-22T00:00:00,0.7368,0.1629,-0.0023,0.8544
382,2024-01-27T00:00:00,1.0,0.1499,-0.0004,0.9098
383,2024-01-14T00:00:00,0.0,0.0409,0.0006,0.9065
383,2024-01-21T00:00:00,0.3333,0.1015,0.0005,0.9051
383,2024-01-28T00:00:00,0.6667,0.127,0.0043,0.8508
383,2024-02-04T00:00:00,1.0,0.125,0.0085,0.9352
384,2024-11-20T00:00:00,0.0,0.0456,0.0001,0.8804
384,2024-11-27T00:00:00,0.5,0.1042,-0.0049,0.942
384,2024-12-04T00:00:00,1.0,0.1535,0.0011,0.8553
385,2024-04-20T00:00:00,0.0,0.0605,-0.0044,0.8654
385,2024-04-27T00:00:00,0.3333,0.0851,0.0125,0.9086
385,2024-05-04T00:00:00,0.6667,0.0653,-0.0032,0.9342
385,2024-05-11T00:00:00,1.0,0.1274,0.0042,0.9079
386,2024-03-24T00:00:00,0.0,0.0698,-0.0028,0.8682
386,2024-03-31T00:00:00,0.3889,0.1002,-0.0,0.8966
386,2024-04-07T00:00:00,0.7778,0.1592,0.003,0.8005
386,2024-04-11T00:00:00,1.0,0.166,0.0035,0.9592
387,2024-12-10T00:00:00,0.0,0.0312,0.0016,0.9056
387,2024-12-17T00:00:00,0.7,0.1008,0.0047,0.8879
387,2024-12-20T00:00:00,1.0,0.1731,-0.0037,0.827
388,2024-09-17T00:00:00,0.0,0.0451,0.0012,0.8733
388,2024-09-24T00:00:00,0.5,0.0387,0.0019,0.9189
388,2024-10-01T00:00:00,1.0,0.1637,-0.0019,0.8782
389,2024-06-12T00:00:00,0.0,0.0788,-0.0079,0.8876
389,2024-06-19T00:00:00,0.3333,0.0862,0.003,0.9085
389,2024-06-26T00:00:00,0.6667,0.0982,0.0058,0.9001
389,2024-07-03T00:00:00,1.0,0.1166,0.001,0.9238
390,2024-04-27T00:00:00,0.0,0.0892,0.002,0.8259
390,2024-05-04T00:00:00,0.5833,0.0794,0.0063,0.8599
390,2024-05-09T00:00:00,1.0,0.119,0.005,0.8762
391,2024-10-02T00:00:00,0.0,0.0689,-0.0046,0.9737
391,2024-10-09T00:00:00,0.5,0.1174,-0.0036,0.817
391,2024-10-16T00:00:00,1.0,0.1961,-0.0011,0.8619
392,2024-10-10T00:00:00,0.0,0.0777,0.0047,0.9591
392,2024-10-17T00:00:00,0.4667,0.0947,0.0094,0.8345
392,2024-10-24T00:00:00,0.9333,0.1323,0.0019,0.9584
392,2024-10-25T00:00:00,1.0,0.1632,-0.0004,0.8762
393,2024-06-13T00:00:00,0.0,0.0735,0.0038,0.8563
393,2024-06-20T00:00:00,0.3333,0.0652,-0.0027,0.8663
393,2024-06-27T00:00:00,0.6667,0.1373,0.0022,0.9279
393,2024-07-04T00:00:00,1.0,0.1538,0.0012,0.8209
394,2024-11-07T00:00:00,0.0,0.0659,-0.0028,0.8983
394,2024-11-14T00:00:00,0.3333,0.0739,0.0007,0.9287
394,2024-11-21T00:00:00,0.6667,0.0965,0.0013,0.8775
394,2024-11-28T00:00:00,1.0,0.1764,-0.0056,0.8499
395,2024-11-29T00:00:00,0.0,0.0428,-0.0046,0.8888
395,2024-12-06T00:00:00,0.6364,0.1031,0.0004,0.9504
395,2024-12-10T00:00:00,1.0,0.1514,0.0008,0.8471
396,2024-10-08T00:00:00,0.0,0.0473,-0.0021,0.9341
396,2024-10-15T00:00:00,0.5385,0.0886,-0.0043,0.9159
396,2024-10-21T00:00:00,1.0,0.1896,-0.0009,0.9084
397,2024-07-16T00:00:00,0.0,0.069,0.0025,0.9258
397,2024-07-23T00:00:00,0.5833,0.1064,-0.0004,0.8622
397,2024-07-28T00:00:00,1.0,0.1597,0.0023,0.9359
398,2024-06-27T00:00:00,0.0,0.0402,0.0042,0.9567
398,2024-07-04T00:00:00,0.7,0.0957,-0.0015,0.9588
398,2024-07-07T00:00:00,1.0,0.137,0.0026,0.9004
399,2024-08-03T00:00:00,0.0,0.0566,0.0002,0.9373
399,2024-08-10T00:00:00,0.6364,0.0932,-0.0046,0.9732
399,2024-08-14T00:00:00,1.0,0.192,-0.0,0.9858
400,2024-10-11T00:00:00,0.0,0.0346,-0.0027,0.9729
400,2024-10-18T00:00:00,0.6364,0.1297,0.008,0.9234
400,2024-10-22T00:00:00,1.0,0.1297,0.0011,0.9601
401,2024-06-26T00:00:00,0.0,0.0473,-0.0014,0.9242
401,2024-07-03T00:00:00,0.2917,0.068,0.0015,0.9032
401,2024-07-10T00:00:00,0.5833,0.0985,0.0049,0.9323
401,2024-07-17T00:00:00,0.875,0.1304,-0.0001,0.8864
401,2024-07-20T00:00:00,1.0,0.1372,-0.0085,0.8758
402,2024-05-05T00:00:00,0.0,0.0375,0.0006,0.922
402,2024-05-12T00:00:00,0.4375,0.0777,0.0019,0.8522
402,2024-05-19T00:00:00,0.875,0.135,-0.003,0.9373
402,2024-05-21T00:00:00,1.0,0.1523,-0.0006,0.8687
403,2024-01-08T00:00:00,0.0,0.0434,0.0091,0.8749
403,2024-01-15T00:00:00,0.3684,0.0964,-0.0006,0.9225
403,2024-01-22T00:00:00,0.7368,0.1404,-0.0018,0.9355
403,2024-01-27T00:00:00,1.0,0.2051,0.0028,0.9807
404,2024-09-20T00:00:00,0.0,0.0596,-0.0047,0.9138
404,2024-09-27T00:00:00,0.4375,0.0871,-0.003,0.8964
404,2024-10-04T00:00:00,0.875,0.1344,-0.0053,1.0
404,2024-10-06T00:00:00,1.0,0.1662,0.0012,0.9045
405,2024-03-26T00:00:00,0.0,0.074,0.0104,0.9343
405,2024-04-02T00:00:00,0.2917,0.0816,0.0074,0.9071
405,2024-04-09T00:00:00,0.5833,0.117,0.005,0.8807
405,2024-04-16T00:00:00,0.875,0.096,-0.0022,0.9387
405,2024-04-19T00:00:00,1.0,0.1641,0.0067,0.8802
406,2024-04-28T00:00:00,0.0,0.0816,0.0009,0.9302
406,2024-05-05T00:00:00,0.4375,0.1118,-0.0069,0.8498
406,2024-05-12T00:00:00,0.875,0.1167,0.0054,0.8847
406,2024-05-14T00:00:00,1.0,0.1906,0.0,0.8264
407,2024-01-26T00:00:00,0.0,0.0366,0.0006,0.9258
407,2024-02-02T00:00:00,0.7,0.1003,0.0028,0.9418
407,2024-02-05T00:00:00,1.0,0.1372,0.0098,0.8734
408,2024-11-23T00:00:00,0.0,0.03,-0.0076,0.961
408,2024-11-30T00:00:00,0.3333,0.0838,-0.0024,0.8263
408,2024-12-07T00:00:00,0.6667,0.1089,0.0119,0.7928
408,2024-12-14T00:00:00,1.0,0.1374,0.009,0.9624
409,2024-05-26T00:00:00,0.0,0.0386,0.001,0.9231
409,2024-06-02T00:00:00,0.7,0.1227,0.0089,0.917
409,2024-06-05T00:00:00,1.0,0.1727,0.0009,0.7984
410,2024-03-30T00:00:00,0.0,0.0262,-0.0049,0.8875
410,2024-04-06T00:00:00,0.3889,0.1305,0.0018,0.8947
410,2024-04-13T00:00:00,0.7778,0.1525,-0.0073,0.8755
410,2024-04-17T00:00:00,1.0,0.1373,0.002,0.9448
411,2024-03-03T00:00:00,0.0,0.0594,0.0024,0.8819
411,2024-03-10T00:00:00,0.4667,0.1031,-0.0042,0.9337
411,2024-03-17T00:00:00,0.9333,0.1333,-0.0056,0.9019
411,2024-03-18T00:00:00,1.0,0.1117,0.0074,0.9399
412,2024-06-24T00:00:00,0.0,0.0567,-0.0081,0.865
412,2024-07-01T00:00:00,0.3889,0.0897,-0.0013,0.8156
412,2024-07-08T00:00:00,0.7778,0.1014,-0.0014,0.8358
412,2024-07-12T00:00:00,1.0,0.1774,0.0025,0.8598
413,2024-06-07T00:00:00,0.0,0.0734,0.0048,0.9144
413,2024-06-14T00:00:00,0.3182,0.081,-0.0015,0.873
413,2024-06-21T00:00:00,0.6364,0.0869,0.0076,0.874
413,2024-06-28T00:00:00,0.9545,0.146,-0.0046,0.887
413,2024-06-29T00:00:00,1.0,0.207,-0.0036,0.9724
414,2024-04-11T00:00:00,0.0,0.0494,0.0034,0.9622
414,2024-04-18T00:00:00,0.3182,0.0873,-0.0018,0.8907
414,2024-04-25T00:00:00,0.6364,0.1106,0.0093,0.8258
414,2024-05-02T00:00:00,0.9545,0.11,-0.0085,0.8553
414,2024-05-03T00:00:00,1.0,0.164,0.0038,0.8696
415,2024-03-22T00:00:00,0.0,0.0494,-0.0056,0.8488
415,2024-03-29T00:00:00,0.5833,0.1199,0.0052,0.8762
415,2024-04-03T00:00:00,1.0,0.1827,0.0048,0.9796
416,2024-11-26T00:00:00,0.0,0.044,0.0076,1.0
416,2024-12-03T00:00:00,0.5833,0.1001,-0.0008,0.8526
416,2024-12-08T00:00:00,1.0,0.1271,-0.0057,0.8594
417,2024-03-29T00:00:00,0.0,0.0555,-0.0038,0.9122
417,2024-04-05T00:00:00,0.4375,0.099,-0.0024,0.8969
417,2024-04-12T00:00:00,0.875,0.1269,-0.0016,0.8596
417,2024-04-14T00:00:00,1.0,0.1517,-0.003,0.8417
418,2024-05-22T00:00:00,0.0,0.0619,0.0031,0.9556
418,2024-05-29T00:00:00,0.4375,0.0733,-0.0024,0.9115
418,2024-06-05T00:00:00,0.875,0.1275,0.0029,0.9249
418,2024-06-07T00:00:00,1.0,0.1596,0.0073,0.9322
419,2024-10-31T00:00:00,0.0,0.0531,-0.001,0.8938
419,2024-11-07T00:00:00,0.7,0.0987,-0.0088,0.9232
419,2024-11-10T00:00:00,1.0,0.1745,-0.0017,0.9794
420,2024-04-11T00:00:00,0.0,0.0465,-0.0098,0.9459
420,2024-04-18T00:00:00,0.3333,0.0737,0.005,0.8361
420,2024-04-25T00:00:00,0.6667,0.1249,-0.004,0.9101
420,2024-05-02T00:00:00,1.0,0.1653,0.0027,0.9035
421,2024-11-25T00:00:00,0.0,0.0224,0.0037,0.9516
421,2024-12-02T00:00:00,0.3043,0.0596,-0.0045,0.9537
421,2024-12-09T00:00:00,0.6087,0.1067,-0.0044,0.9136
421,2024-12-16T00:00:00,0.913,0.1285,0.0008,0.8793
421,2024-12-18T00:00:00,1.0,0.1434,0.0056,0.7766
422,2024-10-08T00:00:00,0.0,0.0611,0.0047,0.8689
422,2024-10-15T00:00:00,0.5,0.1188,-0.0048,0.867
422,2024-10-22T00:00:00,1.0,0.1345,0.0048,0.8128
423,2024-04-26T00:00:00,0.0,0.0828,-0.0015,0.9307
423,2024-05-03T00:00:00,0.3333,0.0939,0.0008,0.87
423,2024-05-10T00:00:00,0.6667,0.1415,-0.0026,0.8634
423,2024-05-17T00:00:00,1.0,0.1676,0.0007,0.9679
424,2024-10-30T00:00:00,0.0,0.0487,-0.0033,0.9137
424,2024-11-06T00:00:00,0.6364,0.1047,-0.0031,0.9416
424,2024-11-10T00:00:00,1.0,0.1866,-0.0012,0.8513
425,2024-10-28T00:00:00,0.0,0.0469,0.0026,0.9129
425,2024-11-04T00:00:00,0.4667,0.1206,0.0033,0.8448
425,2024-11-11T00:00:00,0.9333,0.1335,-0.0069,0.9572
425,2024-11-12T00:00:00,1.0,0.1102,-0.0064,0.8744
426,2024-12-01T00:00:00,0.0,0.0613,-0.0026,0.8817
426,2024-12-08T00:00:00,0.35,0.0781,0.0009,0.839
426,2024-12-15T00:00:00,0.7,0.1011,0.0084,0.9201
426,2024-12-21T00:00:00,1.0,0.1652,0.0003,0.893
427,2024-07-21T00:00:00,0.0,0.0591,0.0036,0.9423
427,2024-07-28T00:00:00,0.5385,0.1013,0.0048,0.7767
427,2024-08-03T00:00:00,1.0,0.1678,-0.0021,0.9277
428,2024-10-01T00:00:00,0.0,0.037,-0.0066,0.917
428,2024-10-08T00:00:00,0.3182,0.0518,-0.002,0.8594
428,2024-10-15T00:00:00,0.6364,0.1101,0.004,0.8755
428,2024-10-22T00:00:00,0.9545,0.1517,0.0037,0.8696
428,2024-10-23T00:00:00,1.0,0.1381,0.0068,0.896
429,2024-01-27T00:00:00,0.0,0.0602,0.0025,0.8401
429,2024-02-03T00:00:00,0.5385,0.0886,0.0019,0.7966
429,2024-02-09T00:00:00,1.0,0.1458,-0.0043,0.9555
430,2024-06-06T00:00:00,0.0,0.0569,0.006,0.898
430,2024-06-13T00:00:00,0.3684,0.0846,-0.0015,0.8748
430,2024-06-20T00:00:00,0.7368,0.1774,0.004,0.8467
430,2024-06-25T00:00:00,1.0,0.2028,-0.002,0.9161
431,2024-05-11T00:00:00,0.0,0.0688,-0.0077,0.8586
431,2024-05-18T00:00:00,0.3182,0.1148,-0.0011,0.9499
431,2024-05-25T00:00:00,0.6364,0.1046,-0.0005,0.9893
431,2024-06-01T00:00:00,0.9545,0.1542,-0.0017,0.8658
431,2024-06-02T00:00:00,1.0,0.1382,0.0062,0.9383
432,2024-04-17T00:00:00,0.0,0.027,0.0004,0.8967
432,2024-04-24T00:00:00,0.2917,0.0855,-0.003,0.9549
432,2024-05-01T00:00:00,0.5833,0.1083,0.0019,0.8608
432,2024-05-08T00:00:00,0.875,0.1228,0.0133,0.99
432,2024-05-11T00:00:00,1.0,0.1486,0.0077,0.9606
433,2024-11-07T00:00:00,0.0,0.0375,-0.0036,0.9334
433,2024-11-14T00:00:00,0.2917,0.0844,-0.002,0.9361
433,2024-11-21T00:00:00,0.5833,0.0795,0.0006,0.8381
433,2024-11-28T00:00:00,0.875,0.1134,-0.0035,0.9182
433,2024-12-01T00:00:00,1.0,0.1365,-0.0061,0.9239
434,2024-09-19T00:00:00,0.0,0.0799,0.0032,0.9901
434,2024-09-26T00:00:00,0.5385,0.132,-0.0024,0.9316
434,2024-10-02T00:00:00,1.0,0.1482,0.0053,0.8954
435,2024-02-16T00:00:00,0.0,0.0342,0.0069,0.9159
435,2024-02-23T00:00:00,0.3182,0.0685,-0.0025,0.8665
435,2024-03-01T00:00:00,0.6364,0.0936,-0.0024,0.9187
435,2024-03-08T00:00:00,0.9545,0.1467,-0.0022,0.9748
435,2024-03-09T00:00:00,1.0,0.1098,0.0015,0.8929
436,2024-10-03T00:00:00,0.0,0.0306,0.0018,0.889
436,2024-10-10T00:00:00,0.4667,0.1216,0.0043,0.9953
436,2024-10-17T00:00:00,0.9333,0.1337,0.007,0.8417
436,2024-10-18T00:00:00,1.0,0.1478,-0.0023,0.9301
437,2024-09-27T00:00:00,0.0,0.0616,-0.0045,0.9329
437,2024-10-04T00:00:00,0.3889,0.0813,-0.0041,0.8994
437,2024-10-11T00:00:00,0.7778,0.0982,0.0047,0.8972
437,2024-10-15T00:00:00,1.0,0.1493,-0.0004,0.9823
438,2024-05-04T00:00:00,0.0,0.0804,0.0068,0.8957
438,2024-05-11T00:00:00,0.3889,0.0666,-0.0001,0.9157
438,2024-05-18T00:00:00,0.7778,0.144,0.0016,0.8487
438,2024-05-22T00:00:00,1.0,0.1393,-0.0031,0.927
439,2024-06-02T00:00:00,0.0,0.0613,0.0035,0.9151
439,2024-06-09T00:00:00,0.7,0.0788,-0.0086,0.893
439,2024-06-12T00:00:00,1.0,0.152,0.0063,0.9039
440,2024-05-31T00:00:00,0.0,0.0305,0.0033,0.8991
440,2024-06-07T00:00:00,0.6364,0.1056,-0.0081,0.9043
440,2024-06-11T00:00:00,1.0,0.1546,-0.005,0.9372
441,2024-12-10T00:00:00,0.0,0.0631,0.0002,0.9006
441,2024-12-17T00:00:00,0.3684,0.1058,0.0018,0.8649
441,2024-12-24T00:00:00,0.7368,0.1197,0.0028,0.7984
441,2024-12-29T00:00:00,1.0,0.1314,0.0034,0.9604
442,2024-08-29T00:00:00,0.0,0.0704,0.0045,0.9065
442,2024-09-05T00:00:00,0.3684,0.0663,-0.001,0.8003
442,2024-09-12T00:00:00,0.7368,0.1497,-0.0041,0.8733
442,2024-09-17T00:00:00,1.0,0.1712,-0.0081,0.8405
443,2024-08-13T00:00:00,0.0,0.0554,0.0026,0.8964
443,2024-08-20T00:00:00,0.3333,0.0826,0.0063,0.9318
443,2024-08-27T00:00:00,0.6667,0.1267,0.0039,0.885
443,2024-09-03T00:00:00,1.0,0.1935,-0.0115,0.9729
444,2024-05-29T00:00:00,0.0,0.068,0.0012,0.904
444,2024-06-05T00:00:00,0.7,0.1169,0.0055,0.898
444,2024-06-08T00:00:00,1.0,0.1354,0.0045,0.9792
445,2024-06-08T00:00:00,0.0,0.0115,0.0118,0.8482
445,2024-06-15T00:00:00,0.3333,0.0641,-0.0062,0.9
445,2024-06-22T00:00:00,0.6667,0.0911,-0.0058,0.8656
445,2024-06-29T00:00:00,1.0,0.1528,0.0012,0.9621
446,2024-09-14T00:00:00,0.0,0.0744,0.0051,0.8869
446,2024-09-21T00:00:00,0.3043,0.0436,-0.0093,0.9509
446,2024-09-28T00:00:00,0.6087,0.1277,-0.0031,0.828
446,2024-10-05T00:00:00,0.913,0.1204,0.0009,0.9088
446,2024-10-07T00:00:00,1.0,0.1709,-0.0023,0.8878
447,2024-05-25T00:00:00,0.0,0.0725,-0.0106,0.9159
447,2024-06-01T00:00:00,0.5,0.0933,0.0036,0.9256
447,2024-06-08T00:00:00,1.0,0.1361,-0.0025,0.7849
448,2024-08-28T00:00:00,0.0,0.065,0.0012,0.9699
448,2024-09-04T00:00:00,0.3889,0.0809,0.0046,0.8465
448,2024-09-11T00:00:00,0.7778,0.0737,-0.0005,0.8717
448,2024-09-15T00:00:00,1.0,0.129,0.0045,0.9604
449,2024-10-28T00:00:00,0.0,0.0521,-0.0009,0.9031
449,2024-11-04T00:00:00,0.3333,0.0703,0.0028,0.823
449,2024-11-11T00:00:00,0.6667,0.0952,-0.004,0.9271
449,2024-11-18T00:00:00,1.0,0.144,0.0068,0.9402
450,2024-02-11T00:00:00,0.0,0.034,0.0032,0.8796
450,2024-02-18T00:00:00,0.4667,0.1061,0.0043,0.9557
450,2024-02-25T00:00:00,0.9333,0.1474,0.008,0.9221
450,2024-02-26T00:00:00,1.0,0.1527,-0.0015,0.8684
451,2024-08-16T00:00:00,0.0,0.0584,0.0005,0.913
451,2024-08-23T00:00:00,0.4118,0.1008,0.0013,1.0
451,2024-08-30T00:00:00,0.8235,0.1218,0.0022,0.8886
451,2024-09-02T00:00:00,1.0,0.1008,-0.001,0.8532
452,2024-05-15T00:00:00,0.0,0.0487,-0.0001,0.9193
452,2024-05-22T00:00:00,0.3889,0.0783,-0.002,0.935
452,2024-05-29T00:00:00,0.7778,0.1116,-0.0092,0.9079
452,2024-06-02T00:00:00,1.0,0.1714,0.0034,0.9088
453,2024-07-14T00:00:00,0.0,0.075,0.0054,0.8835
453,2024-07-21T00:00:00,0.4375,0.0987,0.0015,0.8957
453,2024-07-28T00:00:00,0.875,0.1602,-0.0008,0.875
453,2024-07-30T00:00:00,1.0,0.0982,-0.004,0.8342
454,2024-01-05T00:00:00,0.0,0.0492,-0.0063,0.9304
454,2024-01-12T00:00:00,0.3333,0.1055,-0.0002,0.8508
454,2024-01-19T00:00:00,0.6667,0.1224,0.0095,0.9791
454,2024-01-26T00:00:00,1.0,0.1219,-0.0072,0.815
455,2024-07-18T00:00:00,0.0,0.0273,0.0013,0.8722
455,2024-07-25T00:00:00,0.4667,0.0799,0.0052,0.9265
455,2024-08-01T00:00:00,0.9333,0.1092,0.0049,0.9253
455,2024-08-02T00:00:00,1.0,0.1606,-0.0029,0.8906
456,2024-02-27T00:00:00,0.0,0.0105,0.0043,0.8501
456,2024-03-05T00:00:00,0.3333,0.0659,-0.0044,0.99
456,2024-03-12T00:00:00,0.6667,0.1033,0.0047,0.8988
456,2024-03-19T00:00:00,1.0,0.1334,-0.0051,0.8686
457,2024-08-02T00:00:00,0.0,0.0485,0.003,0.8765
457,2024-08-09T00:00:00,0.6364,0.1035,-0.0044,0.8403
457,2024-08-13T00:00:00,1.0,0.1244,0.0049,0.8736
458,2024-10-17T00:00:00,0.0,0.0412,-0.0033,0.8842
458,2024-10-24T00:00:00,0.7,0.1274,-0.0024,0.909
458,2024-10-27T00:00:00,1.0,0.1784,-0.0041,0.878
459,2024-05-29T00:00:00,0.0,0.0628,0.0075,0.8379
459,2024-06-05T00:00:00,0.4118,0.0572,-0.0,0.8948
459,2024-06-12T00:00:00,0.8235,0.1464,0.0027,0.8983
459,2024-06-15T00:00:00,1.0,0.171,-0.0034,0.9106
460,2024-10-13T00:00:00,0.0,0.0257,-0.0002,0.8269
460,2024-10-20T00:00:00,0.3182,0.0595,0.0085,0.8088
460,2024-10-27T00:00:00,0.6364,0.1093,0.0041,1.0
460,2024-11-03T00:00:00,0.9545,0.149,0.0012,0.902
460,2024-11-04T00:00:00,1.0,0.1711,0.0022,0.8712
461,2024-06-06T00:00:00,0.0,0.0723,-0.0023,0.8201
461,2024-06-13T00:00:00,0.3684,0.0549,-0.001,0.9052
461,2024-06-20T00:00:00,0.7368,0.1428,0.0032,0.904
461,2024-06-25T00:00:00,1.0,0.1702,0.0001,0.8355
462,2024-05-15T00:00:00,0.0,0.0198,0.0064,0.7877
462,2024-05-22T00:00:00,0.3333,0.0793,0.0149,0.923
462,2024-05-29T00:00:00,0.6667,0.1125,-0.0084,0.9809
462,2024-06-05T00:00:00,1.0,0.1743,0.0034,0.9
463,2024-04-24T00:00:00,0.0,0.0614,-0.0007,0.8513
463,2024-05-01T00:00:00,0.3333,0.1025,-0.0003,0.9261
463,2024-05-08T00:00:00,0.6667,0.1142,0.0023,0.8993
463,2024-05-15T00:00:00,1.0,0.1481,0.0001,1.0
464,2024-09-04T00:00:00,0.0,0.066,0.0129,0.8996
464,2024-09-11T00:00:00,0.5385,0.0977,-0.0054,0.9802
464,2024-09-17T00:00:00,1.0,0.1319,0.009,0.8492
465,2024-05-28T00:00:00,0.0,0.0677,-0.008,0.8779
465,2024-06-04T00:00:00,0.3043,0.0809,-0.003,0.8915
465,2024-06-11T00:00:00,0.6087,0.1076,0.004,0.7957
465,2024-06-18T00:00:00,0.913,0.13,0.0063,0.9281
465,2024-06-20T00:00:00,1.0,0.1754,0.0038,0.8458
466,2024-08-18T00:00:00,0.0,0.0632,0.0005,1.0
466,2024-08-25T00:00:00,0.6364,0.1297,0.0026,0.9335
466,2024-08-29T00:00:00,1.0,0.1594,0.0022,0.8867
467,2024-02-07T00:00:00,0.0,0.0607,0.0047,0.953
467,2024-02-14T00:00:00,0.3333,0.1021,0.0075,0.9561
467,2024-02-21T00:00:00,0.6667,0.1292,-0.0057,0.8428
467,2024-02-28T00:00:00,1.0,0.145,0.0002,0.9699
468,2024-05-30T00:00:00,0.0,-0.0056,-0.0052,0.8903
468,2024-06-06T00:00:00,0.7,0.1001,-0.004,0.875
468,2024-06-09T00:00:00,1.0,0.1311,-0.0039,0.9682
469,2024-09-14T00:00:00,0.0,0.0623,0.0038,0.8983
469,2024-09-21T00:00:00,0.5,0.1202,0.0042,0.9299
469,2024-09-28T00:00:00,1.0,0.1369,-0.0022,0.9529
470,2024-11-26T00:00:00,0.0,0.0397,-0.0064,0.8732
470,2024-12-03T00:00:00,0.7,0.1512,-0.0027,0.9164
470,2024-12-06T00:00:00,1.0,0.1377,0.0038,0.9268
471,2024-07-14T00:00:00,0.0,0.0202,0.0013,0.8159
471,2024-07-21T00:00:00,0.3684,0.0758,-0.0001,0.9923
471,2024-07-28T00:00:00,0.7368,0.13,-0.0038,0.8841
471,2024-08-02T00:00:00,1.0,0.1685,-0.0038,0.9548
472,2024-05-22T00:00:00,0.0,0.0395,-0.0046,0.8754
472,2024-05-29T00:00:00,0.5833,0.076,-0.0109,0.8959
472,2024-06-03T00:00:00,1.0,0.1487,0.0013,0.8956
473,2024-01-12T00:00:00,0.0,0.0966,0.0008,0.8312
473,2024-01-19T00:00:00,0.3684,0.0644,0.0,0.8782
473,2024-01-26T00:00:00,0.7368,0.0991,-0.0003,0.8978
473,2024-01-31T00:00:00,1.0,0.1819,-0.0046,0.8791
474,2024-03-22T00:00:00,0.0,0.0819,0.0016,0.8539
474,2024-03-29T00:00:00,0.4667,0.0824,-0.0061,0.9039
474,2024-04-05T00:00:00,0.9333,0.164,0.0082,0.8257
474,2024-04-06T00:00:00,1.0,0.1674,0.0008,0.8869
475,2024-06-06T00:00:00,0.0,0.0417,-0.0096,0.9319
475,2024-06-13T00:00:00,0.3684,0.0605,-0.0037,0.9209
475,2024-06-20T00:00:00,0.7368,0.0874,-0.0066,0.9609
475,2024-06-25T00:00:00,1.0,0.1524,-0.0033,0.9063
476,2024-01-14T00:00:00,0.0,0.0634,0.0056,0.8444
476,2024-01-21T00:00:00,0.4375,0.0733,0.003,0.932
476,2024-01-28T00:00:00,0.875,0.1106,-0.0049,0.8903
476,2024-01-30T00:00:00,1.0,0.1505,0.0003,0.832
477,2024-12-12T00:00:00,0.0,0.0508,-0.0036,0.8417
477,2024-12-19T00:00:00,0.6364,0.1134,-0.0006,0.9401
477,2024-12-23T00:00:00,1.0,0.1328,0.0012,0.8216
478,2024-10-02T00:00:00,0.0,0.0445,0.0023,0.9274
478,2024-10-09T00:00:00,0.3043,0.0915,0.004,0.8777
478,2024-10-16T00:00:00,0.6087,0.1208,0.0093,0.8766
478,2024-10-23T00:00:00,0.913,0.1689,0.0044,0.8867
478,2024-10-25T00:00:00,1.0,0.1463,0.0006,0.941
479,2024-09-09T00:00:00,0.0,0.0581,-0.0024,0.7959
479,2024-09-16T00:00:00,0.3889,0.1023,-0.0097,0.8317
479,2024-09-23T00:00:00,0.7778,0.1197,-0.0061,0.9159
479,2024-09-27T00:00:00,1.0,0.1441,0.0039,0.8196
480,2024-09-26T00:00:00,0.0,0.0368,0.0,0.9021
480,2024-10-03T00:00:00,0.2917,0.093,-0.0046,0.8766
480,2024-10-10T00:00:00,0.5833,0.1185,-0.011,0.9192
480,2024-10-17T00:00:00,0.875,0.1528,-0.0067,0.8842
480,2024-10-20T00:00:00,1.0,0.1799,0.0033,0.9223
481,2024-01-25T00:00:00,0.0,0.0698,0.009,0.9009
481,2024-02-01T00:00:00,0.5833,0.1002,0.0049,0.8906
481,2024-02-06T00:00:00,1.0,0.1314,-0.0027,0.9156
482,2024-01-25T00:00:00,0.0,0.041,-0.0019,0.8486
482,2024-02-01T00:00:00,0.4118,0.1199,-0.0017,0.8644
482,2024-02-08T00:00:00,0.8235,0.1203,0.004,0.9287
482,2024-02-11T00:00:00,1.0,0.14,0.0002,0.9138
483,2024-11-11T00:00:00,0.0,0.0359,-0.0077,0.9258
483,2024-11-18T00:00:00,0.6364,0.1007,0.0022,0.9161
483,2024-11-22T00:00:00,1.0,0.1511,-0.0021,0.8683
484,2024-05-30T00:00:00,0.0,0.0272,-0.0031,0.9284
484,2024-06-06T00:00:00,0.3333,0.1113,0.0063,0.9073
484,2024-06-13T00:00:00,0.6667,0.1446,-0.0015,0.8354
484,2024-06-20T00:00:00,1.0,0.1884,0.0027,0.8233
485,2024-09-22T00:00:00,0.0,0.0812,-0.0037,0.8737
485,2024-09-29T00:00:00,0.5833,0.1288,0.0068,0.85
485,2024-10-04T00:00:00,1.0,0.1794,0.0044,0.86
486,2024-02-25T00:00:00,0.0,0.0451,0.0076,0.822
486,2024-03-03T00:00:00,0.3182,0.1094,0.0042,0.9255
486,2024-03-10T00:00:00,0.6364,0.1163,0.0099,1.0
486,2024-03-17T00:00:00,0.9545,0.1331,0.0031,0.9937
486,2024-03-18T00:00:00,1.0,0.1343,0.0012,0.9502
487,2024-04-08T00:00:00,0.0,0.0097,0.0041,0.8456
487,2024-04-15T00:00:00,0.5833,0.1122,0.0057,0.7805
487,2024-04-20T00:00:00,1.0,0.1657,0.0102,0.8733
488,2024-03-20T00:00:00,0.0,0.0615,0.0067,0.8204
488,2024-03-27T00:00:00,0.4375,0.1089,0.0051,0.9319
488,2024-04-03T00:00:00,0.875,0.1392,-0.005,0.9696
488,2024-04-05T00:00:00,1.0,0.1507,-0.0045,0.8841
489,2024-04-12T00:00:00,0.0,0.0574,-0.0078,0.9009
489,2024-04-19T00:00:00,0.5385,0.0955,0.0067,0.8063
489,2024-04-25T00:00:00,1.0,0.1688,0.0071,0.8081
490,2024-11-03T00:00:00,0.0,0.0157,0.0089,0.8548
490,2024-11-10T00:00:00,0.4375,0.1556,-0.009,0.9085
490,2024-11-17T00:00:00,0.875,0.137,-0.001,0.9231
490,2024-11-19T00:00:00,1.0,0.1604,-0.0008,0.8493
491,2024-08-18T00:00:00,0.0,0.071,0.0031,0.9057
491,2024-08-25T00:00:00,0.3333,0.0953,0.0038,0.8619
491,2024-09-01T00:00:00,0.6667,0.1279,-0.0028,0.9401
491,2024-09-08T00:00:00,1.0,0.1462,0.0031,0.8783
492,2024-03-02T00:00:00,0.0,0.0633,-0.0049,0.9018
492,2024-03-09T00:00:00,0.2917,0.0988,0.0023,0.9096
492,2024-03-16T00:00:00,0.5833,0.1444,0.0051,0.9428
492,2024-03-23T00:00:00,0.875,0.1507,0.0039,0.9829
492,2024-03-26T00:00:00,1.0,0.1416,0.005,0.9178
493,2024-04-01T00:00:00,0.0,0.0423,-0.0005,0.911
493,2024-04-08T00:00:00,0.35,0.0678,0.0043,0.8949
493,2024-04-15T00:00:00,0.7,0.1217,0.0068,0.9065
493,2024-04-21T00:00:00,1.0,0.1811,-0.0026,0.8451
494,2024-03-26T00:00:00,0.0,0.0442,-0.0141,0.9453
494,2024-04-02T00:00:00,0.3182,0.061,-0.0031,0.9358
494,2024-04-09T00:00:00,0.6364,0.116,-0.0022,0.7982
494,2024-04-16T00:00:00,0.9545,0.1715,0.0036,1.0
494,2024-04-17T00:00:00,1.0,0.1381,-0.0073,0.9497
495,2024-08-06T00:00:00,0.0,0.0462,0.0031,0.981
495,2024-08-13T00:00:00,0.3043,0.0882,0.0008,0.9115
495,2024-08-20T00:00:00,0.6087,0.0781,0.0055,0.9586
495,2024-08-27T00:00:00,0.913,0.1519,-0.0076,0.8939
495,2024-08-29T00:00:00,1.0,0.1788,-0.0028,0.9592
496,2024-05-28T00:00:00,0.0,0.0511,0.0036,0.8794
496,2024-06-04T00:00:00,0.2917,0.0809,0.0022,0.8458
496,2024-06-11T00:00:00,0.5833,0.1138,-0.0134,0.8699
496,2024-06-18T00:00:00,0.875,0.1484,0.0056,0.9236
496,2024-06-21T00:00:00,1.0,0.1222,0.0052,0.843
497,2024-03-05T00:00:00,0.0,0.0623,-0.0055,0.8613
497,2024-03-12T00:00:00,0.4118,0.072,0.0007,0.8902
497,2024-03-19T00:00:00,0.8235,0.1425,-0.0001,0.8241
497,2024-03-22T00:00:00,1.0,0.1555,-0.0088,0.8558
498,2024-07-31T00:00:00,0.0,0.0427,-0.0022,0.8176
498,2024-08-07T00:00:00,0.6364,0.1411,0.0082,1.0
498,2024-08-11T00:00:00,1.0,0.173,-0.002,0.8794
499,2024-06-08T00:00:00,0.0,0.0406,0.0099,0.8942
499,2024-06-15T00:00:00,0.3182,0.1072,0.006,0.9095
499,2024-06-22T00:00:00,0.6364,0.0846,-0.0005,0.9073
499,2024-06-29T00:00:00,0.9545,0.171,0.0001,0.8396
499,2024-06-30T00:00:00,1.0,0.1698,-0.0011,0.7727
500,2024-07-06T00:00:00,0.0,0.0565,0.0025,0.8579
500,2024-07-13T00:00:00,0.7,0.1162,0.0033,0.9166
500,2024-07-16T00:00:00,1.0,0.1187,0.0063,0.9853
501,2024-04-26T00:00:00,0.0,0.0398,-0.0095,0.9386
501,2024-05-03T00:00:00,0.4375,0.0803,0.0027,1.0
501,2024-05-10T00:00:00,0.875,0.1066,-0.004,0.8903
501,2024-05-12T00:00:00,1.0,0.1758,0.0178,0.9124
502,2024-04-21T00:00:00,0.0,0.0174,-0.0017,0.8613
502,2024-04-28T00:00:00,0.5385,0.1183,0.0019,0.8479
502,2024-05-04T00:00:00,1.0,0.1333,-0.0018,0.888
503,2024-08-20T00:00:00,0.0,0.0492,0.0002,0.9617
503,2024-08-27T00:00:00,0.5833,0.1004,-0.0027,0.8331
503,2024-09-01T00:00:00,1.0,0.1455,0.0013,0.8138
504,2024-01-21T00:00:00,0.0,0.0432,0.0058,0.9324
504,2024-01-28T00:00:00,0.3684,0.0943,0.0031,0.8713
504,2024-02-04T00:00:00,0.7368,0.1095,0.0064,0.9414
504,2024-02-09T00:00:00,1.0,0.1351,-0.0094,0.8637
505,2024-04-29T00:00:00,0.0,0.0609,-0.0033,0.9165
505,2024-05-06T00:00:00,0.7,0.1484,-0.0005,0.9117
505,2024-05-09T00:00:00,1.0,0.1637,-0.0054,0.8613
506,2024-02-29T00:00:00,0.0,0.0645,0.0002,0.9061
506,2024-03-07T00:00:00,0.6364,0.1143,0.0049,0.9218
506,2024-03-11T00:00:00,1.0,0.159,0.0061,0.9803
507,2024-11-09T00:00:00,0.0,0.0949,-0.0029,1.0
507,2024-11-16T00:00:00,0.6364,0.0917,0.0097,0.8683
507,2024-11-20T00:00:00,1.0,0.1486,0.0001,0.8567
508,2024-07-21T00:00:00,0.0,0.0517,-0.0041,0.8383
508,2024-07-28T00:00:00,0.3333,0.0826,0.0079,0.8873
508,2024-08-04T00:00:00,0.6667,0.1355,-0.0042,0.8358
508,2024-08-11T00:00:00,1.0,0.1591,0.0088,0.9104
509,2024-08-01T00:00:00,0.0,0.0665,0.0075,0.8982
509,2024-08-08T00:00:00,0.35,0.082,0.0024,0.9325
509,2024-08-15T00:00:00,0.7,0.092,0.0015,0.9
509,2024-08-21T00:00:00,1.0,0.1342,-0.0003,0.8417
510,2024-12-08T00:00:00,0.0,0.0198,0.0003,0.9451
510,2024-12-15T00:00:00,0.3333,0.0764,-0.0048,0.8597
510,2024-12-22T00:00:00,0.6667,0.1276,0.0083,0.9385
510,2024-12-29T00:00:00,1.0,0.176,-0.0052,0.8963
511,2024-03-27T00:00:00,0.0,0.0704,-0.007,0.8671
511,2024-04-03T00:00:00,0.3333,0.1022,0.0013,0.8517
511,2024-04-10T00:00:00,0.6667,0.0841,0.0067,0.7973
511,2024-04-17T00:00:00,1.0,0.1626,-0.0027,0.9524
512,2024-03-27T00:00:00,0.0,0.0292,0.0131,0.9201
512,2024-04-03T00:00:00,0.3889,0.1002,-0.0039,0.8933
512,2024-04-10T00:00:00,0.7778,0.1256,0.009,0.92
512,2024-04-14T00:00:00,1.0,0.1609,0.0027,0.9314
513,2024-05-31T00:00:00,0.0,0.0222,0.0102,0.8561
513,2024-06-07T00:00:00,0.4118,0.0904,0.0077,0.9967
513,2024-06-14T00:00:00,0.8235,0.1485,-0.0025,0.9064
513,2024-06-17T00:00:00,1.0,0.1533,0.001,0.8385
514,2024-08-19T00:00:00,0.0,0.0752,0.0007,0.8639
514,2024-08-26T00:00:00,0.5,0.09,0.0013,0.8299
514,2024-09-02T00:00:00,1.0,0.1676,0.0012,0.9783
515,2024-07-29T00:00:00,0.0,0.0516,-0.0054,0.8401
515,2024-08-05T00:00:00,0.2917,0.0714,-0.0014,0.8716
515,2024-08-12T00:00:00,0.5833,0.1109,-0.003,0.9127
515,2024-08-19T00:00:00,0.875,0.1271,0.0032,0.8845
515,2024-08-22T00:00:00,1.0,0.1749,0.0033,0.9097
516,2024-09-17T00:00:00,0.0,0.0458,-0.0076,0.9707
516,2024-09-24T00:00:00,0.35,0.0714,0.0005,0.9172
516,2024-10-01T00:00:00,0.7,0.1163,0.0068,0.8389
516,2024-10-07T00:00:00,1.0,0.1847,0.0034,0.8877
517,2024-02-07T00:00:00,0.0,0.0453,-0.0111,0.8576
517,2024-02-14T00:00:00,0.3684,0.0798,0.0009,0.963
517,2024-02-21T00:00:00,0.7368,0.1644,0.0014,0.9103
517,2024-02-26T00:00:00,1.0,0.1402,-0.0086,0.8697
518,2024-11-24T00:00:00,0.0,0.0459,0.0049,0.926
518,2024-12-01T00:00:00,0.4118,0.0956,-0.0029,0.8009
518,2024-12-08T00:00:00,0.8235,0.0939,-0.0083,0.8854
518,2024-12-11T00:00:00,1.0,0.1699,0.0048,0.9397
519,2024-10-18T00:00:00,0.0,0.0397,0.0057,0.8534
519,2024-10-25T00:00:00,0.7,0.1371,-0.0084,0.8411
519,2024-10-28T00:00:00,1.0,0.1831,-0.001,0.866
520,2024-08-04T00:00:00,0.0,0.0721,0.0061,0.8783
520,2024-08-11T00:00:00,0.3889,0.0945,0.0007,0.7586
520,2024-08-18T00:00:00,0.7778,0.0999,0.0047,0.8584
520,2024-08-22T00:00:00,1.0,0.1606,0.0013,0.9608
521,2024-05-28T00:00:00,0.0,0.0227,0.002,0.8967
521,2024-06-04T00:00:00,0.3684,0.071,-0.004,0.9114
521,2024-06-11T00:00:00,0.7368,0.1363,0.0003,0.9047
521,2024-06-16T00:00:00,1.0,0.14,-0.0022,0.8604
522,2024-09-25T00:00:00,0.0,0.0396,0.003,0.9353
522,2024-10-02T00:00:00,0.4667,0.0711,-0.0045,0.8645
522,2024-10-09T00:00:00,0.9333,0.1421,-0.0084,0.8561
522,2024-10-10T00:00:00,1.0,0.1223,0.002,0.8985
523,2024-09-29T00:00:00,0.0,0.0407,-0.0053,0.8776
523,2024-10-06T00:00:00,0.2917,0.0679,0.0082,0.9499
523,2024-10-13T00:00:00,0.5833,0.0945,0.0008,0.9472
523,2024-10-20T00:00:00,0.875,0.1237,-0.0071,0.8102
523,2024-10-23T00:00:00,1.0,0.1754,-0.001,0.9146
524,2024-06-01T00:00:00,0.0,0.0385,-0.0063,0.8459
524,2024-06-08T00:00:00,0.3889,0.0621,0.0042,0.9746
524,2024-06-15T00:00:00,0.7778,0.1285,-0.0076,0.9248
524,2024-06-19T00:00:00,1.0,0.1753,0.0049,0.8985
525,2024-07-31T00:00:00,0.0,0.0453,-0.0002,0.9613
525,2024-08-07T00:00:00,0.4667,0.1119,-0.0019,0.8795
525,2024-08-14T00:00:00,0.9333,0.1337,-0.0053,0.9676
525,2024-08-15T00:00:00,1.0,0.1342,0.0025,0.8669
526,2024-05-01T00:00:00,0.0,0.0405,-0.0006,0.9273
526,2024-05-08T00:00:00,0.4118,0.086,-0.0057,0.901
526,2024-05-15T00:00:00,0.8235,0.117,0.0077,0.887
526,2024-05-18T00:00:00,1.0,0.1366,0.0099,0.9369
527,2024-09-24T00:00:00,0.0,0.0321,-0.004,0.9237
527,2024-10-01T00:00:00,0.7,0.1209,0.0045,0.8669
527,2024-10-04T00:00:00,1.0,0.164,-0.0112,0.8923
528,2024-05-28T00:00:00,0.0,0.0377,-0.0023,0.8949
528,2024-06-04T00:00:00,0.3182,0.1046,-0.0058,0.7906
528,2024-06-11T00:00:00,0.6364,0.0929,0.0051,0.8178
528,2024-06-18T00:00:00,0.9545,0.134,0.0042,0.8971
528,2024-06-19T00:00:00,1.0,0.1726,-0.0102,0.8839
529,2024-05-14T00:00:00,0.0,0.0767,-0.0056,0.9517
529,2024-05-21T00:00:00,0.3043,0.0757,0.0022,0.9632
529,2024-05-28T00:00:00,0.6087,0.1195,-0.003,0.9281
529,2024-06-04T00:00:00,0.913,0.1281,0.0014,0.8374
529,2024-06-06T00:00:00,1.0,0.1506,0.0059,0.8851
530,2024-12-10T00:00:00,0.0,0.0719,0.0155,0.8986
530,2024-12-17T00:00:00,0.35,0.0973,0.0024,0.9113
530,2024-12-24T00:00:00,0.7,0.1358,-0.0012,0.8669
530,2024-12-30T00:00:00,1.0,0.1195,-0.0017,0.9451
531,2024-07-31T00:00:00,0.0,0.0312,0.0012,0.8938
531,2024-08-07T00:00:00,0.3182,0.0694,-0.0093,0.9681
531,2024-08-14T00:00:00,0.6364,0.124,0.0133,0.954
531,2024-08-21T00:00:00,0.9545,0.1723,-0.0087,0.8117
531,2024-08-22T00:00:00,1.0,0.1508,-0.0057,0.8659
532,2024-03-28T00:00:00,0.0,0.1005,0.0059,0.8532
532,2024-04-04T00:00:00,0.2917,0.0318,-0.0051,0.8721
532,2024-04-11T00:00:00,0.5833,0.1019,-0.0064,0.9565
532,2024-04-18T00:00:00,0.875,0.1233,0.0032,0.9027
532,2024-04-21T00:00:00,1.0,0.1688,-0.0012,0.8538
533,2024-07-02T00:00:00,0.0,0.038,-0.0029,1.0
533,2024-07-09T00:00:00,0.3182,0.0833,0.0,0.9441
533,2024-07-16T00:00:00,0.6364,0.1136,0.0056,0.8814
533,2024-07-23T00:00:00,0.9545,0.136,-0.0049,0.9925
533,2024-07-24T00:00:00,1.0,0.1486,-0.0059,0.9098
534,2024-01-30T00:00:00,0.0,0.037,-0.0019,0.9155
534,2024-02-06T00:00:00,0.4375,0.1242,0.0005,0.8644
534,2024-02-13T00:00:00,0.875,0.1274,0.0033,0.8021
534,2024-02-15T00:00:00,1.0,0.1291,0.0011,0.8147
535,2024-05-15T00:00:00,0.0,0.0437,-0.0024,0.9439
535,2024-05-22T00:00:00,0.2917,0.0742,0.0059,0.9039
535,2024-05-29T00:00:00,0.5833,0.1439,-0.0069,0.9809
535,2024-06-05T00:00:00,0.875,0.1293,0.0074,0.9593
535,2024-06-08T00:00:00,1.0,0.093,0.0024,0.9499
536,2024-09-17T00:00:00,0.0,0.0766,-0.0059,0.9295
536,2024-09-24T00:00:00,0.3333,0.0872,0.0022,0.9499
536,2024-10-01T00:00:00,0.6667,0.1398,-0.0033,0.9133
536,2024-10-08T00:00:00,1.0,0.1508,-0.0012,0.8928
537,2024-08-11T00:00:00,0.0,0.0539,-0.003,0.9442
537,2024-08-18T00:00:00,0.4118,0.1166,-0.0041,0.9659
537,2024-08-25T00:00:00,0.8235,0.116,0.0045,0.9658
537,2024-08-28T00:00:00,1.0,0.1481,-0.0041,0.8706
538,2024-10-28T00:00:00,0.0,0.0572,0.0098,0.8154
538,2024-11-04T00:00:00,0.3684,0.0888,-0.0004,0.8772
538,2024-11-11T00:00:00,0.7368,0.1221,-0.0027,0.9622
538,2024-11-16T00:00:00,1.0,0.1768,0.0004,0.8929
539,2024-03-26T00:00:00,0.0,0.0401,0.0005,0.9924
539,2024-04-02T00:00:00,0.3182,0.0797,-0.0042,0.8801
539,2024-04-09T00:00:00,0.6364,0.1287,-0.0036,0.8983
539,2024-04-16T00:00:00,0.9545,0.1549,-0.0032,0.8118
539,2024-04-17T00:00:00,1.0,0.1286,-0.0043,0.8886
540,2024-01-14T00:00:00,0.0,0.0509,0.0041,0.8386
540,2024-01-21T00:00:00,0.3043,0.094,-0.0019,0.8107
540,2024-01-28T00:00:00,0.6087,0.1111,0.0066,0.9442
540,2024-02-04T00:00:00,0.913,0.1398,0.0056,0.9096
540,2024-02-06T00:00:00,1.0,0.1696,-0.0083,0.8375
541,2024-01-20T00:00:00,0.0,0.0646,0.0077,0.9209
541,2024-01-27T00:00:00,0.4667,0.0867,-0.0043,0.8842
541,2024-02-03T00:00:00,0.9333,0.1676,-0.0017,0.9524
541,2024-02-04T00:00:00,1.0,0.1631,0.0086,0.91
542,2024-03-10T00:00:00,0.0,0.049,0.0055,0.8532
542,2024-03-17T00:00:00,0.5385,0.095,-0.0084,0.8373
542,2024-03-23T00:00:00,1.0,0.1885,0.0035,0.8315
543,2024-05-11T00:00:00,0.0,0.0739,-0.0035,0.932
543,2024-05-18T00:00:00,0.4375,0.1063,0.0083,0.8731
543,2024-05-25T00:00:00,0.875,0.1227,-0.0134,0.8939
543,2024-05-27T00:00:00,1.0,0.1645,0.0043,0.9626
544,2024-01-24T00:00:00,0.0,0.0558,0.0025,0.9034
544,2024-01-31T00:00:00,0.4375,0.1079,-0.0047,0.8296
544,2024-02-07T00:00:00,0.875,0.1209,0.0011,0.835
544,2024-02-09T00:00:00,1.0,0.1373,-0.003,0.9391
545,2024-08-17T00:00:00,0.0,0.0632,0.0004,0.9226
545,2024-08-24T00:00:00,0.6364,0.1231,-0.0018,0.8729
545,2024-08-28T00:00:00,1.0,0.1807,-0.0124,0.8629
546,2024-07-20T00:00:00,0.0,0.0459,0.0028,0.9568
546,2024-07-27T00:00:00,0.5385,0.141,-0.0005,0.8988
546,2024-08-02T00:00:00,1.0,0.1573,-0.0027,0.8408
547,2024-01-20T00:00:00,0.0,0.0481,0.0037,0.8879
547,2024-01-27T00:00:00,0.4667,0.1049,-0.0093,0.9009
547,2024-02-03T00:00:00,0.9333,0.1353,-0.0064,0.9329
547,2024-02-04T00:00:00,1.0,0.1869,0.0049,0.9527
548,2024-08-08T00:00:00,0.0,0.0642,0.0032,0.81
548,2024-08-15T00:00:00,0.7,0.1174,0.0025,0.9266
548,2024-08-18T00:00:00,1.0,0.1754,-0.0052,0.9304
549,2024-12-01T00:00:00,0.0,0.0287,-0.0011,0.8969
549,2024-12-08T00:00:00,0.6364,0.1309,0.0037,0.906
549,2024-12-12T00:00:00,1.0,0.107,0.0022,0.8866
550,2024-09-10T00:00:00,0.0,0.0778,0.0058,0.8531
550,2024-09-17T00:00:00,0.7,0.1316,0.003,0.9265
550,2024-09-20T00:00:00,1.0,0.158,0.0032,0.9751
551,2024-06-07T00:00:00,0.0,0.039,-0.0045,0.9391
551,2024-06-14T00:00:00,0.875,0.0998,0.0033,0.9238
551,2024-06-15T00:00:00,1.0,0.1031,-0.0032,0.9788
552,2024-05-31T00:00:00,0.0,0.0209,0.0011,0.8498
552,2024-06-07T00:00:00,0.7778,0.1136,0.0096,0.9062
552,2024-06-09T00:00:00,1.0,0.1603,-0.0006,0.8242
553,2024-07-10T00:00:00,0.0,0.0263,0.0059,0.9076
553,2024-07-17T00:00:00,0.7,0.1046,-0.0001,0.9331
553,2024-07-20T00:00:00,1.0,0.1591,-0.0038,0.8212
554,2024-04-22T00:00:00,0.0,0.0419,0.0055,0.9427
554,2024-04-29T00:00:00,0.5385,0.1121,-0.0009,0.8742
554,2024-05-05T00:00:00,1.0,0.147,0.0039,0.9505
555,2024-04-22T00:00:00,0.0,0.0448,0.0127,0.9046
555,2024-04-29T00:00:00,0.7,0.1131,0.0074,0.7981
555,2024-05-02T00:00:00,1.0,0.1596,-0.0004,0.9724
556,2024-10-27T00:00:00,0.0,0.0621,0.0007,0.9331
556,2024-11-03T00:00:00,0.5833,0.0872,0.0048,0.8328
556,2024-11-08T00:00:00,1.0,0.1572,0.0002,0.8118
557,2024-05-27T00:00:00,0.0,0.0514,0.0014,0.8673
557,2024-06-03T00:00:00,0.7,0.0998,0.0025,0.9181
557,2024-06-06T00:00:00,1.0,0.1545,0.0,0.8717
558,2024-03-15T00:00:00,0.0,0.0954,-0.0015,0.8567
558,2024-03-22T00:00:00,0.3889,0.09,-0.0009,0.8839
558,2024-03-29T00:00:00,0.7778,0.1653,-0.0056,0.9019
558,2024-04-02T00:00:00,1.0,0.1287,-0.0027,0.9868
559,2024-03-01T00:00:00,0.0,0.0556,0.0013,0.853
559,2024-03-08T00:00:00,0.6364,0.1051,0.0091,0.925
559,2024-03-12T00:00:00,1.0,0.1432,0.0022,0.9134
560,2024-04-16T00:00:00,0.0,0.0332,-0.0018,1.0
560,2024-04-23T00:00:00,0.3684,0.0947,-0.0078,0.9255
560,2024-04-30T00:00:00,0.7368,0.1497,-0.0045,0.8772
560,2024-05-05T00:00:00,1.0,0.1791,0.0002,0.8929
561,2024-12-02T00:00:00,0.0,0.0233,0.0054,0.8906
561,2024-12-09T00:00:00,0.5833,0.0649,-0.0079,0.8719
561,2024-12-14T00:00:00,1.0,0.1285,-0.0046,1.0
562,2024-02-04T00:00:00,0.0,0.0642,-0.0129,0.8843
562,2024-02-11T00:00:00,0.7778,0.126,-0.0074,0.9267
562,2024-02-13T00:00:00,1.0,0.1092,0.0055,0.9721
563,2024-11-15T00:00:00,0.0,0.0971,-0.0079,0.8315
563,2024-11-22T00:00:00,0.3684,0.1007,0.0059,0.9404
563,2024-11-29T00:00:00,0.7368,0.1453,0.0069,0.9101
563,2024-12-04T00:00:00,1.0,0.1457,-0.0068,0.8851
564,2024-03-14T00:00:00,0.0,0.0471,-0.0047,0.8981
564,2024-03-21T00:00:00,0.6364,0.0924,0.0056,0.9213
564,2024-03-25T00:00:00,1.0,0.1408,0.0009,0.8447
565,2024-03-30T00:00:00,0.0,0.0299,-0.0032,0.8904
565,2024-04-06T00:00:00,0.5833,0.1112,0.0007,0.8341
565,2024-04-11T00:00:00,1.0,0.1484,-0.0041,0.7296
566,2024-05-08T00:00:00,0.0,0.1115,-0.004,0.8628
566,2024-05-15T00:00:00,0.875,0.1106,-0.0053,0.8906
566,2024-05-16T00:00:00,1.0,0.177,-0.001,0.8838
567,2024-10-23T00:00:00,0.0,0.074,-0.0026,0.9011
567,2024-10-30T00:00:00,0.5833,0.0899,0.0084,0.9524
567,2024-11-04T00:00:00,1.0,0.1469,-0.002,0.8984
568,2024-05-31T00:00:00,0.0,0.0472,-0.0077,0.9541
568,2024-06-07T00:00:00,0.7,0.1155,0.0095,0.9211
568,2024-06-10T00:00:00,1.0,0.0996,-0.0064,0.7927
569,2024-04-15T00:00:00,0.0,0.0241,-0.0082,0.9126
569,2024-04-22T00:00:00,0.5,0.0937,0.0037,0.8981
569,2024-04-29T00:00:00,1.0,0.1452,0.01,0.9111
570,2024-06-11T00:00:00,0.0,0.0484,-0.0043,0.8412
570,2024-06-18T00:00:00,0.5385,0.1193,0.0036,0.9786
570,2024-06-24T00:00:00,1.0,0.1596,-0.002,0.9256
571,2024-04-15T00:00:00,0.0,0.0484,0.0043,0.9667
571,2024-04-22T00:00:00,0.5833,0.105,0.0088,0.9594
571,2024-04-27T00:00:00,1.0,0.1504,0.0034,0.9153
572,2024-10-27T00:00:00,0.0,0.0504,0.0096,0.9259
572,2024-11-03T00:00:00,0.4667,0.0798,-0.0051,0.8506
572,2024-11-10T00:00:00,0.9333,0.1531,-0.0017,0.9167
572,2024-11-11T00:00:00,1.0,0.1687,0.0101,0.8841
573,2024-12-03T00:00:00,0.0,0.0218,0.009,0.8271
573,2024-12-10T00:00:00,0.7,0.0901,0.0088,0.9533
573,2024-12-13T00:00:00,1.0,0.1597,-0.0002,0.888
574,2024-06-26T00:00:00,0.0,0.037,-0.0014,0.8976
574,2024-07-03T00:00:00,0.7,0.0925,-0.0041,0.7944
574,2024-07-06T00:00:00,1.0,0.1516,0.0004,0.9889
575,2024-06-08T00:00:00,0.0,0.0575,-0.0028,0.89
575,2024-06-15T00:00:00,0.875,0.1472,0.0011,0.9289
575,2024-06-16T00:00:00,1.0,0.1575,-0.0013,0.8732
576,2024-06-02T00:00:00,0.0,0.0382,-0.0046,0.8459
576,2024-06-09T00:00:00,0.5385,0.1406,0.0006,0.8922
576,2024-06-15T00:00:00,1.0,0.1401,0.0021,0.9602
577,2024-06-13T00:00:00,0.0,0.0645,0.0046,0.8707
577,2024-06-20T00:00:00,0.4667,0.0966,-0.0029,0.9054
577,2024-06-27T00:00:00,0.9333,0.1688,0.0022,0.9813
577,2024-06-28T00:00:00,1.0,0.1442,-0.004,0.9256
578,2024-05-10T00:00:00,0.0,0.0524,0.0016,0.9087
578,2024-05-17T00:00:00,0.6364,0.1039,0.001,0.9487
578,2024-05-21T00:00:00,1.0,0.1715,-0.0024,0.9116
579,2024-12-10T00:00:00,0.0,0.0795,-0.0023,0.8675
579,2024-12-17T00:00:00,1.0,0.1659,0.0031,0.8582
580,2024-06-09T00:00:00,0.0,0.022,0.0011,0.8791
580,2024-06-16T00:00:00,0.4667,0.063,-0.0034,0.9301
580,2024-06-23T00:00:00,0.9333,0.1403,0.0078,0.7956
580,2024-06-24T00:00:00,1.0,0.1768,-0.0017,0.8756
581,2024-11-22T00:00:00,0.0,0.019,0.0023,0.8087
581,2024-11-29T00:00:00,0.4375,0.1101,-0.0076,0.8322
581,2024-12-06T00:00:00,0.875,0.1137,-0.0036,0.9471
581,2024-12-08T00:00:00,1.0,0.1801,-0.0031,0.8977
582,2024-05-31T00:00:00,0.0,0.0598,-0.0016,0.9225
582,2024-06-07T00:00:00,1.0,0.1499,-0.0013,0.829
583,2024-02-12T00:00:00,0.0,0.053,0.0048,0.8611
583,2024-02-19T00:00:00,0.4375,0.0544,-0.0016,0.9755
583,2024-02-26T00:00:00,0.875,0.1617,-0.0029,0.9228
583,2024-02-28T00:00:00,1.0,0.1623,0.0075,0.8225
584,2024-01-17T00:00:00,0.0,0.0286,-0.01,0.8661
584,2024-01-24T00:00:00,1.0,0.1713,-0.0028,0.8346
585,2024-04-07T00:00:00,0.0,0.0545,0.0013,0.8491
585,2024-04-14T00:00:00,0.5833,0.0982,0.0008,0.9373
585,2024-04-19T00:00:00,1.0,0.137,-0.004,0.9956
586,2024-01-22T00:00:00,0.0,0.0445,0.0012,0.9324
586,2024-01-29T00:00:00,0.875,0.1018,-0.0001,0.8177
586,2024-01-30T00:00:00,1.0,0.1474,0.0069,0.8501
587,2024-04-07T00:00:00,0.0,0.0167,0.0094,0.8426
587,2024-04-14T00:00:00,0.4375,0.0638,0.0081,0.8407
587,2024-04-21T00:00:00,0.875,0.1704,0.0014,0.9642
587,2024-04-23T00:00:00,1.0,0.1537,0.0054,0.8541
588,2024-03-26T00:00:00,0.0,0.0377,-0.0106,0.9486
588,2024-04-02T00:00:00,0.5385,0.1122,-0.005,0.8126
588,2024-04-08T00:00:00,1.0,0.1556,0.0084,0.8931
589,2024-10-20T00:00:00,0.0,0.0368,-0.0047,0.9625
589,2024-10-27T00:00:00,0.5,0.0844,-0.0019,0.9521
589,2024-11-03T00:00:00,1.0,0.1627,-0.0017,0.8651
590,2024-11-14T00:00:00,0.0,0.0793,-0.0056,0.8895
590,2024-11-21T00:00:00,0.7778,0.0977,0.0059,0.8763
590,2024-11-23T00:00:00,1.0,0.136,0.0033,0.8287
591,2024-06-02T00:00:00,0.0,0.0627,-0.0018,0.8397
591,2024-06-09T00:00:00,0.7,0.1002,-0.0034,0.8778
591,2024-06-12T00:00:00,1.0,0.126,0.0015,0.8388
592,2024-08-01T00:00:00,0.0,0.0027,0.0096,0.9099
592,2024-08-08T00:00:00,0.7,0.1602,-0.0052,0.924
592,2024-08-11T00:00:00,1.0,0.1679,-0.0009,0.8278
593,2024-03-19T00:00:00,0.0,0.0447,0.0031,0.9294
593,2024-03-26T00:00:00,0.6364,0.1136,0.0045,0.9425
593,2024-03-30T00:00:00,1.0,0.1395,-0.0076,0.9095
594,2024-06-16T00:00:00,0.0,0.0351,0.0007,0.9673
594,2024-06-23T00:00:00,0.4118,0.0999,0.0065,0.8494
594,2024-06-30T00:00:00,0.8235,0.1541,0.0084,0.9032
594,2024-07-03T00:00:00,1.0,0.1964,-0.0043,0.8681
595,2024-09-04T00:00:00,0.0,0.063,0.0003,0.8629
595,2024-09-11T00:00:00,0.875,0.1499,0.0018,0.8707
595,2024-09-12T00:00:00,1.0,0.1538,0.0038,0.8696
596,2024-04-06T00:00:00,0.0,0.0603,-0.0043,0.8663
596,2024-04-13T00:00:00,0.3889,0.1111,0.0031,0.8057
596,2024-04-20T00:00:00,0.7778,0.1203,0.0024,0.9069
596,2024-04-24T00:00:00,1.0,0.1624,0.0006,0.8934
597,2024-06-15T00:00:00,0.0,0.0467,0.0055,0.9347
597,2024-06-22T00:00:00,0.5833,0.1164,0.0004,0.8726
597,2024-06-27T00:00:00,1.0,0.1439,0.0053,0.9485
598,2024-06-26T00:00:00,0.0,0.037,0.0005,0.9249
598,2024-07-03T00:00:00,0.4118,0.0998,0.0021,0.8444
598,2024-07-10T00:00:00,0.8235,0.1089,0.0059,0.9755
598,2024-07-13T00:00:00,1.0,0.1204,-0.0001,0.9407
599,2024-09-23T00:00:00,0.0,0.0059,-0.0054,0.8954
599,2024-09-30T00:00:00,0.7778,0.1158,0.001,0.9735
599,2024-10-02T00:00:00,1.0,0.1329,0.0003,0.8828
600,2024-10-23T00:00:00,0.0,0.0527,0.0,1.0
600,2024-10-30T00:00:00,0.3889,0.1187,-0.0079,0.855
600,2024-11-06T00:00:00,0.7778,0.1122,-0.0062,0.8316
600,2024-11-10T00:00:00,1.0,0.1464,-0.0037,0.8555
601,2024-02-24T00:00:00,0.0,0.0904,-0.0034,0.8778
601,2024-03-02T00:00:00,0.5,0.1148,-0.0022,0.8417
601,2024-03-09T00:00:00,1.0,0.1448,0.01,0.8759
602,2024-11-11T00:00:00,0.0,0.0318,0.0021,0.8847
602,2024-11-18T00:00:00,0.4375,0.1485,-0.0039,0.9867
602,2024-11-25T00:00:00,0.875,0.1608,-0.0019,0.8998
602,2024-11-27T00:00:00,1.0,0.1294,-0.0027,0.8806
603,2024-09-19T00:00:00,0.0,0.0532,-0.0071,0.9156
603,2024-09-26T00:00:00,0.875,0.1346,0.002,0.9274
603,2024-09-27T00:00:00,1.0,0.1455,0.0024,0.8956
604,2024-10-09T00:00:00,0.0,0.0649,0.0016,0.9091
604,2024-10-16T00:00:00,0.7778,0.1257,0.0065,0.9203
604,2024-10-18T00:00:00,1.0,0.1236,-0.0024,0.8886
605,2024-08-07T00:00:00,0.0,0.05,0.0009,0.8528
605,2024-08-14T00:00:00,1.0,0.1486,-0.0016,0.9542
606,2024-04-10T00:00:00,0.0,0.0301,-0.0001,0.8657
606,2024-04-17T00:00:00,0.5,0.1373,0.0063,0.8179
606,2024-04-24T00:00:00,1.0,0.1341,0.0044,0.9229
607,2024-09-02T00:00:00,0.0,0.0585,0.001,0.9476
607,2024-09-09T00:00:00,0.5833,0.124,-0.0015,0.84
607,2024-09-14T00:00:00,1.0,0.1162,-0.0005,0.808
608,2024-10-28T00:00:00,0.0,0.055,-0.0015,0.9972
608,2024-11-04T00:00:00,0.4118,0.098,-0.0001,0.8192
608,2024-11-11T00:00:00,0.8235,0.1071,0.0034,0.8843
608,2024-11-14T00:00:00,1.0,0.2007,-0.0004,0.9084
609,2024-01-21T00:00:00,0.0,0.0237,0.0047,0.8537
609,2024-01-28T00:00:00,0.3684,0.0973,0.0041,0.9048
609,2024-02-04T00:00:00,0.7368,0.1588,-0.0031,0.9838
609,2024-02-09T00:00:00,1.0,0.1246,0.004,0.8929
610,2024-04-11T00:00:00,0.0,0.0358,-0.0083,0.887
610,2024-04-18T00:00:00,0.3889,0.0824,0.0009,0.9362
610,2024-04-25T00:00:00,0.7778,0.1116,0.0088,0.8731
610,2024-04-29T00:00:00,1.0,0.162,0.0005,0.8901
611,2024-11-20T00:00:00,0.0,0.0508,-0.0047,0.8806
611,2024-11-27T00:00:00,0.4118,0.0644,-0.0027,0.8767
611,2024-12-04T00:00:00,0.8235,0.1493,-0.0017,0.8776
611,2024-12-07T00:00:00,1.0,0.1544,0.0009,0.8704
612,2024-10-07T00:00:00,0.0,0.0579,-0.0009,0.8704
612,2024-10-14T00:00:00,0.7,0.1101,0.0047,0.8767
612,2024-10-17T00:00:00,1.0,0.1552,-0.0064,0.9558
613,2024-08-14T00:00:00,0.0,0.0383,0.002,0.8874
613,2024-08-21T00:00:00,0.6364,0.1214,0.0022,0.8928
613,2024-08-25T00:00:00,1.0,0.1127,0.0055,0.893
614,2024-05-13T00:00:00,0.0,0.0574,0.0035,0.8771
614,2024-05-20T00:00:00,0.5833,0.1187,-0.0037,0.9194
614,2024-05-25T00:00:00,1.0,0.1504,-0.0021,0.9023
615,2024-07-31T00:00:00,0.0,0.0289,0.0015,0.9206
615,2024-08-07T00:00:00,0.875,0.1444,0.0075,0.8953
615,2024-08-08T00:00:00,1.0,0.1495,-0.0059,0.9786
616,2024-03-16T00:00:00,0.0,0.02,0.0011,0.8693
616,2024-03-23T00:00:00,0.7778,0.129,-0.0065,0.9446
616,2024-03-25T00:00:00,1.0,0.1309,0.0058,0.8536
617,2024-08-05T00:00:00,0.0,0.0695,-0.0042,0.8693
617,2024-08-12T00:00:00,0.5,0.1,-0.0042,0.8561
617,2024-08-19T00:00:00,1.0,0.1333,0.0016,0.9
618,2024-06-28T00:00:00,0.0,0.0511,-0.0016,0.9274
618,2024-07-05T00:00:00,0.7778,0.1488,0.0029,0.8896
618,2024-07-07T00:00:00,1.0,0.1256,-0.0099,0.8968
619,2024-11-09T00:00:00,0.0,0.0101,-0.001,0.9701
619,2024-11-16T00:00:00,0.875,0.1144,-0.0064,0.9318
619,2024-11-17T00:00:00,1.0,0.0939,0.0019,0.9734
620,2024-09-29T00:00:00,0.0,0.0326,-0.0052,0.9295
620,2024-10-06T00:00:00,0.5833,0.0849,0.0041,0.8455
620,2024-10-11T00:00:00,1.0,0.1854,0.0033,0.9019
621,2024-09-28T00:00:00,0.0,0.0842,0.0052,0.9184
621,2024-10-05T00:00:00,0.7,0.0827,-0.0035,0.9543
621,2024-10-08T00:00:00,1.0,0.124,-0.0038,0.8489
622,2024-09-04T00:00:00,0.0,0.058,0.0048,0.9482
622,2024-09-11T00:00:00,0.5,0.0829,0.0019,0.855
622,2024-09-18T00:00:00,1.0,0.1458,0.0026,0.9531
623,2024-05-27T00:00:00,0.0,0.007,0.0005,0.9704
623,2024-06-03T00:00:00,0.4667,0.1013,0.0004,0.8718
623,2024-06-10T00:00:00,0.9333,0.1709,-0.0026,0.895
623,2024-06-11T00:00:00,1.0,0.1406,0.0005,0.9713
624,2024-12-08T00:00:00,0.0,0.0319,0.0006,0.9196
624,2024-12-15T00:00:00,0.5385,0.0876,-0.0003,0.9926
624,2024-12-21T00:00:00,1.0,0.1146,-0.0021,0.9125
625,2024-10-29T00:00:00,0.0,0.0425,0.0144,0.9274
625,2024-11-05T00:00:00,0.4375,0.0729,-0.0117,0.917
625,2024-11-12T00:00:00,0.875,0.1224,0.0064,0.8863
625,2024-11-14T00:00:00,1.0,0.1386,-0.0029,0.9493
626,2024-04-26T00:00:00,0.0,0.0583,0.0088,0.8892
626,2024-05-03T00:00:00,0.4667,0.1139,0.0044,0.9337
626,2024-05-10T00:00:00,0.9333,0.1331,0.0024,0.8951
626,2024-05-11T00:00:00,1.0,0.1475,-0.004,0.794
627,2024-02-08T00:00:00,0.0,0.075,0.0022,0.8328
627,2024-02-15T00:00:00,0.7,0.1344,0.0063,0.9389
627,2024-02-18T00:00:00,1.0,0.1322,-0.0037,0.8726
628,2024-07-25T00:00:00,0.0,0.0672,0.0024,1.0
628,2024-08-01T00:00:00,0.3684,0.054,-0.0003,0.8036
628,2024-08-08T00:00:00,0.7368,0.1356,0.0053,0.9721
628,2024-08-13T00:00:00,1.0,0.1538,-0.0096,0.8975
629,2024-09-07T00:00:00,0.0,0.0587,-0.005,0.8868
629,2024-09-14T00:00:00,0.5833,0.0828,-0.0031,0.9456
629,2024-09-19T00:00:00,1.0,0.1636,-0.007,0.8648
630,2024-02-15T00:00:00,0.0,0.0511,0.0011,0.8669
630,2024-02-22T00:00:00,0.4118,0.1007,-0.0002,0.7712
630,2024-02-29T00:00:00,0.8235,0.1209,-0.003,0.9339
630,2024-03-03T00:00:00,1.0,0.1639,-0.0084,0.9219
631,2024-07-08T00:00:00,0.0,0.0485,0.0006,0.8693
631,2024-07-15T00:00:00,0.5,0.0988,0.0058,0.9056
631,2024-07-22T00:00:00,1.0,0.1492,-0.0024,0.9526
632,2024-03-24T00:00:00,0.0,0.0244,-0.004,0.8331
632,2024-03-31T00:00:00,0.4118,0.0952,0.0059,0.8836
632,2024-04-07T00:00:00,0.8235,0.111,0.0082,0.9226
632,2024-04-10T00:00:00,1.0,0.1556,-0.001,0.9335
633,2024-09-26T00:00:00,0.0,0.0552,-0.0024,0.8843
633,2024-10-03T00:00:00,0.5,0.0796,-0.0057,0.8852
633,2024-10-10T00:00:00,1.0,0.1731,-0.0052,0.9418
634,2024-03-23T00:00:00,0.0,0.034,-0.0089,0.9273
634,2024-03-30T00:00:00,0.5833,0.1409,-0.0043,0.8215
634,2024-04-04T00:00:00,1.0,0.1591,-0.0046,0.9268
635,2024-10-01T00:00:00,0.0,0.073,0.0017,0.9405
635,2024-10-08T00:00:00,0.4375,0.1101,0.0049,0.9023
635,2024-10-15T00:00:00,0.875,0.1531,0.0008,0.9196
635,2024-10-17T00:00:00,1.0,0.211,0.0012,0.8251
636,2024-07-24T00:00:00,0.0,0.0461,-0.0016,0.8868
636,2024-07-31T00:00:00,0.5385,0.1229,0.0057,0.8947
636,2024-08-06T00:00:00,1.0,0.1222,0.0005,0.8728
637,2024-04-30T00:00:00,0.0,0.0542,-0.0006,0.9608
637,2024-05-07T00:00:00,0.3889,0.0944,-0.0027,0.8307
637,2024-05-14T00:00:00,0.7778,0.1268,-0.0002,0.8869
637,2024-05-18T00:00:00,1.0,0.1655,-0.0069,0.8619
638,2024-04-29T00:00:00,0.0,0.0511,-0.0028,0.8822
638,2024-05-06T00:00:00,0.7,0.1188,0.0034,0.895
638,2024-05-09T00:00:00,1.0,0.1106,-0.003,0.9248
639,2024-10-12T00:00:00,0.0,0.0653,0.0041,0.9551
639,2024-10-19T00:00:00,0.7,0.1224,0.0013,0.8493
639,2024-10-22T00:00:00,1.0,0.1065,-0.0071,0.8649
640,2024-03-29T00:00:00,0.0,0.0228,-0.0015,0.8769
640,2024-04-05T00:00:00,0.7,0.1388,-0.0048,0.907
640,2024-04-08T00:00:00,1.0,0.1416,-0.005,0.8636
641,2024-11-29T00:00:00,0.0,0.009,0.0037,0.9701
641,2024-12-06T00:00:00,0.4667,0.0913,0.0001,0.8852
641,2024-12-13T00:00:00,0.9333,0.1269,0.0035,0.916
641,2024-12-14T00:00:00,1.0,0.0918,-0.0052,0.7973
642,2024-03-08T00:00:00,0.0,0.0811,-0.0009,0.912
642,2024-03-15T00:00:00,0.4118,0.0841,0.0055,0.943
642,2024-03-22T00:00:00,0.8235,0.128,0.0086,0.9093
642,2024-03-25T00:00:00,1.0,0.1208,0.0005,0.9259
643,2024-05-04T00:00:00,0.0,0.0473,-0.0021,0.9882
643,2024-05-11T00:00:00,0.4667,0.0729,-0.0138,0.981
643,2024-05-18T00:00:00,0.9333,0.1188,-0.0014,0.8811
643,2024-05-19T00:00:00,1.0,0.1746,0.0072,0.8354
644,2024-05-06T00:00:00,0.0,0.0771,0.0067,0.901
644,2024-05-13T00:00:00,0.5,0.1187,0.0052,0.8874
644,2024-05-20T00:00:00,1.0,0.1468,0.0029,0.8186
645,2024-03-02T00:00:00,0.0,0.0429,-0.006,0.9712
645,2024-03-09T00:00:00,0.3684,0.0795,0.0014,0.8891
645,2024-03-16T00:00:00,0.7368,0.118,0.0011,0.8635
645,2024-03-21T00:00:00,1.0,0.146,-0.001,0.8788
646,2024-09-11T00:00:00,0.0,0.0578,-0.0022,0.9806
646,2024-09-18T00:00:00,0.875,0.1501,-0.0067,0.9275
646,2024-09-19T00:00:00,1.0,0.1362,0.0007,0.8634
647,2024-06-20T00:00:00,0.0,0.0061,-0.0001,0.8283
647,2024-06-27T00:00:00,0.7,0.1284,0.0009,0.8698
647,2024-06-30T00:00:00,1.0,0.1865,-0.0062,0.8688
648,2024-11-19T00:00:00,0.0,0.0276,0.0102,0.9676
648,2024-11-26T00:00:00,0.4667,0.0682,-0.0041,0.8604
648,2024-12-03T00:00:00,0.9333,0.1323,-0.0052,0.8697
648,2024-12-04T00:00:00,1.0,0.1701,0.0097,0.8228
649,2024-03-05T00:00:00,0.0,0.0292,0.0011,0.821
649,2024-03-12T00:00:00,0.5,0.1048,0.0027,0.935
649,2024-03-19T00:00:00,1.0,0.1602,-0.0027,0.8909
650,2024-11-27T00:00:00,0.0,0.0264,0.0023,0.9802
650,2024-12-04T00:00:00,0.5,0.1092,-0.0035,0.9497
650,2024-12-11T00:00:00,1.0,0.1973,0.0012,0.9277
651,2024-11-03T00:00:00,0.0,0.0636,-0.008,0.8794
651,2024-11-10T00:00:00,0.4375,0.0835,0.0042,0.9359
651,2024-11-17T00:00:00,0.875,0.1351,-0.0029,0.8157
651,2024-11-19T00:00:00,1.0,0.1497,-0.0048,0.8461
652,2024-11-02T00:00:00,0.0,0.0685,0.0041,0.8756
652,2024-11-09T00:00:00,0.6364,0.0823,-0.0041,0.9497
652,2024-11-13T00:00:00,1.0,0.1594,-0.0024,0.9029
653,2024-06-27T00:00:00,0.0,0.0085,-0.0108,0.9989
653,2024-07-04T00:00:00,0.3684,0.097,0.0,0.8802
653,2024-07-11T00:00:00,0.7368,0.0884,0.005,0.8432
653,2024-07-16T00:00:00,1.0,0.1641,0.0007,0.8974
654,2024-01-28T00:00:00,0.0,0.024,-0.0064,0.9195
654,2024-02-04T00:00:00,0.3889,0.0905,0.0002,0.9143
654,2024-02-11T00:00:00,0.7778,0.089,0.0051,0.8822
654,2024-02-15T00:00:00,1.0,0.1734,-0.01,0.9285
655,2024-03-07T00:00:00,0.0,0.0612,-0.0074,0.868
655,2024-03-14T00:00:00,0.3684,0.0657,0.0043,0.9154
655,2024-03-21T00:00:00,0.7368,0.1557,0.001,0.9366
655,2024-03-26T00:00:00,1.0,0.1734,0.0028,0.8808
656,2024-12-12T00:00:00,0.0,0.0386,-0.0004,0.9398
656,2024-12-19T00:00:00,0.875,0.1222,0.0033,0.9161
656,2024-12-20T00:00:00,1.0,0.1249,0.003,0.9071
657,2024-03-27T00:00:00,0.0,0.039,0.0006,0.8744
657,2024-04-03T00:00:00,0.5,0.105,-0.0008,0.8235
657,2024-04-10T00:00:00,1.0,0.1472,-0.0022,0.9318
658,2024-07-28T00:00:00,0.0,0.0676,-0.0025,0.8605
658,2024-08-04T00:00:00,0.4667,0.0631,-0.0041,0.8838
658,2024-08-11T00:00:00,0.9333,0.1165,0.0045,0.9131
658,2024-08-12T00:00:00,1.0,0.1476,-0.0001,0.9153
659,2024-05-15T00:00:00,0.0,0.0627,0.004,0.8845
659,2024-05-22T00:00:00,0.4118,0.0883,0.0009,0.8909
659,2024-05-29T00:00:00,0.8235,0.1498,0.0061,0.9172
659,2024-06-01T00:00:00,1.0,0.1318,0.0025,0.9192
660,2024-04-18T00:00:00,0.0,0.0302,0.0019,0.8728
660,2024-04-25T00:00:00,0.3684,0.1018,0.0025,0.9111
660,2024-05-02T00:00:00,0.7368,0.1245,-0.0107,0.8393
660,2024-05-07T00:00:00,1.0,0.1474,0.0076,0.9282
661,2024-08-24T00:00:00,0.0,0.0863,0.0004,0.8985
661,2024-08-31T00:00:00,0.7778,0.1563,-0.0008,0.8507
661,2024-09-02T00:00:00,1.0,0.1563,0.0056,0.8587
662,2024-07-07T00:00:00,0.0,0.0618,-0.0005,0.9226
662,2024-07-14T00:00:00,0.3684,0.0931,-0.0021,0.8947
662,2024-07-21T00:00:00,0.7368,0.1166,0.0006,0.8577
662,2024-07-26T00:00:00,1.0,0.1379,-0.0021,0.9196
663,2024-07-08T00:00:00,0.0,0.0217,-0.0005,0.8646
663,2024-07-15T00:00:00,1.0,0.1418,-0.0033,0.9097
664,2024-03-30T00:00:00,0.0,0.0469,0.0036,0.9201
664,2024-04-06T00:00:00,1.0,0.1193,-0.0048,0.8913
665,2024-07-10T00:00:00,0.0,0.0491,-0.0044,0.9652
665,2024-07-17T00:00:00,1.0,0.1673,-0.0082,0.9173
666,2024-09-21T00:00:00,0.0,0.0491,0.0062,0.8215
666,2024-09-28T00:00:00,0.4667,0.1379,-0.0042,0.9189
666,2024-10-05T00:00:00,0.9333,0.1312,-0.0019,0.8155
666,2024-10-06T00:00:00,1.0,0.1739,-0.0013,0.8899
667,2024-01-17T00:00:00,0.0,0.0962,0.0048,0.8666
667,2024-01-24T00:00:00,0.4667,0.0845,0.0013,0.9385
667,2024-01-31T00:00:00,0.9333,0.1784,-0.008,0.9364
667,2024-02-01T00:00:00,1.0,0.1678,-0.0039,0.882
668,2024-07-01T00:00:00,0.0,0.0174,-0.0025,0.9116
668,2024-07-08T00:00:00,0.4118,0.1231,0.0084,0.8485
668,2024-07-15T00:00:00,0.8235,0.1615,-0.0097,0.8708
668,2024-07-18T00:00:00,1.0,0.144,0.0013,0.9053
669,2024-05-26T00:00:00,0.0,0.0573,-0.0009,0.948
669,2024-06-02T00:00:00,0.4118,0.105,-0.0014,0.9421
669,2024-06-09T00:00:00,0.8235,0.1737,-0.0034,0.9838
669,2024-06-12T00:00:00,1.0,0.1383,0.0071,0.8727
670,2024-01-19T00:00:00,0.0,0.0653,0.0009,0.8107
670,2024-01-26T00:00:00,0.3889,0.1272,-0.0045,0.8365
670,2024-02-02T00:00:00,0.7778,0.115,0.0127,0.8373
670,2024-02-06T00:00:00,1.0,0.1536,-0.0056,0.8524
671,2024-04-18T00:00:00,0.0,0.018,0.0016,0.8919
671,2024-04-25T00:00:00,0.3684,0.0642,0.0044,0.9489
671,2024-05-02T00:00:00,0.7368,0.1318,0.0059,0.8825
671,2024-05-07T00:00:00,1.0,0.1564,-0.0017,0.8246
672,2024-04-12T00:00:00,0.0,0.0544,0.0008,0.8985
672,2024-04-19T00:00:00,0.4375,0.1012,0.0071,0.8898
672,2024-04-26T00:00:00,0.875,0.1184,-0.0012,0.8932
672,2024-04-28T00:00:00,1.0,0.1697,0.0005,0.8426
673,2024-12-12T00:00:00,0.0,0.0661,0.0032,0.9054
673,2024-12-19T00:00:00,0.4667,0.1156,0.0056,0.8811
673,2024-12-26T00:00:00,0.9333,0.1253,-0.0001,0.9268
673,2024-12-27T00:00:00,1.0,0.1479,-0.0049,0.9081
674,2024-08-02T00:00:00,0.0,0.0093,-0.0016,0.9426
674,2024-08-09T00:00:00,0.3684,0.105,-0.0188,0.8904
674,2024-08-16T00:00:00,0.7368,0.1357,-0.0059,0.8814
674,2024-08-21T00:00:00,1.0,0.1742,-0.0024,0.9799
675,2024-11-19T00:00:00,0.0,0.0352,0.007,0.9017
675,2024-11-26T00:00:00,0.875,0.1199,0.0071,0.8397
675,2024-11-27T00:00:00,1.0,0.1341,0.0024,0.904
676,2024-03-22T00:00:00,0.0,0.0555,-0.0018,0.84
676,2024-03-29T00:00:00,0.7,0.107,0.0066,0.8332
676,2024-04-01T00:00:00,1.0,0.1829,0.0016,0.8702
677,2024-03-24T00:00:00,0.0,0.01,-0.0094,0.8822
677,2024-03-31T00:00:00,0.3889,0.0793,0.0006,0.986
677,2024-04-07T00:00:00,0.7778,0.1385,-0.0006,0.9608
677,2024-04-11T00:00:00,1.0,0.153,0.008,0.8664
678,2024-08-30T00:00:00,0.0,0.027,-0.01,0.8947
678,2024-09-06T00:00:00,0.4375,0.0691,-0.0062,0.9517
678,2024-09-13T00:00:00,0.875,0.1031,0.0005,0.8958
678,2024-09-15T00:00:00,1.0,0.1518,0.0069,0.8587
679,2024-10-11T00:00:00,0.0,0.0777,-0.0088,0.9325
679,2024-10-18T00:00:00,0.875,0.167,-0.0203,0.8982
679,2024-10-19T00:00:00,1.0,0.1477,0.0004,0.9856
680,2024-09-22T00:00:00,0.0,0.0347,-0.0059,0.904
680,2024-09-29T00:00:00,0.4118,0.1137,0.0028,0.9017
680,2024-10-06T00:00:00,0.8235,0.1278,-0.01,0.9293
680,2024-10-09T00:00:00,1.0,0.1641,-0.0035,0.8768
681,2024-07-19T00:00:00,0.0,0.029,0.0043,0.8817
681,2024-07-26T00:00:00,0.5833,0.1053,0.0031,0.9163
681,2024-07-31T00:00:00,1.0,0.1613,0.0009,0.9099
682,2024-03-24T00:00:00,0.0,0.0538,0.0023,0.9251
682,2024-03-31T00:00:00,0.7778,0.1033,-0.003,0.8898
682,2024-04-02T00:00:00,1.0,0.159,0.008,0.8593
683,2024-06-14T00:00:00,0.0,0.0676,-0.0028,0.9685
683,2024-06-21T00:00:00,0.3684,0.1251,-0.0087,0.8837
683,2024-06-28T00:00:00,0.7368,0.0767,-0.0084,0.8186
683,2024-07-03T00:00:00,1.0,0.1625,0.0022,0.9401
684,2024-09-24T00:00:00,0.0,0.0622,0.0024,0.9056
684,2024-10-01T00:00:00,1.0,0.1474,0.0051,0.9006
685,2024-07-31T00:00:00,0.0,0.0605,-0.0117,0.8412
685,2024-08-07T00:00:00,0.3684,0.1064,-0.0033,0.8302
685,2024-08-14T00:00:00,0.7368,0.1365,0.0,0.8797
685,2024-08-19T00:00:00,1.0,0.1802,0.0067,0.8906
686,2024-10-05T00:00:00,0.0,0.0644,-0.0112,0.9547
686,2024-10-12T00:00:00,0.4667,0.0749,-0.0073,0.8107
686,2024-10-19T00:00:00,0.9333,0.1061,0.0054,0.9316
686,2024-10-20T00:00:00,1.0,0.1347,0.0043,0.8703
687,2024-10-03T00:00:00,0.0,0.0565,-0.0024,0.894
687,2024-10-10T00:00:00,0.3889,0.0707,-0.0038,0.9272
687,2024-10-17T00:00:00,0.7778,0.1419,-0.0021,0.8237
687,2024-10-21T00:00:00,1.0,0.1994,0.0002,0.9156
688,2024-03-13T00:00:00,0.0,0.0248,0.0061,0.9684
688,2024-03-20T00:00:00,0.7778,0.0936,-0.0005,0.891
688,2024-03-22T00:00:00,1.0,0.1978,0.0072,0.8275
689,2024-10-14T00:00:00,0.0,0.0354,-0.0045,0.9186
689,2024-10-21T00:00:00,0.3889,0.1203,0.0005,0.9251
689,2024-10-28T00:00:00,0.7778,0.1145,0.0025,0.8764
689,2024-11-01T00:00:00,1.0,0.1172,0.0022,0.8995
690,2024-11-30T00:00:00,0.0,0.0281,0.0082,0.8617
690,2024-12-07T00:00:00,0.3889,0.1011,-0.0018,0.9772
690,2024-12-14T00:00:00,0.7778,0.123,-0.0084,0.9405
690,2024-12-18T00:00:00,1.0,0.1808,-0.0021,0.9339
691,2024-02-17T00:00:00,0.0,0.0526,-0.0019,0.942
691,2024-02-24T00:00:00,0.4118,0.0752,0.0002,0.9129
691,2024-03-02T00:00:00,0.8235,0.1368,-0.0039,1.0
691,2024-03-05T00:00:00,1.0,0.1752,0.005,0.9717
692,2024-06-15T00:00:00,0.0,0.0514,-0.0019,0.8455
692,2024-06-22T00:00:00,0.7,0.1059,-0.0051,0.8736
692,2024-06-25T00:00:00,1.0,0.1555,0.0046,0.9443
693,2024-01-07T00:00:00,0.0,0.0266,0.0034,0.9572
693,2024-01-14T00:00:00,0.6364,0.1086,0.006,0.9438
693,2024-01-18T00:00:00,1.0,0.1247,0.011,0.8642
694,2024-07-11T00:00:00,0.0,0.0691,0.0046,0.8388
694,2024-07-18T00:00:00,1.0,0.1536,0.0045,0.8383
695,2024-07-20T00:00:00,0.0,0.052,0.005,0.9529
695,2024-07-27T00:00:00,0.3684,0.0789,0.0077,0.9653
695,2024-08-03T00:00:00,0.7368,0.1285,-0.0033,0.8417
695,2024-08-08T00:00:00,1.0,0.1576,0.0073,0.8926
696,2024-05-05T00:00:00,0.0,0.0328,0.0041,0.9087
696,2024-05-12T00:00:00,0.7778,0.1381,-0.0026,0.8815
696,2024-05-14T00:00:00,1.0,0.1394,0.0025,0.883
697,2024-03-04T00:00:00,0.0,0.0618,-0.0031,0.9249
697,2024-03-11T00:00:00,0.5833,0.1224,0.0017,0.9459
697,2024-03-16T00:00:00,1.0,0.1404,0.0035,0.9117
698,2024-07-22T00:00:00,0.0,0.0338,-0.0095,0.8153
698,2024-07-29T00:00:00,0.7,0.0758,0.0021,0.8838
698,2024-08-01T00:00:00,1.0,0.1517,-0.0009,0.9291
699,2024-04-22T00:00:00,0.0,0.0622,0.0002,0.9052
699,2024-04-29T00:00:00,0.7,0.1229,0.007,0.7998
699,2024-05-02T00:00:00,1.0,0.1366,0.0043,0.9554
700,2024-12-09T00:00:00,0.0,0.0585,-0.0009,0.9931
700,2024-12-16T00:00:00,0.5,0.1036,0.0002,0.9666
700,2024-12-23T00:00:00,1.0,0.1595,0.0047,0.9528
701,2024-09-16T00:00:00,0.0,0.0426,0.0088,0.7769
701,2024-09-23T00:00:00,0.3684,0.0472,-0.0034,0.8788
701,2024-09-30T00:00:00,0.7368,0.1309,-0.0034,0.8994
701,2024-10-05T00:00:00,1.0,0.1459,0.01,0.8598
702,2024-08-21T00:00:00,0.0,0.0163,0.0056,0.8643
702,2024-08-28T00:00:00,0.4118,0.0893,-0.0032,0.9369
702,2024-09-04T00:00:00,0.8235,0.1049,-0.014,0.9648
702,2024-09-07T00:00:00,1.0,0.1549,0.0054,0.9631
703,2024-05-04T00:00:00,0.0,0.0317,0.0003,0.9253
703,2024-05-11T00:00:00,0.4118,0.089,-0.0016,0.8893
703,2024-05-18T00:00:00,0.8235,0.154,-0.0013,0.93
703,2024-05-21T00:00:00,1.0,0.1569,-0.0048,0.9151
704,2024-05-01T00:00:00,0.0,0.0192,0.002,0.9446
704,2024-05-08T00:00:00,0.4375,0.1162,-0.0048,0.8732
704,2024-05-15T00:00:00,0.875,0.1432,-0.0024,0.8036
704,2024-05-17T00:00:00,1.0,0.1392,0.0014,0.9534
705,2024-02-04T00:00:00,0.0,0.0838,0.0006,0.9283
705,2024-02-11T00:00:00,0.3889,0.1081,-0.0103,0.849
705,2024-02-18T00:00:00,0.7778,0.1298,0.0078,0.9315
705,2024-02-22T00:00:00,1.0,0.1566,-0.0011,0.9213
706,2024-07-19T00:00:00,0.0,0.0381,-0.0039,0.8654
706,2024-07-26T00:00:00,0.875,0.1643,-0.0042,0.8801
706,2024-07-27T00:00:00,1.0,0.1594,-0.0044,0.9113
707,2024-08-11T00:00:00,0.0,0.0545,-0.0031,0.8871
707,2024-08-18T00:00:00,0.3684,0.068,0.0069,0.9129
707,2024-08-25T00:00:00,0.7368,0.1027,0.0006,0.9086
707,2024-08-30T00:00:00,1.0,0.1051,0.0067,0.8505
708,2024-06-13T00:00:00,0.0,0.0918,0.004,0.8437
708,2024-06-20T00:00:00,0.6364,0.1074,0.0046,0.8881
708,2024-06-24T00:00:00,1.0,0.1736,-0.0019,0.8961
709,2024-12-07T00:00:00,0.0,0.069,0.003,0.8537
709,2024-12-14T00:00:00,0.875,0.1462,0.0008,0.8544
709,2024-12-15T00:00:00,1.0,0.1222,-0.0097,0.8853
710,2024-02-11T00:00:00,0.0,0.0489,0.0025,0.941
710,2024-02-18T00:00:00,0.7778,0.1195,-0.0004,0.8621
710,2024-02-20T00:00:00,1.0,0.1517,0.0048,0.9051
711,2024-12-06T00:00:00,0.0,0.0733,0.0048,0.9729
711,2024-12-13T00:00:00,1.0,0.1526,-0.0027,0.9311
712,2024-11-19T00:00:00,0.0,0.0425,0.0029,0.8669
712,2024-11-26T00:00:00,0.4118,0.0746,0.0061,0.8494
712,2024-12-03T00:00:00,0.8235,0.1528,0.0029,0.9047
712,2024-12-06T00:00:00,1.0,0.1121,0.0074,0.8533
713,2024-05-04T00:00:00,0.0,0.0691,-0.0035,0.8614
713,2024-05-11T00:00:00,0.5,0.1134,0.0027,0.8427
713,2024-05-18T00:00:00,1.0,0.1787,-0.001,0.9034
714,2024-09-29T00:00:00,0.0,0.0441,-0.0055,0.9368
714,2024-10-06T00:00:00,0.7,0.1258,-0.004,0.9472
714,2024-10-09T00:00:00,1.0,0.1511,0.0004,0.9888
715,2024-09-05T00:00:00,0.0,0.0178,-0.0081,0.8302
715,2024-09-12T00:00:00,0.5833,0.1156,-0.0018,0.886
715,2024-09-17T00:00:00,1.0,0.1312,0.0083,1.0
716,2024-12-06T00:00:00,0.0,0.068,-0.0075,0.8757
716,2024-12-13T00:00:00,0.5385,0.1204,-0.0002,0.9451
716,2024-12-19T00:00:00,1.0,0.175,0.0095,0.8673
717,2024-06-12T00:00:00,0.0,0.0516,-0.0022,0.8
717,2024-06-19T00:00:00,0.6364,0.1277,0.0028,0.8727
717,2024-06-23T00:00:00,1.0,0.118,-0.0019,0.9366
718,2024-04-26T00:00:00,0.0,0.0767,-0.0036,0.9554
718,2024-05-03T00:00:00,0.4118,0.1036,0.0021,0.8353
718,2024-05-10T00:00:00,0.8235,0.1074,-0.0042,0.8837
718,2024-05-13T00:00:00,1.0,0.186,-0.0033,0.9386
719,2024-09-02T00:00:00,0.0,0.0407,0.0024,0.8969
719,2024-09-09T00:00:00,0.3889,0.0924,0.0018,0.8875
719,2024-09-16T00:00:00,0.7778,0.1353,0.0062,0.8623
719,2024-09-20T00:00:00,1.0,0.1737,-0.0013,0.8815
720,2024-01-05T00:00:00,0.0,0.064,-0.0017,0.916
720,2024-01-12T00:00:00,0.5385,0.1084,-0.0104,0.9209
720,2024-01-18T00:00:00,1.0,0.1212,-0.0068,0.9183
721,2024-02-15T00:00:00,0.0,0.0607,0.006,0.8455
721,2024-02-22T00:00:00,0.4667,0.0818,0.0023,0.9612
721,2024-02-29T00:00:00,0.9333,0.1472,-0.0044,0.9753
721,2024-03-01T00:00:00,1.0,0.1448,-0.0012,0.8282
722,2024-05-26T00:00:00,0.0,0.0645,0.0043,0.8647
722,2024-06-02T00:00:00,0.7778,0.1628,-0.0029,0.9313
722,2024-06-04T00:00:00,1.0,0.1545,-0.0101,0.9272
723,2024-07-01T00:00:00,0.0,0.0591,-0.0088,0.9763
723,2024-07-08T00:00:00,0.5833,0.1175,0.0062,0.8142
723,2024-07-13T00:00:00,1.0,0.1418,0.0059,0.8216
724,2024-08-03T00:00:00,0.0,0.0424,0.002,0.8053
724,2024-08-10T00:00:00,0.4118,0.0647,0.0069,0.903
724,2024-08-17T00:00:00,0.8235,0.1559,0.0009,1.0
724,2024-08-20T00:00:00,1.0,0.1588,0.0063,0.8877
725,2024-06-27T00:00:00,0.0,0.0542,0.0032,0.9404
725,2024-07-04T00:00:00,0.875,0.1367,0.0,0.9251
725,2024-07-05T00:00:00,1.0,0.16,-0.0051,0.9112
726,2024-06-23T00:00:00,0.0,0.0564,-0.0049,0.9453
726,2024-06-30T00:00:00,0.7778,0.136,0.0117,0.8987
726,2024-07-02T00:00:00,1.0,0.1727,0.0027,0.9961
727,2024-06-11T00:00:00,0.0,0.0306,-0.0025,0.8532
727,2024-06-18T00:00:00,0.3684,0.0853,-0.0056,0.8237
727,2024-06-25T00:00:00,0.7368,0.081,-0.011,0.9328
727,2024-06-30T00:00:00,1.0,0.1409,-0.0062,0.867
728,2024-12-02T00:00:00,0.0,0.0394,-0.0048,0.9803
728,2024-12-09T00:00:00,0.7,0.1483,0.0079,0.909
728,2024-12-12T00:00:00,1.0,0.1556,-0.0033,0.8576
729,2024-05-26T00:00:00,0.0,0.0504,0.0033,0.9598
729,2024-06-02T00:00:00,0.5,0.0891,-0.0063,0.9367
729,2024-06-09T00:00:00,1.0,0.1136,-0.0002,0.9045
730,2024-11-20T00:00:00,0.0,0.0424,-0.0077,0.8817
730,2024-11-27T00:00:00,0.4118,0.124,0.003,0.9581
730,2024-12-04T00:00:00,0.8235,0.108,0.0013,0.9044
730,2024-12-07T00:00:00,1.0,0.1522,0.0028,0.9074
731,2024-01-22T00:00:00,0.0,0.0262,0.0031,0.942
731,2024-01-29T00:00:00,0.875,0.1639,0.0068,0.9238
731,2024-01-30T00:00:00,1.0,0.1271,-0.0076,0.8886
732,2024-02-23T00:00:00,0.0,0.0684,0.0043,0.9137
732,2024-03-01T00:00:00,0.7778,0.127,0.0095,0.9287
732,2024-03-03T00:00:00,1.0,0.1483,-0.0032,0.8496
733,2024-07-12T00:00:00,0.0,0.0279,-0.005,0.914
733,2024-07-19T00:00:00,0.3889,0.0885,-0.0016,0.9368
733,2024-07-26T00:00:00,0.7778,0.164,-0.0041,0.8663
733,2024-07-30T00:00:00,1.0,0.1057,-0.0001,0.8936
734,2024-10-12T00:00:00,0.0,0.0679,-0.0004,0.8706
734,2024-10-19T00:00:00,0.5,0.1039,0.0028,0.8191
734,2024-10-26T00:00:00,1.0,0.1701,0.0065,0.9274
735,2024-09-20T00:00:00,0.0,0.0313,-0.0016,0.9591
735,2024-09-27T00:00:00,0.875,0.1179,0.0031,0.8975
735,2024-09-28T00:00:00,1.0,0.1532,-0.0042,0.9165
736,2024-01-30T00:00:00,0.0,0.0552,-0.0075,0.8998
736,2024-02-06T00:00:00,0.5385,0.1161,-0.0019,0.7776
736,2024-02-12T00:00:00,1.0,0.1477,0.0073,0.8828
737,2024-01-25T00:00:00,0.0,0.0786,-0.0041,0.842
737,2024-02-01T00:00:00,0.7,0.1199,-0.0041,0.9165
737,2024-02-04T00:00:00,1.0,0.1425,0.0074,0.8779
738,2024-05-20T00:00:00,0.0,0.0518,0.003,0.9478
738,2024-05-27T00:00:00,0.6364,0.1432,-0.0012,0.88
738,2024-05-31T00:00:00,1.0,0.1117,0.0102,0.918
739,2024-05-07T00:00:00,0.0,0.065,0.0028,0.9025
739,2024-05-14T00:00:00,0.3889,0.0959,-0.0028,0.8849
739,2024-05-21T00:00:00,0.7778,0.1088,0.0078,0.9281
739,2024-05-25T00:00:00,1.0,0.1895,0.0115,0.8298
740,2024-07-12T00:00:00,0.0,0.0697,-0.0068,0.9089
740,2024-07-19T00:00:00,0.7778,0.1341,-0.0064,0.8631
740,2024-07-21T00:00:00,1.0,0.1572,0.0009,0.8491
741,2024-10-16T00:00:00,0.0,0.036,-0.0075,0.8399
741,2024-10-23T00:00:00,0.4667,0.0892,0.0049,0.9557
741,2024-10-30T00:00:00,0.9333,0.18,0.0021,0.9094
741,2024-10-31T00:00:00,1.0,0.1599,0.0024,0.8192
742,2024-03-15T00:00:00,0.0,0.0878,-0.0097,0.9574
742,2024-03-22T00:00:00,0.5833,0.1095,-0.0054,0.9266
742,2024-03-27T00:00:00,1.0,0.1476,-0.0034,0.8309
743,2024-06-21T00:00:00,0.0,0.0207,-0.0031,0.8807
743,2024-06-28T00:00:00,0.3889,0.0647,0.0002,0.8466
743,2024-07-05T00:00:00,0.7778,0.135,0.0062,0.9145
743,2024-07-09T00:00:00,1.0,0.1481,-0.0027,0.9723
744,2024-03-23T00:00:00,0.0,0.0461,0.0125,0.8408
744,2024-03-30T00:00:00,0.3684,0.0926,0.0071,0.8655
744,2024-04-06T00:00:00,0.7368,0.119,0.0031,0.9194
744,2024-04-11T00:00:00,1.0,0.1612,0.0058,0.8827
745,2024-05-24T00:00:00,0.0,0.0787,-0.0086,0.9539
745,2024-05-31T00:00:00,0.875,0.1604,-0.0039,0.8275
745,2024-06-01T00:00:00,1.0,0.1454,0.002,0.8832
746,2024-05-23T00:00:00,0.0,0.06,0.0097,0.8318
746,2024-05-30T00:00:00,0.3889,0.0498,-0.0003,0.866
746,2024-06-06T00:00:00,0.7778,0.1182,0.0063,0.894
746,2024-06-10T00:00:00,1.0,0.1494,-0.0022,0.8981
747,2024-01-13T00:00:00,0.0,0.0554,0.0139,0.914
747,2024-01-20T00:00:00,0.4375,0.117,0.0009,0.7986
747,2024-01-27T00:00:00,0.875,0.1262,0.0014,0.9362
747,2024-01-29T00:00:00,1.0,0.1542,0.0046,0.827
748,2024-08-02T00:00:00,0.0,0.051,0.0066,0.8514
748,2024-08-09T00:00:00,0.7778,0.1502,0.0053,0.8381
748,2024-08-11T00:00:00,1.0,0.1568,0.0008,0.8912
749,2024-01-27T00:00:00,0.0,0.0195,-0.0013,0.8922
749,2024-02-03T00:00:00,0.5385,0.0699,-0.0065,0.8537
749,2024-02-09T00:00:00,1.0,0.129,0.0016,0.9456
750,2024-11-16T00:00:00,0.0,0.0438,0.0038,0.9476
750,2024-11-23T00:00:00,0.5385,0.1021,0.002,0.8888
750,2024-11-29T00:00:00,1.0,0.1275,-0.0037,0.9163
751,2024-09-25T00:00:00,0.0,0.0476,0.0037,0.8057
751,2024-10-02T00:00:00,0.6364,0.0807,-0.0076,0.9083
751,2024-10-06T00:00:00,1.0,0.1224,0.0016,0.9377
752,2024-11-08T00:00:00,0.0,0.0803,0.007,0.8652
752,2024-11-15T00:00:00,0.7778,0.0944,-0.0032,0.9488
752,2024-11-17T00:00:00,1.0,0.1422,-0.0001,0.8721
753,2024-07-01T00:00:00,0.0,0.0816,-0.0051,0.9033
753,2024-07-08T00:00:00,1.0,0.1722,0.0092,0.8653
754,2024-02-21T00:00:00,0.0,0.0692,-0.0032,0.9689
754,2024-02-28T00:00:00,0.5833,0.1429,-0.0044,0.9327
754,2024-03-04T00:00:00,1.0,0.1723,-0.0015,0.9274
755,2024-02-22T00:00:00,0.0,0.062,0.01,0.8014
755,2024-02-29T00:00:00,0.875,0.1364,-0.0063,0.9007
755,2024-03-01T00:00:00,1.0,0.1343,-0.0013,0.8563
756,2024-07-23T00:00:00,0.0,0.0531,0.0054,0.8814
756,2024-07-30T00:00:00,0.7,0.1486,0.0052,1.0
756,2024-08-02T00:00:00,1.0,0.1582,-0.0003,0.8207
757,2024-01-12T00:00:00,0.0,0.0344,-0.001,0.8955
757,2024-01-19T00:00:00,0.875,0.1845,-0.001,0.8116
757,2024-01-20T00:00:00,1.0,0.1633,0.003,0.8771
758,2024-05-06T00:00:00,0.0,0.0926,-0.0095,0.9625
758,2024-05-13T00:00:00,0.5,0.0942,-0.0048,1.0
758,2024-05-20T00:00:00,1.0,0.1647,-0.0015,0.8841
759,2024-03-19T00:00:00,0.0,0.0555,-0.0023,0.965
759,2024-03-26T00:00:00,1.0,0.1518,0.0051,0.9104
760,2024-06-02T00:00:00,0.0,0.0674,0.0067,0.984
760,2024-06-09T00:00:00,0.3684,0.0967,-0.0043,0.8914
760,2024-06-16T00:00:00,0.7368,0.1232,-0.0029,0.863
760,2024-06-21T00:00:00,1.0,0.1535,-0.0049,0.8411
761,2024-12-08T00:00:00,0.0,0.0161,0.0024,0.9171
761,2024-12-15T00:00:00,1.0,0.1435,0.005,0.8501
762,2024-11-20T00:00:00,0.0,0.0576,0.0003,0.863
762,2024-11-27T00:00:00,0.4667,0.0868,-0.0028,0.9126
762,2024-12-04T00:00:00,0.9333,0.1552,-0.0021,0.8644
762,2024-12-05T00:00:00,1.0,0.1527,-0.0083,0.9017
763,2024-06-04T00:00:00,0.0,0.0812,-0.0035,0.8912
763,2024-06-11T00:00:00,0.3684,0.1073,0.0038,0.9031
763,2024-06-18T00:00:00,0.7368,0.1225,-0.0062,0.9246
763,2024-06-23T00:00:00,1.0,0.1231,-0.0103,0.9504
764,2024-05-26T00:00:00,0.0,0.0577,0.0044,0.8632
764,2024-06-02T00:00:00,0.4118,0.1005,-0.0022,0.8836
764,2024-06-09T00:00:00,0.8235,0.1518,-0.0007,0.8652
764,2024-06-12T00:00:00,1.0,0.1227,0.0018,0.953
